post_id,subreddit,date,month,year,title,flair,score,num_comments,url,topic
1l0trj6,Warhammer40k,2025-06-01,2025-06,2025,I gave my Wife a power klaw for a wedding present…,Hobby &amp; Painting,35180,557,https://reddit.com/r/Warhammer40k/comments/1l0trj6/i_gave_my_wife_a_power_klaw_for_a_wedding_present/,Hobby & Painting
1kkrb4v,Warhammer40k,2025-05-12,2025-05,2025,"A build I started 20+ years ago, finished the guy 2/3 weeks ago.",Hobby &amp; Painting,22709,1649,https://reddit.com/r/Warhammer40k/comments/1kkrb4v/a_build_i_started_20_years_ago_finished_the_guy/,Hobby & Painting
1k1ff5c,Warhammer40k,2025-04-17,2025-04,2025,My full King of the Hill so far,Hobby &amp; Painting,19205,579,https://reddit.com/r/Warhammer40k/comments/1k1ff5c/my_full_king_of_the_hill_so_far/,Hobby & Painting
1pcb2ij,Warhammer40k,2025-12-02,2025-12,2025,Half of a 3D Printed Horus,"Art, Cosplay &amp; OC",17171,1021,https://reddit.com/r/Warhammer40k/comments/1pcb2ij/half_of_a_3d_printed_horus/,Hobby & Painting
1mas6n1,Warhammer40k,2025-07-27,2025-07,2025,New colors for my Tyranids,Hobby &amp; Painting,15637,950,https://reddit.com/r/Warhammer40k/comments/1mas6n1/new_colors_for_my_tyranids/,Hobby & Painting
1pkhip7,Warhammer40k,2025-12-12,2025-12,2025,Total War: Warhammer 40K Announced,Video Games,15173,1049,https://reddit.com/r/Warhammer40k/comments/1pkhip7/total_war_warhammer_40k_announced/,Video Games & Digital
1pv99or,Warhammer40k,2025-12-25,2025-12,2025,Sister of Repentia cosplay by me,"Art, Cosplay &amp; OC",14413,596,https://reddit.com/r/Warhammer40k/comments/1pv99or/sister_of_repentia_cosplay_by_me/,General Discussion
1r86x2l,Warhammer40k,2026-02-18,2026-02,2026,Horus and his Worldbreaker Mace,"Art, Cosplay &amp; OC",14092,631,https://reddit.com/r/Warhammer40k/comments/1r86x2l/horus_and_his_worldbreaker_mace/,General Discussion
1n9mwd3,Warhammer40k,2025-09-06,2025-09,2025,Slaved Apache storm talon chain gun to pilots head,Hobby &amp; Painting,13302,227,https://reddit.com/r/Warhammer40k/comments/1n9mwd3/slaved_apache_storm_talon_chain_gun_to_pilots_head/,Hobby & Painting
1pla0av,Warhammer40k,2025-12-13,2025-12,2025,Imperial Guard forces pushing into urban ruins,Hobby &amp; Painting,13218,321,https://reddit.com/r/Warhammer40k/comments/1pla0av/imperial_guard_forces_pushing_into_urban_ruins/,Hobby & Painting
1lob73u,Warhammer40k,2025-06-30,2025-06,2025,Space Wolf Cosplay,"Art, Cosplay &amp; OC",12259,384,https://reddit.com/r/Warhammer40k/comments/1lob73u/space_wolf_cosplay/,General Discussion
1po64gq,Warhammer40k,2025-12-16,2025-12,2025,A Fully 3D Printed Ultramarine,"Art, Cosplay &amp; OC",12031,664,https://reddit.com/r/Warhammer40k/comments/1po64gq/a_fully_3d_printed_ultramarine/,Hobby & Painting
1loazrj,Warhammer40k,2025-06-30,2025-06,2025,I made a life size 3D printed Space Marine.,"Art, Cosplay &amp; OC",11911,588,https://reddit.com/r/Warhammer40k/comments/1loazrj/i_made_a_life_size_3d_printed_space_marine/,Hobby & Painting
1po60w2,Warhammer40k,2025-12-16,2025-12,2025,Cadian Cosplay,"Art, Cosplay &amp; OC",11820,346,https://reddit.com/r/Warhammer40k/comments/1po60w2/cadian_cosplay/,General Discussion
1ncfw95,Warhammer40k,2025-09-09,2025-09,2025,Worthy Attempt?,Hobby &amp; Painting,11721,328,https://reddit.com/r/Warhammer40k/comments/1ncfw95/worthy_attempt/,Hobby & Painting
1mlvtk6,Warhammer40k,2025-08-09,2025-08,2025,Sister of Battle cosplay,"Art, Cosplay &amp; OC",11265,231,https://reddit.com/r/Warhammer40k/comments/1mlvtk6/sister_of_battle_cosplay/,General Discussion
1l3yhmc,Warhammer40k,2025-06-05,2025-06,2025,i painted necron miku,Hobby &amp; Painting,11157,133,https://reddit.com/r/Warhammer40k/comments/1l3yhmc/i_painted_necron_miku/,Hobby & Painting
1ootk0x,Warhammer40k,2025-11-05,2025-11,2025,Keeping up the freehand practice with my Bladeguard Vets,Hobby &amp; Painting,11099,105,https://reddit.com/r/Warhammer40k/comments/1ootk0x/keeping_up_the_freehand_practice_with_my/,Hobby & Painting
1jedctr,Warhammer40k,2025-03-18,2025-03,2025,Thank You r/Warhammer40k from House Arizona,Hobby &amp; Painting,10633,199,https://reddit.com/r/Warhammer40k/comments/1jedctr/thank_you_rwarhammer40k_from_house_arizona/,Hobby & Painting
1p56ov4,Warhammer40k,2025-11-24,2025-11,2025,Sister of Silence cosplay,"Art, Cosplay &amp; OC",10618,287,https://reddit.com/r/Warhammer40k/comments/1p56ov4/sister_of_silence_cosplay/,General Discussion
1oqt0ta,Warhammer40k,2025-11-07,2025-11,2025,"Never forget what the Imperium is, truly.",Video Games,10531,598,https://reddit.com/r/Warhammer40k/comments/1oqt0ta/never_forget_what_the_imperium_is_truly/,Video Games & Digital
1pvp8qc,Warhammer40k,2025-12-25,2025-12,2025,How's my freehand? Does this look like a black hole to y'all?,Hobby &amp; Painting,10450,198,https://reddit.com/r/Warhammer40k/comments/1pvp8qc/hows_my_freehand_does_this_look_like_a_black_hole/,Hobby & Painting
1n9kq2r,Warhammer40k,2025-09-05,2025-09,2025,Good gift?,Hobby &amp; Painting,10403,167,https://reddit.com/r/Warhammer40k/comments/1n9kq2r/good_gift/,Hobby & Painting
1l6m9uc,Warhammer40k,2025-06-08,2025-06,2025,Meanwhile in France,Hobby &amp; Painting,10332,184,https://reddit.com/r/Warhammer40k/comments/1l6m9uc/meanwhile_in_france/,Hobby & Painting
1k504do,Warhammer40k,2025-04-22,2025-04,2025,Close up swarm,Hobby &amp; Painting,10298,244,https://reddit.com/r/Warhammer40k/comments/1k504do/close_up_swarm/,Hobby & Painting
1qfcje9,Warhammer40k,2026-01-17,2026-01,2026,Wall art I found,"Art, Cosplay &amp; OC",10172,74,https://reddit.com/r/Warhammer40k/comments/1qfcje9/wall_art_i_found/,General Discussion
1n01q9x,Warhammer40k,2025-08-25,2025-08,2025,Noise marine fx: With or without notes?,Hobby &amp; Painting,10157,478,https://reddit.com/r/Warhammer40k/comments/1n01q9x/noise_marine_fx_with_or_without_notes/,Hobby & Painting
1nbm5k6,Warhammer40k,2025-09-08,2025-09,2025,Would you allow this guy in your game?,Hobby &amp; Painting,10002,733,https://reddit.com/r/Warhammer40k/comments/1nbm5k6/would_you_allow_this_guy_in_your_game/,Hobby & Painting
1mcgc93,Warhammer40k,2025-07-29,2025-07,2025,A life sized Sisters of Battle..,"Art, Cosplay &amp; OC",9956,341,https://reddit.com/r/Warhammer40k/comments/1mcgc93/a_life_sized_sisters_of_battle/,General Discussion
1lnfcsg,Warhammer40k,2025-06-29,2025-06,2025,Update on Aztec Angron,Hobby &amp; Painting,9929,264,https://reddit.com/r/Warhammer40k/comments/1lnfcsg/update_on_aztec_angron/,Hobby & Painting
1o9q0o4,Warhammer40k,2025-10-18,2025-10,2025,Did a super quick lava base tonight. Thoughts?,Hobby &amp; Painting,9918,386,https://reddit.com/r/Warhammer40k/comments/1o9q0o4/did_a_super_quick_lava_base_tonight_thoughts/,Hobby & Painting
1mq77zu,Warhammer40k,2025-08-14,2025-08,2025,New Nightbringer model.,News &amp; Rumours,9772,432,https://reddit.com/r/Warhammer40k/comments/1mq77zu/new_nightbringer_model/,New Releases & News
1ocfocf,Warhammer40k,2025-10-21,2025-10,2025,A Life Size 3D Printed Primarch?,"Art, Cosplay &amp; OC",9701,403,https://reddit.com/r/Warhammer40k/comments/1ocfocf/a_life_size_3d_printed_primarch/,Hobby & Painting
1lza88h,Warhammer40k,2025-07-14,2025-07,2025,Just about done with this BT Bladeguard Vet.,Hobby &amp; Painting,9596,135,https://reddit.com/r/Warhammer40k/comments/1lza88h/just_about_done_with_this_bt_bladeguard_vet/,Hobby & Painting
1oypsbg,Warhammer40k,2025-11-16,2025-11,2025,"I was about to paint Mephiston.. when the voices urged me to ""DESTROY BUZZ LIGHTYEAR""",Hobby &amp; Painting,9570,80,https://reddit.com/r/Warhammer40k/comments/1oypsbg/i_was_about_to_paint_mephiston_when_the_voices/,Hobby & Painting
1pdkbbc,Warhammer40k,2025-12-03,2025-12,2025,More of my Silent Sister,"Art, Cosplay &amp; OC",9557,188,https://reddit.com/r/Warhammer40k/comments/1pdkbbc/more_of_my_silent_sister/,General Discussion
1oyynkz,Warhammer40k,2025-11-16,2025-11,2025,UPS man passed the vibe check,Misc,9297,95,https://reddit.com/r/Warhammer40k/comments/1oyynkz/ups_man_passed_the_vibe_check/,General Discussion
1mf5g1n,Warhammer40k,2025-08-01,2025-08,2025,Decree,"Art, Cosplay &amp; OC",9142,435,https://reddit.com/r/Warhammer40k/comments/1mf5g1n/decree/,General Discussion
1qlpx8p,Warhammer40k,2026-01-24,2026-01,2026,The True Scale of an Auto Bolter,"Art, Cosplay &amp; OC",9005,657,https://reddit.com/r/Warhammer40k/comments/1qlpx8p/the_true_scale_of_an_auto_bolter/,General Discussion
1mqe079,Warhammer40k,2025-08-14,2025-08,2025,"From the moment this head was revealed, I knew I would have to do this",Hobby &amp; Painting,8982,88,https://reddit.com/r/Warhammer40k/comments/1mqe079/from_the_moment_this_head_was_revealed_i_knew_i/,Hobby & Painting
1r06bq5,Warhammer40k,2026-02-09,2026-02,2026,Revealed: The new Defiler stomps onto the battlefield,News &amp; Rumours,8955,691,https://reddit.com/r/Warhammer40k/comments/1r06bq5/revealed_the_new_defiler_stomps_onto_the/,New Releases & News
1lt12e4,Warhammer40k,2025-07-06,2025-07,2025,The Throne room is now the size of a small room,Hobby &amp; Painting,8932,162,https://reddit.com/r/Warhammer40k/comments/1lt12e4/the_throne_room_is_now_the_size_of_a_small_room/,Hobby & Painting
1ll7kky,Warhammer40k,2025-06-26,2025-06,2025,“Warhammer 40k” hat my son made me for Father’s Day.,Misc,8847,197,https://reddit.com/r/Warhammer40k/comments/1ll7kky/warhammer_40k_hat_my_son_made_me_for_fathers_day/,General Discussion
1jhodn9,Warhammer40k,2025-03-23,2025-03,2025,All 18 Primarchs are finally finished in my old school cartoon style,Hobby &amp; Painting,8845,202,https://reddit.com/r/Warhammer40k/comments/1jhodn9/all_18_primarchs_are_finally_finished_in_my_old/,Hobby & Painting
1rh8ixp,Warhammer40k,2026-02-28,2026-02,2026,1:1 scale foam Astartes Bolter.,Hobby &amp; Painting,8832,300,https://reddit.com/r/Warhammer40k/comments/1rh8ixp/11_scale_foam_astartes_bolter/,Hobby & Painting
1p5zwzy,Warhammer40k,2025-11-25,2025-11,2025,Sister of Silence and Sister of Battle cosplays ⚜️,"Art, Cosplay &amp; OC",8835,113,https://reddit.com/r/Warhammer40k/comments/1p5zwzy/sister_of_silence_and_sister_of_battle_cosplays/,General Discussion
1qitu8a,Warhammer40k,2026-01-21,2026-01,2026,"Fallen Angel is the most Death Company-coded painting I know, so I freehanded a rendition.",Hobby &amp; Painting,8809,121,https://reddit.com/r/Warhammer40k/comments/1qitu8a/fallen_angel_is_the_most_death_companycoded/,Hobby & Painting
1md0tzn,Warhammer40k,2025-07-30,2025-07,2025,New Saturnine Praetor... Daemon Prince of Nurgle!,Hobby &amp; Painting,8788,302,https://reddit.com/r/Warhammer40k/comments/1md0tzn/new_saturnine_praetor_daemon_prince_of_nurgle/,Hobby & Painting
1o7e3uo,Warhammer40k,2025-10-15,2025-10,2025,Patrolling the walls of Kasr Quebec,"Art, Cosplay &amp; OC",8779,198,https://reddit.com/r/Warhammer40k/comments/1o7e3uo/patrolling_the_walls_of_kasr_quebec/,General Discussion
1pmcotd,Warhammer40k,2025-12-14,2025-12,2025,Latest Dreadnought for my collection ... from the Imperium's Jaeger program.,Hobby &amp; Painting,8675,197,https://reddit.com/r/Warhammer40k/comments/1pmcotd/latest_dreadnought_for_my_collection_from_the/,Hobby & Painting
1lloo6i,Warhammer40k,2025-06-27,2025-06,2025,Painted some Titan shoulder plates for a friend,Hobby &amp; Painting,8579,151,https://reddit.com/r/Warhammer40k/comments/1lloo6i/painted_some_titan_shoulder_plates_for_a_friend/,Hobby & Painting
1mrsmtl,Warhammer40k,2025-08-16,2025-08,2025,The Crabnought is complete!,Hobby &amp; Painting,8488,216,https://reddit.com/r/Warhammer40k/comments/1mrsmtl/the_crabnought_is_complete/,Hobby & Painting
1nuvaz1,Warhammer40k,2025-10-01,2025-10,2025,My kid bet I couldn’t.,Hobby &amp; Painting,8427,141,https://reddit.com/r/Warhammer40k/comments/1nuvaz1/my_kid_bet_i_couldnt/,Hobby & Painting
1o0dkke,Warhammer40k,2025-10-07,2025-10,2025,'Infiltration',Hobby &amp; Painting,8375,62,https://reddit.com/r/Warhammer40k/comments/1o0dkke/infiltration/,Hobby & Painting
1qg63ac,Warhammer40k,2026-01-18,2026-01,2026,PC Gamer being hereticly alligned wasnt on my bingo card for 2026,Video Games,8356,205,https://reddit.com/r/Warhammer40k/comments/1qg63ac/pc_gamer_being_hereticly_alligned_wasnt_on_my/,Video Games & Digital
1k204f5,Warhammer40k,2025-04-18,2025-04,2025,Black Templar Terminator Diorama,Hobby &amp; Painting,8323,83,https://reddit.com/r/Warhammer40k/comments/1k204f5/black_templar_terminator_diorama/,Hobby & Painting
1m3wwvr,Warhammer40k,2025-07-19,2025-07,2025,Grimdark Lord of change,Hobby &amp; Painting,8317,271,https://reddit.com/r/Warhammer40k/comments/1m3wwvr/grimdark_lord_of_change/,Hobby & Painting
1mhfmus,Warhammer40k,2025-08-04,2025-08,2025,WIP of my new Tyrant,Hobby &amp; Painting,8273,201,https://reddit.com/r/Warhammer40k/comments/1mhfmus/wip_of_my_new_tyrant/,Hobby & Painting
1q7ngoz,Warhammer40k,2026-01-08,2026-01,2026,Guys! I did it. Convinced my gf to start 40k,Hobby &amp; Painting,8269,462,https://reddit.com/r/Warhammer40k/comments/1q7ngoz/guys_i_did_it_convinced_my_gf_to_start_40k/,Hobby & Painting
1rpapfj,Warhammer40k,2026-03-09,2026-03,2026,He picked Salamanders.,Hobby &amp; Painting,8235,234,https://reddit.com/r/Warhammer40k/comments/1rpapfj/he_picked_salamanders/,Hobby & Painting
1k3o5ci,Warhammer40k,2025-04-20,2025-04,2025,Robute Gulliman finished,Hobby &amp; Painting,8142,255,https://reddit.com/r/Warhammer40k/comments/1k3o5ci/robute_gulliman_finished/,Hobby & Painting
1rh42fb,Warhammer40k,2026-02-28,2026-02,2026,"Who’s been here with me for a while and remembers the Bad Moons Stompa? After almost 7 years since finishing this project, I finally managed to take a few better photos 😊",Hobby &amp; Painting,8133,124,https://reddit.com/r/Warhammer40k/comments/1rh42fb/whos_been_here_with_me_for_a_while_and_remembers/,Hobby & Painting
1qk3rzl,Warhammer40k,2026-01-22,2026-01,2026,"My demon prince on foot, ambush predator style",Hobby &amp; Painting,8068,139,https://reddit.com/r/Warhammer40k/comments/1qk3rzl/my_demon_prince_on_foot_ambush_predator_style/,Hobby & Painting
1lyql50,Warhammer40k,2025-07-13,2025-07,2025,He downloaded a .wav file and hasn't been right since,"Art, Cosplay &amp; OC",8057,80,https://reddit.com/r/Warhammer40k/comments/1lyql50/he_downloaded_a_wav_file_and_hasnt_been_right/,General Discussion
1ke26hj,Warhammer40k,2025-05-03,2025-05,2025,Robute out and about in Liverpool today,Hobby &amp; Painting,8053,213,https://reddit.com/r/Warhammer40k/comments/1ke26hj/robute_out_and_about_in_liverpool_today/,Hobby & Painting
1k11ref,Warhammer40k,2025-04-17,2025-04,2025,Why would anyone fall to Chaos when you could just mow the lawn?,Hobby &amp; Painting,7956,152,https://reddit.com/r/Warhammer40k/comments/1k11ref/why_would_anyone_fall_to_chaos_when_you_could/,Hobby & Painting
1n6kyhm,Warhammer40k,2025-09-02,2025-09,2025,Neurotyrant done 🤘🏽,Hobby &amp; Painting,7945,189,https://reddit.com/r/Warhammer40k/comments/1n6kyhm/neurotyrant_done/,Hobby & Painting
1kn8vt7,Warhammer40k,2025-05-15,2025-05,2025,Power nap,"Art, Cosplay &amp; OC",7927,109,https://reddit.com/r/Warhammer40k/comments/1kn8vt7/power_nap/,General Discussion
1qbo89w,Warhammer40k,2026-01-13,2026-01,2026,These are his streets! He owns this Hive City!,Hobby &amp; Painting,7910,459,https://reddit.com/r/Warhammer40k/comments/1qbo89w/these_are_his_streets_he_owns_this_hive_city/,Hobby & Painting
1jxjb2b,Warhammer40k,2025-04-12,2025-04,2025,"Not sure if this is the place to post, but……",Hobby &amp; Painting,7889,117,https://reddit.com/r/Warhammer40k/comments/1jxjb2b/not_sure_if_this_is_the_place_to_post_but/,Hobby & Painting
1moehb8,Warhammer40k,2025-08-12,2025-08,2025,"Mortarion wing WIP, different from the norm, does this look like flesh?",Hobby &amp; Painting,7858,323,https://reddit.com/r/Warhammer40k/comments/1moehb8/mortarion_wing_wip_different_from_the_norm_does/,Hobby & Painting
1qyi5u0,Warhammer40k,2026-02-07,2026-02,2026,Here's a FULL picture of my display board! @Ians_minis,Hobby &amp; Painting,7822,182,https://reddit.com/r/Warhammer40k/comments/1qyi5u0/heres_a_full_picture_of_my_display_board_ians/,Hobby & Painting
1l7wykh,Warhammer40k,2025-06-10,2025-06,2025,Raven Guard Birdmaster 2.0,Hobby &amp; Painting,7822,147,https://reddit.com/r/Warhammer40k/comments/1l7wykh/raven_guard_birdmaster_20/,Hobby & Painting
1jmy6yf,Warhammer40k,2025-03-29,2025-03,2025,Took a picture with the legend himself,Misc,7808,136,https://reddit.com/r/Warhammer40k/comments/1jmy6yf/took_a_picture_with_the_legend_himself/,General Discussion
1ky3fdp,Warhammer40k,2025-05-29,2025-05,2025,Aztec themed Angron,Hobby &amp; Painting,7776,311,https://reddit.com/r/Warhammer40k/comments/1ky3fdp/aztec_themed_angron/,Hobby & Painting
1oe48i1,Warhammer40k,2025-10-23,2025-10,2025,Taking the Shot,Hobby &amp; Painting,7767,125,https://reddit.com/r/Warhammer40k/comments/1oe48i1/taking_the_shot/,Hobby & Painting
1mpfcvh,Warhammer40k,2025-08-13,2025-08,2025,Looking for feedback,Hobby &amp; Painting,7756,215,https://reddit.com/r/Warhammer40k/comments/1mpfcvh/looking_for_feedback/,Hobby & Painting
1nq1fk0,Warhammer40k,2025-09-25,2025-09,2025,3 years of progress,Hobby &amp; Painting,7727,218,https://reddit.com/r/Warhammer40k/comments/1nq1fk0/3_years_of_progress/,Hobby & Painting
1lj6k2u,Warhammer40k,2025-06-24,2025-06,2025,Glass floor mosaic attempt. C&amp;C please,Hobby &amp; Painting,7718,327,https://reddit.com/r/Warhammer40k/comments/1lj6k2u/glass_floor_mosaic_attempt_cc_please/,Hobby & Painting
1rch2fh,Warhammer40k,2026-02-23,2026-02,2026,"I made a Retributor from the legendary ""Astartes"" animation",Hobby &amp; Painting,7665,144,https://reddit.com/r/Warhammer40k/comments/1rch2fh/i_made_a_retributor_from_the_legendary_astartes/,Hobby & Painting
1pzmxdw,Warhammer40k,2025-12-30,2025-12,2025,A Life Size Horus Update..,"Art, Cosplay &amp; OC",7671,576,https://reddit.com/r/Warhammer40k/comments/1pzmxdw/a_life_size_horus_update/,General Discussion
1ot4hjj,Warhammer40k,2025-11-10,2025-11,2025,Is it normal to get shit for your paint job?,Hobby &amp; Painting,7658,1496,https://reddit.com/r/Warhammer40k/comments/1ot4hjj/is_it_normal_to_get_shit_for_your_paint_job/,Hobby & Painting
1p5b0qi,Warhammer40k,2025-11-24,2025-11,2025,I made this for my wife after she saved our dog from being mauled by an off leash dog,Hobby &amp; Painting,7660,259,https://reddit.com/r/Warhammer40k/comments/1p5b0qi/i_made_this_for_my_wife_after_she_saved_our_dog/,Hobby & Painting
1pw4qzw,Warhammer40k,2025-12-26,2025-12,2025,Space marines playing Kill Team,Misc,7625,151,https://reddit.com/r/Warhammer40k/comments/1pw4qzw/space_marines_playing_kill_team/,General Discussion
1o2vlqe,Warhammer40k,2025-10-10,2025-10,2025,New primaris lieutenant finished,Hobby &amp; Painting,7616,234,https://reddit.com/r/Warhammer40k/comments/1o2vlqe/new_primaris_lieutenant_finished/,Hobby & Painting
1otqvgh,Warhammer40k,2025-11-10,2025-11,2025,Does anyone know who this sword belongs to? 😜,Hobby &amp; Painting,7575,303,https://reddit.com/r/Warhammer40k/comments/1otqvgh/does_anyone_know_who_this_sword_belongs_to/,Hobby & Painting
1p3ycky,Warhammer40k,2025-11-22,2025-11,2025,Lore accurate Titan Transport,Misc,7543,110,https://reddit.com/r/Warhammer40k/comments/1p3ycky/lore_accurate_titan_transport/,Lore & Narrative
1pez4nj,Warhammer40k,2025-12-05,2025-12,2025,"I repainted one ornament on the cloak of my Wolf Guard Battle Leader, I think that the new one looks much better 🙂",Hobby &amp; Painting,7458,268,https://reddit.com/r/Warhammer40k/comments/1pez4nj/i_repainted_one_ornament_on_the_cloak_of_my_wolf/,Hobby & Painting
1nn3hea,Warhammer40k,2025-09-21,2025-09,2025,Exploring the Grimdark - a Julian Wild art appreciation post,"Art, Cosplay &amp; OC",7458,80,https://reddit.com/r/Warhammer40k/comments/1nn3hea/exploring_the_grimdark_a_julian_wild_art/,General Discussion
1pecns5,Warhammer40k,2025-12-04,2025-12,2025,THE LION IS COMMING TO DAWN OF WAR 4!!!!,Video Games,7433,399,https://reddit.com/r/Warhammer40k/comments/1pecns5/the_lion_is_comming_to_dawn_of_war_4/,Video Games & Digital
1ks1r71,Warhammer40k,2025-05-21,2025-05,2025,We used to be a serious hobby,Hobby &amp; Painting,7435,157,https://reddit.com/r/Warhammer40k/comments/1ks1r71/we_used_to_be_a_serious_hobby/,Hobby & Painting
1jb1002,Warhammer40k,2025-03-14,2025-03,2025,Synthwave Terminator now on matching display base,Hobby &amp; Painting,7410,224,https://reddit.com/r/Warhammer40k/comments/1jb1002/synthwave_terminator_now_on_matching_display_base/,Hobby & Painting
1q57djn,Warhammer40k,2026-01-06,2026-01,2026,Best $600 I ever spent,Hobby &amp; Painting,7391,412,https://reddit.com/r/Warhammer40k/comments/1q57djn/best_600_i_ever_spent/,Hobby & Painting
1lljt91,Warhammer40k,2025-06-27,2025-06,2025,Wanted to post a picture of just this lightning claw Sword Brother,Hobby &amp; Painting,7387,56,https://reddit.com/r/Warhammer40k/comments/1lljt91/wanted_to_post_a_picture_of_just_this_lightning/,Hobby & Painting
1njmkpu,Warhammer40k,2025-09-17,2025-09,2025,My loyalist IW home gym,"Art, Cosplay &amp; OC",7374,386,https://reddit.com/r/Warhammer40k/comments/1njmkpu/my_loyalist_iw_home_gym/,General Discussion
1le1f28,Warhammer40k,2025-06-17,2025-06,2025,My Slaaneshi Noise Knight (with Bluetooth speaker!),Hobby &amp; Painting,7352,221,https://reddit.com/r/Warhammer40k/comments/1le1f28/my_slaaneshi_noise_knight_with_bluetooth_speaker/,Hobby & Painting
1nyqsxk,Warhammer40k,2025-10-05,2025-10,2025,I worked on this for 2 years. Black Panther Space Marines: Armies on Parade,Hobby &amp; Painting,7292,348,https://reddit.com/r/Warhammer40k/comments/1nyqsxk/i_worked_on_this_for_2_years_black_panther_space/,Hobby & Painting
1na6uee,Warhammer40k,2025-09-06,2025-09,2025,Nurgle saturnine dreadnought,Hobby &amp; Painting,7294,79,https://reddit.com/r/Warhammer40k/comments/1na6uee/nurgle_saturnine_dreadnought/,Hobby & Painting
1ml1vfp,Warhammer40k,2025-08-08,2025-08,2025,I kitbashed the Saturnine Praetor into an Iron Warriors Abaddon!,Hobby &amp; Painting,7268,159,https://reddit.com/r/Warhammer40k/comments/1ml1vfp/i_kitbashed_the_saturnine_praetor_into_an_iron/,Hobby & Painting
1kiy2u2,Warhammer40k,2025-05-10,2025-05,2025,Found at my local five guys,"Art, Cosplay &amp; OC",7242,44,https://reddit.com/r/Warhammer40k/comments/1kiy2u2/found_at_my_local_five_guys/,General Discussion
1pwcvju,Warhammer40k,2025-12-26,2025-12,2025,The Blessed Imperial Fade,"Art, Cosplay &amp; OC",7237,33,https://reddit.com/r/Warhammer40k/comments/1pwcvju/the_blessed_imperial_fade/,Community & Humour
1jl8asr,Warhammer40k,2025-03-27,2025-03,2025,999 sons &amp; 1 daughter !,Hobby &amp; Painting,7210,987,https://reddit.com/r/Warhammer40k/comments/1jl8asr/999_sons_1_daughter/,Hobby & Painting
1m59mao,Warhammer40k,2025-07-21,2025-07,2025,Space Marine i carved out of wood! (4 inches),Hobby &amp; Painting,7179,178,https://reddit.com/r/Warhammer40k/comments/1m59mao/space_marine_i_carved_out_of_wood_4_inches/,Hobby & Painting
1psl4v4,Warhammer40k,2025-12-22,2025-12,2025,'Tis the Season for Conversions,Hobby &amp; Painting,7125,111,https://reddit.com/r/Warhammer40k/comments/1psl4v4/tis_the_season_for_conversions/,Hobby & Painting
1pjs6e6,Warhammer40k,2025-12-11,2025-12,2025,My kitbashes over the years,Hobby &amp; Painting,7102,278,https://reddit.com/r/Warhammer40k/comments/1pjs6e6/my_kitbashes_over_the_years/,Hobby & Painting
1oks9am,Warhammer40k,2025-10-31,2025-10,2025,Stealth Lictor,Hobby &amp; Painting,7055,84,https://reddit.com/r/Warhammer40k/comments/1oks9am/stealth_lictor/,Hobby & Painting
1ju5eiy,Warhammer40k,2025-04-08,2025-04,2025,Doo Doo Doo Doo Doo Inquisitor Gadget,Hobby &amp; Painting,7050,111,https://reddit.com/r/Warhammer40k/comments/1ju5eiy/doo_doo_doo_doo_doo_inquisitor_gadget/,Hobby & Painting
1o46ew4,Warhammer40k,2025-10-11,2025-10,2025,Doom Eternal,Hobby &amp; Painting,7037,74,https://reddit.com/r/Warhammer40k/comments/1o46ew4/doom_eternal/,Hobby & Painting
1o174ex,Warhammer40k,2025-10-08,2025-10,2025,Carcharodons Assault Terminator,Hobby &amp; Painting,7021,130,https://reddit.com/r/Warhammer40k/comments/1o174ex/carcharodons_assault_terminator/,Hobby & Painting
1pzkvlq,Warhammer40k,2025-12-30,2025-12,2025,"""The flesh is weak"" (c) Diorama of an Adeptus Mechanicus girl. Almost 20cm (8 inches) 📏",Hobby &amp; Painting,7008,307,https://reddit.com/r/Warhammer40k/comments/1pzkvlq/the_flesh_is_weak_c_diorama_of_an_adeptus/,Hobby & Painting
1jnzspa,Warhammer40k,2025-03-31,2025-03,2025,A Simplified Sky/earth Chrome Terminator Attempt,Hobby &amp; Painting,6993,367,https://reddit.com/r/Warhammer40k/comments/1jnzspa/a_simplified_skyearth_chrome_terminator_attempt/,Hobby & Painting
1qmh2ly,Warhammer40k,2026-01-25,2026-01,2026,Do you even Paint Brother ??,Hobby &amp; Painting,6983,132,https://reddit.com/r/Warhammer40k/comments/1qmh2ly/do_you_even_paint_brother/,Hobby & Painting
1qi447u,Warhammer40k,2026-01-20,2026-01,2026,Life Size Horus Update,"Art, Cosplay &amp; OC",6984,277,https://reddit.com/r/Warhammer40k/comments/1qi447u/life_size_horus_update/,General Discussion
1k7g8ff,Warhammer40k,2025-04-25,2025-04,2025,Mexicron ready to fight,Hobby &amp; Painting,6968,123,https://reddit.com/r/Warhammer40k/comments/1k7g8ff/mexicron_ready_to_fight/,Hobby & Painting
1n7jg5d,Warhammer40k,2025-09-03,2025-09,2025,Order of the Bloody Rose.,"Art, Cosplay &amp; OC",6947,146,https://reddit.com/r/Warhammer40k/comments/1n7jg5d/order_of_the_bloody_rose/,General Discussion
1m0ihxq,Warhammer40k,2025-07-15,2025-07,2025,My daughter’s first mini.,Hobby &amp; Painting,6937,452,https://reddit.com/r/Warhammer40k/comments/1m0ihxq/my_daughters_first_mini/,Hobby & Painting
1qvxeek,Warhammer40k,2026-02-04,2026-02,2026,Some fine detail work,Hobby &amp; Painting,6936,95,https://reddit.com/r/Warhammer40k/comments/1qvxeek/some_fine_detail_work/,Hobby & Painting
1nj3ovj,Warhammer40k,2025-09-17,2025-09,2025,The Black Hole Sons,Hobby &amp; Painting,6925,260,https://reddit.com/r/Warhammer40k/comments/1nj3ovj/the_black_hole_sons/,Hobby & Painting
1n0zsmk,Warhammer40k,2025-08-26,2025-08,2025,Finally finished my trench board… here’s some photos of the first game on it!,Hobby &amp; Painting,6912,173,https://reddit.com/r/Warhammer40k/comments/1n0zsmk/finally_finished_my_trench_board_heres_some/,Hobby & Painting
1ktccbr,Warhammer40k,2025-05-23,2025-05,2025,Recent finished Bladeguard,Hobby &amp; Painting,6896,152,https://reddit.com/r/Warhammer40k/comments/1ktccbr/recent_finished_bladeguard/,Hobby & Painting
1qphjje,Warhammer40k,2026-01-28,2026-01,2026,Necron cosplay i wore for the con,"Art, Cosplay &amp; OC",6850,127,https://reddit.com/r/Warhammer40k/comments/1qphjje/necron_cosplay_i_wore_for_the_con/,General Discussion
1mm54sy,Warhammer40k,2025-08-10,2025-08,2025,I found the Imperial Assassin at Warhammer World today,Misc,6822,115,https://reddit.com/r/Warhammer40k/comments/1mm54sy/i_found_the_imperial_assassin_at_warhammer_world/,General Discussion
1p3hr5d,Warhammer40k,2025-11-22,2025-11,2025,Decided to spent more time than ever on a mini. Finished this arm so far….,Hobby &amp; Painting,6821,179,https://reddit.com/r/Warhammer40k/comments/1p3hr5d/decided_to_spent_more_time_than_ever_on_a_mini/,Hobby & Painting
1jdbux8,Warhammer40k,2025-03-17,2025-03,2025,So here is the final color sheme - light head and shouldes and rest dark.,Hobby &amp; Painting,6800,180,https://reddit.com/r/Warhammer40k/comments/1jdbux8/so_here_is_the_final_color_sheme_light_head_and/,Hobby & Painting
1mgnv7l,Warhammer40k,2025-08-03,2025-08,2025,Gold and Marble,Hobby &amp; Painting,6779,115,https://reddit.com/r/Warhammer40k/comments/1mgnv7l/gold_and_marble/,Hobby & Painting
1n30bc9,Warhammer40k,2025-08-29,2025-08,2025,"Captain Centos, now completed",Hobby &amp; Painting,6766,187,https://reddit.com/r/Warhammer40k/comments/1n30bc9/captain_centos_now_completed/,Hobby & Painting
1jgppww,Warhammer40k,2025-03-21,2025-03,2025,AI-Generated Content is not allowed on /r/Warhammer40k,Announcement,6679,336,https://reddit.com/r/Warhammer40k/comments/1jgppww/aigenerated_content_is_not_allowed_on/,New Releases & News
1oe8r5j,Warhammer40k,2025-10-23,2025-10,2025,O-14 dakkajet done!,Hobby &amp; Painting,6669,158,https://reddit.com/r/Warhammer40k/comments/1oe8r5j/o14_dakkajet_done/,Hobby & Painting
1mxknrt,Warhammer40k,2025-08-22,2025-08,2025,Consequences of taking off your helmet whilst not being a named character,Hobby &amp; Painting,6655,57,https://reddit.com/r/Warhammer40k/comments/1mxknrt/consequences_of_taking_off_your_helmet_whilst_not/,Hobby & Painting
1pzkwxx,Warhammer40k,2025-12-30,2025-12,2025,Orc Boyz can't jump! December Mini of the month kitbash,Hobby &amp; Painting,6653,102,https://reddit.com/r/Warhammer40k/comments/1pzkwxx/orc_boyz_cant_jump_december_mini_of_the_month/,Hobby & Painting
1l4r5j5,Warhammer40k,2025-06-06,2025-06,2025,Summon SHARK,Hobby &amp; Painting,6638,103,https://reddit.com/r/Warhammer40k/comments/1l4r5j5/summon_shark/,Hobby & Painting
1pu2zh8,Warhammer40k,2025-12-23,2025-12,2025,Been in this hobby for 30 years and i only just realised this.,Misc,6599,236,https://reddit.com/r/Warhammer40k/comments/1pu2zh8/been_in_this_hobby_for_30_years_and_i_only_just/,Hobby & Painting
1k9wgzj,Warhammer40k,2025-04-28,2025-04,2025,Logan Grimnar leads a pack of Space Wolf reinforcements,News &amp; Rumours,6587,610,https://reddit.com/r/Warhammer40k/comments/1k9wgzj/logan_grimnar_leads_a_pack_of_space_wolf/,New Releases & News
1nlx002,Warhammer40k,2025-09-20,2025-09,2025,Daemon girl freehand on my Leman Russ,Hobby &amp; Painting,6574,345,https://reddit.com/r/Warhammer40k/comments/1nlx002/daemon_girl_freehand_on_my_leman_russ/,Hobby & Painting
1qbz664,Warhammer40k,2026-01-13,2026-01,2026,Fully modular Rogue Trader interior for my W40K RPG,Hobby &amp; Painting,6539,188,https://reddit.com/r/Warhammer40k/comments/1qbz664/fully_modular_rogue_trader_interior_for_my_w40k/,Hobby & Painting
1npfabu,Warhammer40k,2025-09-24,2025-09,2025,Finished 💖,Hobby &amp; Painting,6537,390,https://reddit.com/r/Warhammer40k/comments/1npfabu/finished/,Hobby & Painting
1roa21r,Warhammer40k,2026-03-08,2026-03,2026,Emperork is finished,Hobby &amp; Painting,6530,164,https://reddit.com/r/Warhammer40k/comments/1roa21r/emperork_is_finished/,Hobby & Painting
1qfno40,Warhammer40k,2026-01-17,2026-01,2026,Forgeworld Tau Manta finally finished,Hobby &amp; Painting,6525,106,https://reddit.com/r/Warhammer40k/comments/1qfno40/forgeworld_tau_manta_finally_finished/,Hobby & Painting
1laj5am,Warhammer40k,2025-06-13,2025-06,2025,This little bastard took me 30 hrs. Look at it. Appreciate it. LOOK AT IT!!!,Hobby &amp; Painting,6517,239,https://reddit.com/r/Warhammer40k/comments/1laj5am/this_little_bastard_took_me_30_hrs_look_at_it/,Hobby & Painting
1oncf7f,Warhammer40k,2025-11-03,2025-11,2025,Warhammer cosplay at Lucca comics2025,Hobby &amp; Painting,6495,101,https://reddit.com/r/Warhammer40k/comments/1oncf7f/warhammer_cosplay_at_lucca_comics2025/,Hobby & Painting
1ly4evv,Warhammer40k,2025-07-12,2025-07,2025,I just painted my Beast of Nurgle and it feels like a middle-stage pokemon starter,Hobby &amp; Painting,6474,113,https://reddit.com/r/Warhammer40k/comments/1ly4evv/i_just_painted_my_beast_of_nurgle_and_it_feels/,Hobby & Painting
1mfwuzh,Warhammer40k,2025-08-02,2025-08,2025,My attempt at a destroyed helmet,Hobby &amp; Painting,6463,200,https://reddit.com/r/Warhammer40k/comments/1mfwuzh/my_attempt_at_a_destroyed_helmet/,Hobby & Painting
1l67ea0,Warhammer40k,2025-06-08,2025-06,2025,The French Youtuber Planet Wargame have made the biggest battle between Imperial Guard and Tyrannids,Hobby &amp; Painting,6445,178,https://reddit.com/r/Warhammer40k/comments/1l67ea0/the_french_youtuber_planet_wargame_have_made_the/,Hobby & Painting
1qoae20,Warhammer40k,2026-01-27,2026-01,2026,Noise marine cosplay,"Art, Cosplay &amp; OC",6422,81,https://reddit.com/r/Warhammer40k/comments/1qoae20/noise_marine_cosplay/,General Discussion
1rgc5tl,Warhammer40k,2026-02-27,2026-02,2026,I just finished Commander T'RON,Hobby &amp; Painting,6395,106,https://reddit.com/r/Warhammer40k/comments/1rgc5tl/i_just_finished_commander_tron/,Hobby & Painting
1oand8l,Warhammer40k,2025-10-19,2025-10,2025,"Behold, my stuff",Hobby &amp; Painting,6377,167,https://reddit.com/r/Warhammer40k/comments/1oand8l/behold_my_stuff/,Hobby & Painting
1nr3k3z,Warhammer40k,2025-09-26,2025-09,2025,CUT MY LIFE INTO PIECES,Hobby &amp; Painting,6369,64,https://reddit.com/r/Warhammer40k/comments/1nr3k3z/cut_my_life_into_pieces/,Hobby & Painting
1quny72,Warhammer40k,2026-02-03,2026-02,2026,"Demetrian Titus, Captain of the second company, Master of the watch, Warden of Ulltramar",Hobby &amp; Painting,6363,168,https://reddit.com/r/Warhammer40k/comments/1quny72/demetrian_titus_captain_of_the_second_company/,Hobby & Painting
1p6c1xy,Warhammer40k,2025-11-25,2025-11,2025,Unlimited Power!,Hobby &amp; Painting,6347,112,https://reddit.com/r/Warhammer40k/comments/1p6c1xy/unlimited_power/,Hobby & Painting
1oq1fei,Warhammer40k,2025-11-06,2025-11,2025,Custom chapter competition entry,Hobby &amp; Painting,6350,184,https://reddit.com/r/Warhammer40k/comments/1oq1fei/custom_chapter_competition_entry/,Hobby & Painting
1kq5rnk,Warhammer40k,2025-05-19,2025-05,2025,Plasma glow,Hobby &amp; Painting,6342,91,https://reddit.com/r/Warhammer40k/comments/1kq5rnk/plasma_glow/,Hobby & Painting
1nff0zs,Warhammer40k,2025-09-12,2025-09,2025,Ad Mech Prosthetic Leg,Hobby &amp; Painting,6339,135,https://reddit.com/r/Warhammer40k/comments/1nff0zs/ad_mech_prosthetic_leg/,Hobby & Painting
1nld9wg,Warhammer40k,2025-09-19,2025-09,2025,Simple trick for purple orks,Hobby &amp; Painting,6331,78,https://reddit.com/r/Warhammer40k/comments/1nld9wg/simple_trick_for_purple_orks/,Hobby & Painting
1rn1xtg,Warhammer40k,2026-03-07,2026-03,2026,There’s something out there waiting for us… and it ain’t no man.,Hobby &amp; Painting,6309,144,https://reddit.com/r/Warhammer40k/comments/1rn1xtg/theres_something_out_there_waiting_for_us_and_it/,Hobby & Painting
1rkgmmi,Warhammer40k,2026-03-04,2026-03,2026,Salamander Infernus Marine 1/5.,Hobby &amp; Painting,6315,168,https://reddit.com/r/Warhammer40k/comments/1rkgmmi/salamander_infernus_marine_15/,Hobby & Painting
1kvtbj9,Warhammer40k,2025-05-26,2025-05,2025,"Whats the coolest, potential lore moment that GW seemingly refuses to give to us?",Lore,6304,412,https://reddit.com/r/Warhammer40k/comments/1kvtbj9/whats_the_coolest_potential_lore_moment_that_gw/,Lore & Narrative
1ow0990,Warhammer40k,2025-11-13,2025-11,2025,Set your heart ablaze!,Hobby &amp; Painting,6295,54,https://reddit.com/r/Warhammer40k/comments/1ow0990/set_your_heart_ablaze/,Hobby & Painting
1p25ds3,Warhammer40k,2025-11-20,2025-11,2025,Sisters of Battle Cosplay Bloody Rose,"Art, Cosplay &amp; OC",6289,100,https://reddit.com/r/Warhammer40k/comments/1p25ds3/sisters_of_battle_cosplay_bloody_rose/,General Discussion
1puu5f7,Warhammer40k,2025-12-24,2025-12,2025,I made a TINY Polly Pocket-Hammer Playset!! (it's my favourite thing ever now lol),Hobby &amp; Painting,6257,215,https://reddit.com/r/Warhammer40k/comments/1puu5f7/i_made_a_tiny_polly_pockethammer_playset_its_my/,Hobby & Painting
1r4t22v,Warhammer40k,2026-02-14,2026-02,2026,My Alpha Priority,"Art, Cosplay &amp; OC",6247,145,https://reddit.com/r/Warhammer40k/comments/1r4t22v/my_alpha_priority/,General Discussion
1miahzz,Warhammer40k,2025-08-05,2025-08,2025,Lich King Guilliman,Hobby &amp; Painting,6248,125,https://reddit.com/r/Warhammer40k/comments/1miahzz/lich_king_guilliman/,Hobby & Painting
1m24zun,Warhammer40k,2025-07-17,2025-07,2025,“Codex Astartes does not support this tactic.”,Hobby &amp; Painting,6241,123,https://reddit.com/r/Warhammer40k/comments/1m24zun/codex_astartes_does_not_support_this_tactic/,Hobby & Painting
1pp8510,Warhammer40k,2025-12-17,2025-12,2025,I was in charge of Christmas dinner and made some choices,"Art, Cosplay &amp; OC",6211,140,https://reddit.com/r/Warhammer40k/comments/1pp8510/i_was_in_charge_of_christmas_dinner_and_made_some/,General Discussion
1jikhrs,Warhammer40k,2025-03-24,2025-03,2025,Scythes of the Emperor Veteran,Hobby &amp; Painting,6196,54,https://reddit.com/r/Warhammer40k/comments/1jikhrs/scythes_of_the_emperor_veteran/,Hobby & Painting
1kw2twt,Warhammer40k,2025-05-26,2025-05,2025,"I lost my cat. And because i want him with me whereever I go for a battle, i make a Dreadnought in his honor.",Hobby &amp; Painting,6181,160,https://reddit.com/r/Warhammer40k/comments/1kw2twt/i_lost_my_cat_and_because_i_want_him_with_me/,Hobby & Painting
1ode9up,Warhammer40k,2025-10-22,2025-10,2025,Finished the Salamander Bladeguard Veteran for that lava base. Did I cook? Let me know.,Hobby &amp; Painting,6156,212,https://reddit.com/r/Warhammer40k/comments/1ode9up/finished_the_salamander_bladeguard_veteran_for/,Hobby & Painting
1mmfev7,Warhammer40k,2025-08-10,2025-08,2025,WIP 4 ☠️,Hobby &amp; Painting,6102,149,https://reddit.com/r/Warhammer40k/comments/1mmfev7/wip_4/,Hobby & Painting
1n4yk5s,Warhammer40k,2025-08-31,2025-08,2025,I (right) met a fellow servant of the emperor at ren faire,Hobby &amp; Painting,6085,125,https://reddit.com/r/Warhammer40k/comments/1n4yk5s/i_right_met_a_fellow_servant_of_the_emperor_at/,Hobby & Painting
1lmq1j2,Warhammer40k,2025-06-28,2025-06,2025,Roboute Guilliman,Hobby &amp; Painting,6076,87,https://reddit.com/r/Warhammer40k/comments/1lmq1j2/roboute_guilliman/,Hobby & Painting
1jpxci9,Warhammer40k,2025-04-02,2025-04,2025,Ultramarines Company Ancient - WIP,Hobby &amp; Painting,6067,111,https://reddit.com/r/Warhammer40k/comments/1jpxci9/ultramarines_company_ancient_wip/,Hobby & Painting
1nzgjwl,Warhammer40k,2025-10-06,2025-10,2025,Finished off painting some new terrain :),Hobby &amp; Painting,6054,83,https://reddit.com/r/Warhammer40k/comments/1nzgjwl/finished_off_painting_some_new_terrain/,Hobby & Painting
1nycp49,Warhammer40k,2025-10-05,2025-10,2025,Oh no,Hobby &amp; Painting,6055,90,https://reddit.com/r/Warhammer40k/comments/1nycp49/oh_no/,Hobby & Painting
1nalcq7,Warhammer40k,2025-09-07,2025-09,2025,Helbrute Conversion,Hobby &amp; Painting,6047,75,https://reddit.com/r/Warhammer40k/comments/1nalcq7/helbrute_conversion/,Hobby & Painting
1kqhcsm,Warhammer40k,2025-05-19,2025-05,2025,Redemptor dreadnought and infiltrators coming to the aide of wounded guardsman,Hobby &amp; Painting,6024,158,https://reddit.com/r/Warhammer40k/comments/1kqhcsm/redemptor_dreadnought_and_infiltrators_coming_to/,Hobby & Painting
1nxt09g,Warhammer40k,2025-10-04,2025-10,2025,Finished up Chaos Space Marine Combat Patrol.,Hobby &amp; Painting,6024,108,https://reddit.com/r/Warhammer40k/comments/1nxt09g/finished_up_chaos_space_marine_combat_patrol/,Hobby & Painting
1khxkbq,Warhammer40k,2025-05-08,2025-05,2025,Spacewolf mini I recently did,Hobby &amp; Painting,6008,391,https://reddit.com/r/Warhammer40k/comments/1khxkbq/spacewolf_mini_i_recently_did/,Hobby & Painting
1jfym6j,Warhammer40k,2025-03-20,2025-03,2025,Why aren’t pods used anymore?,Army List Review,5975,407,https://reddit.com/r/Warhammer40k/comments/1jfym6j/why_arent_pods_used_anymore/,Competitive & Tournaments
1pvhhlh,Warhammer40k,2025-12-25,2025-12,2025,Grotmas Calendar Day 25 – Huron Blackheart strides forth from the Maelstrom,News &amp; Rumours,5963,564,https://reddit.com/r/Warhammer40k/comments/1pvhhlh/grotmas_calendar_day_25_huron_blackheart_strides/,New Releases & News
1ngzgad,Warhammer40k,2025-09-14,2025-09,2025,"New calgar, sucarius and victrix",News &amp; Rumours,5965,845,https://reddit.com/r/Warhammer40k/comments/1ngzgad/new_calgar_sucarius_and_victrix/,New Releases & News
1ntf62p,Warhammer40k,2025-09-29,2025-09,2025,Ultramarines Captain,Hobby &amp; Painting,5963,81,https://reddit.com/r/Warhammer40k/comments/1ntf62p/ultramarines_captain/,Hobby & Painting
1lci3o1,Warhammer40k,2025-06-16,2025-06,2025,"Two years of progress, sloooowly learning",Hobby &amp; Painting,5912,76,https://reddit.com/r/Warhammer40k/comments/1lci3o1/two_years_of_progress_sloooowly_learning/,Hobby & Painting
1pia4hh,Warhammer40k,2025-12-09,2025-12,2025,Another one joining the ranks.,Hobby &amp; Painting,5899,78,https://reddit.com/r/Warhammer40k/comments/1pia4hh/another_one_joining_the_ranks/,Hobby & Painting
1l01aix,Warhammer40k,2025-05-31,2025-05,2025,"""That way..."" Art by me","Art, Cosplay &amp; OC",5894,86,https://reddit.com/r/Warhammer40k/comments/1l01aix/that_way_art_by_me/,General Discussion
1rbr9id,Warhammer40k,2026-02-22,2026-02,2026,Painted my first tau,Hobby &amp; Painting,5840,138,https://reddit.com/r/Warhammer40k/comments/1rbr9id/painted_my_first_tau/,Hobby & Painting
1jwa1nj,Warhammer40k,2025-04-10,2025-04,2025,YOU TRYIN TO STEAL MY TITANS?! STEAL MY LOOT?,Hobby &amp; Painting,5814,126,https://reddit.com/r/Warhammer40k/comments/1jwa1nj/you_tryin_to_steal_my_titans_steal_my_loot/,Hobby & Painting
1o97me9,Warhammer40k,2025-10-17,2025-10,2025,I felt that my Wolf Guard Battle Leader could use a freehand on his cloak. That’s the short presentation of the painting process 🙂,Hobby &amp; Painting,5803,178,https://reddit.com/r/Warhammer40k/comments/1o97me9/i_felt_that_my_wolf_guard_battle_leader_could_use/,Hobby & Painting
1rjuuls,Warhammer40k,2026-03-03,2026-03,2026,Finally another one done - What do you think?,Hobby &amp; Painting,5794,100,https://reddit.com/r/Warhammer40k/comments/1rjuuls/finally_another_one_done_what_do_you_think/,Hobby & Painting
1kjtpo8,Warhammer40k,2025-05-11,2025-05,2025,Slightly modified terminators,Hobby &amp; Painting,5790,127,https://reddit.com/r/Warhammer40k/comments/1kjtpo8/slightly_modified_terminators/,Hobby & Painting
1miwfpi,Warhammer40k,2025-08-06,2025-08,2025,Just finished by new bladeguard,Hobby &amp; Painting,5781,144,https://reddit.com/r/Warhammer40k/comments/1miwfpi/just_finished_by_new_bladeguard/,Hobby & Painting
1qz10ex,Warhammer40k,2026-02-08,2026-02,2026,Freehand Birds,Hobby &amp; Painting,5713,127,https://reddit.com/r/Warhammer40k/comments/1qz10ex/freehand_birds/,Hobby & Painting
1kfc84d,Warhammer40k,2025-05-05,2025-05,2025,I converted a Centurion into a Deathwing Knight-Master Dreadnought,Hobby &amp; Painting,5681,478,https://reddit.com/r/Warhammer40k/comments/1kfc84d/i_converted_a_centurion_into_a_deathwing/,Hobby & Painting
1l59ft3,Warhammer40k,2025-06-07,2025-06,2025,"Mortarion vs. Guilliman, art by me","Art, Cosplay &amp; OC",5669,123,https://reddit.com/r/Warhammer40k/comments/1l59ft3/mortarion_vs_guilliman_art_by_me/,General Discussion
1jrtq96,Warhammer40k,2025-04-05,2025-04,2025,"Haha, I’m in danger",Hobby &amp; Painting,5669,112,https://reddit.com/r/Warhammer40k/comments/1jrtq96/haha_im_in_danger/,Hobby & Painting
1mnlhh8,Warhammer40k,2025-08-11,2025-08,2025,Emperor's Penguins Infiltrators,Hobby &amp; Painting,5652,283,https://reddit.com/r/Warhammer40k/comments/1mnlhh8/emperors_penguins_infiltrators/,Hobby & Painting
1rhppgt,Warhammer40k,2026-03-01,2026-03,2026,"Captain Titus, 500 worlds",Hobby &amp; Painting,5628,165,https://reddit.com/r/Warhammer40k/comments/1rhppgt/captain_titus_500_worlds/,Hobby & Painting
1qy1fam,Warhammer40k,2026-02-07,2026-02,2026,sometimes i just like to hold them before they got on their forever base,Hobby &amp; Painting,5620,118,https://reddit.com/r/Warhammer40k/comments/1qy1fam/sometimes_i_just_like_to_hold_them_before_they/,Hobby & Painting
1m39su7,Warhammer40k,2025-07-18,2025-07,2025,All the new Leagues of Votann models and newly announced codex,News &amp; Rumours,5612,533,https://reddit.com/r/Warhammer40k/comments/1m39su7/all_the_new_leagues_of_votann_models_and_newly/,New Releases & News
1qkw7up,Warhammer40k,2026-01-23,2026-01,2026,"Hi guys! I thought I would share some of my artworks done last year (commissions or personal work). Sorry for not being active here, you always gave me great support, thank you guys! Hope you like it!","Art, Cosplay &amp; OC",5588,347,https://reddit.com/r/Warhammer40k/comments/1qkw7up/hi_guys_i_thought_i_would_share_some_of_my/,General Discussion
1qs67p7,Warhammer40k,2026-01-31,2026-01,2026,My girlfriend's first model,Hobby &amp; Painting,5577,82,https://reddit.com/r/Warhammer40k/comments/1qs67p7/my_girlfriends_first_model/,New Player / Getting Started
1jc30qp,Warhammer40k,2025-03-15,2025-03,2025,"Hi everyone, here is my 6mm scale edge of a hive city.",Hobby &amp; Painting,5564,108,https://reddit.com/r/Warhammer40k/comments/1jc30qp/hi_everyone_here_is_my_6mm_scale_edge_of_a_hive/,Hobby & Painting
1qizioc,Warhammer40k,2026-01-21,2026-01,2026,My son painted his first space marine!,Hobby &amp; Painting,5563,125,https://reddit.com/r/Warhammer40k/comments/1qizioc/my_son_painted_his_first_space_marine/,Hobby & Painting
1kjw8eh,Warhammer40k,2025-05-11,2025-05,2025,THE CHAOS HOUSE,"Art, Cosplay &amp; OC",5541,200,https://reddit.com/r/Warhammer40k/comments/1kjw8eh/the_chaos_house/,General Discussion
1lg89r8,Warhammer40k,2025-06-20,2025-06,2025,At what army points is it acceptable to bring a Primarch  to the table?,Rules,5540,237,https://reddit.com/r/Warhammer40k/comments/1lg89r8/at_what_army_points_is_it_acceptable_to_bring_a/,Lore & Narrative
1okbuuu,Warhammer40k,2025-10-30,2025-10,2025,The start of front on my legion of the damned. Going to make it more bright as I build it up.,Hobby &amp; Painting,5519,182,https://reddit.com/r/Warhammer40k/comments/1okbuuu/the_start_of_front_on_my_legion_of_the_damned/,Hobby & Painting
1of7aan,Warhammer40k,2025-10-24,2025-10,2025,Tried to paint more of a ‘mirror gold’ nmm,Hobby &amp; Painting,5515,124,https://reddit.com/r/Warhammer40k/comments/1of7aan/tried_to_paint_more_of_a_mirror_gold_nmm/,Hobby & Painting
1jp3bgu,Warhammer40k,2025-04-01,2025-04,2025,"PSA - Friendly Reminder: this is your hobby, do what you want",Hobby &amp; Painting,5501,188,https://reddit.com/r/Warhammer40k/comments/1jp3bgu/psa_friendly_reminder_this_is_your_hobby_do_what/,Hobby & Painting
1o4yl3m,Warhammer40k,2025-10-12,2025-10,2025,Centurions are badass,Hobby &amp; Painting,5490,213,https://reddit.com/r/Warhammer40k/comments/1o4yl3m/centurions_are_badass/,Hobby & Painting
1m1kwvn,Warhammer40k,2025-07-16,2025-07,2025,"No duty is finished until death... and even then, the Emperor watches.",Hobby &amp; Painting,5490,115,https://reddit.com/r/Warhammer40k/comments/1m1kwvn/no_duty_is_finished_until_death_and_even_then_the/,Hobby & Painting
1ohk4zu,Warhammer40k,2025-10-27,2025-10,2025,Retributor from Astartes,Hobby &amp; Painting,5488,84,https://reddit.com/r/Warhammer40k/comments/1ohk4zu/retributor_from_astartes/,Hobby & Painting
1kn24nx,Warhammer40k,2025-05-15,2025-05,2025,Slowly getting better with freehand,Hobby &amp; Painting,5480,245,https://reddit.com/r/Warhammer40k/comments/1kn24nx/slowly_getting_better_with_freehand/,Hobby & Painting
1qbuddc,Warhammer40k,2026-01-13,2026-01,2026,Just my Repentia Cosplay,"Art, Cosplay &amp; OC",5473,162,https://reddit.com/r/Warhammer40k/comments/1qbuddc/just_my_repentia_cosplay/,General Discussion
1mw4io7,Warhammer40k,2025-08-21,2025-08,2025,Emperor on the Golden Throne by Will Rees,"Art, Cosplay &amp; OC",5449,190,https://reddit.com/r/Warhammer40k/comments/1mw4io7/emperor_on_the_golden_throne_by_will_rees/,Lore & Narrative
1kleosr,Warhammer40k,2025-05-13,2025-05,2025,My Necropolis Knight prototype. Rising up from the sands of Khemri!,Hobby &amp; Painting,5444,81,https://reddit.com/r/Warhammer40k/comments/1kleosr/my_necropolis_knight_prototype_rising_up_from_the/,Hobby & Painting
1q827l6,Warhammer40k,2026-01-09,2026-01,2026,The god machine walks! First sequence steps!,Hobby &amp; Painting,5425,100,https://reddit.com/r/Warhammer40k/comments/1q827l6/the_god_machine_walks_first_sequence_steps/,Hobby & Painting
1p31ayg,Warhammer40k,2025-11-21,2025-11,2025,My Trygon Prime - Hive Fleet Abyss,Hobby &amp; Painting,5420,82,https://reddit.com/r/Warhammer40k/comments/1p31ayg/my_trygon_prime_hive_fleet_abyss/,Hobby & Painting
1m322my,Warhammer40k,2025-07-18,2025-07,2025,"Severus Agemman, captain of the Ultramarines' elite Veteran 1st Company",Hobby &amp; Painting,5415,75,https://reddit.com/r/Warhammer40k/comments/1m322my/severus_agemman_captain_of_the_ultramarines_elite/,Hobby & Painting
1r4wwzw,Warhammer40k,2026-02-14,2026-02,2026,"Totally legitimate Knight, no need to ask any questions here.",Hobby &amp; Painting,5415,168,https://reddit.com/r/Warhammer40k/comments/1r4wwzw/totally_legitimate_knight_no_need_to_ask_any/,Hobby & Painting
1k00ojy,Warhammer40k,2025-04-15,2025-04,2025,Fleshy enough?,Hobby &amp; Painting,5408,233,https://reddit.com/r/Warhammer40k/comments/1k00ojy/fleshy_enough/,Hobby & Painting
1n97fn4,Warhammer40k,2025-09-05,2025-09,2025,My Two year old painted her first mini. I will never financially recover from this.,Hobby &amp; Painting,5382,307,https://reddit.com/r/Warhammer40k/comments/1n97fn4/my_two_year_old_painted_her_first_mini_i_will/,Hobby & Painting
1nl1o4e,Warhammer40k,2025-09-19,2025-09,2025,Knight Crusader landed in the world of Arcane. Heraldry? Never! – Jinx turned him into a giant canvas of graffiti!,Hobby &amp; Painting,5373,63,https://reddit.com/r/Warhammer40k/comments/1nl1o4e/knight_crusader_landed_in_the_world_of_arcane/,Hobby & Painting
1qqm4f7,Warhammer40k,2026-01-29,2026-01,2026,My gingerbread Tyranid army,Hobby &amp; Painting,5337,148,https://reddit.com/r/Warhammer40k/comments/1qqm4f7/my_gingerbread_tyranid_army/,Hobby & Painting
1k1jo3o,Warhammer40k,2025-04-17,2025-04,2025,Dark Crusade UE5 Remaster,"Art, Cosplay &amp; OC",5339,143,https://reddit.com/r/Warhammer40k/comments/1k1jo3o/dark_crusade_ue5_remaster/,General Discussion
1n4u776,Warhammer40k,2025-08-31,2025-08,2025,[OC] Get Up - Kharn and Erebus,"Art, Cosplay &amp; OC",5328,80,https://reddit.com/r/Warhammer40k/comments/1n4u776/oc_get_up_kharn_and_erebus/,General Discussion
1jrpsc6,Warhammer40k,2025-04-04,2025-04,2025,"“Even in death I still serve”, he’ll be by my side forever now",Hobby &amp; Painting,5317,196,https://reddit.com/r/Warhammer40k/comments/1jrpsc6/even_in_death_i_still_serve_hell_be_by_my_side/,Hobby & Painting
1qxy0ey,Warhammer40k,2026-02-06,2026-02,2026,Someone Call for an Earthshaker?,Hobby &amp; Painting,5321,84,https://reddit.com/r/Warhammer40k/comments/1qxy0ey/someone_call_for_an_earthshaker/,Hobby & Painting
1pjx6v9,Warhammer40k,2025-12-11,2025-12,2025,Life of a Navigator (and some extra art) (by me),"Art, Cosplay &amp; OC",5304,346,https://reddit.com/r/Warhammer40k/comments/1pjx6v9/life_of_a_navigator_and_some_extra_art_by_me/,General Discussion
1laeef8,Warhammer40k,2025-06-13,2025-06,2025,"Abaddon Chaos Forge, my biggest project.",Hobby &amp; Painting,5300,79,https://reddit.com/r/Warhammer40k/comments/1laeef8/abaddon_chaos_forge_my_biggest_project/,Hobby & Painting
1rh5r6d,Warhammer40k,2026-02-28,2026-02,2026,"Everybody's feedback was so encouraging, I went out first thing this morning for a frame",Hobby &amp; Painting,5268,253,https://reddit.com/r/Warhammer40k/comments/1rh5r6d/everybodys_feedback_was_so_encouraging_i_went_out/,Hobby & Painting
1jz1ckw,Warhammer40k,2025-04-14,2025-04,2025,"Let Me Join The Stealth Assault, Brother!",Hobby &amp; Painting,5263,68,https://reddit.com/r/Warhammer40k/comments/1jz1ckw/let_me_join_the_stealth_assault_brother/,Hobby & Painting
1ragsct,Warhammer40k,2026-02-21,2026-02,2026,Archmagos Explorator spotted today checking the local Value Village for archaeo-tech,"Art, Cosplay &amp; OC",5270,44,https://reddit.com/r/Warhammer40k/comments/1ragsct/archmagos_explorator_spotted_today_checking_the/,General Discussion
1ktqrdl,Warhammer40k,2025-05-23,2025-05,2025,New Saturnine Dreadnought revealed,News &amp; Rumours,5252,196,https://reddit.com/r/Warhammer40k/comments/1ktqrdl/new_saturnine_dreadnought_revealed/,New Releases & News
1jym2lj,Warhammer40k,2025-04-14,2025-04,2025,Who doesn't love a little 3rd Ed Blood Angels vibe?,Hobby &amp; Painting,5243,72,https://reddit.com/r/Warhammer40k/comments/1jym2lj/who_doesnt_love_a_little_3rd_ed_blood_angels_vibe/,Hobby & Painting
1ok5crj,Warhammer40k,2025-10-30,2025-10,2025,Full of nuln and tucked into his bassinet for the night with his servo-plushie.,Misc,5212,51,https://reddit.com/r/Warhammer40k/comments/1ok5crj/full_of_nuln_and_tucked_into_his_bassinet_for_the/,General Discussion
1m75czr,Warhammer40k,2025-07-23,2025-07,2025,Spruetarii,Hobby &amp; Painting,5189,81,https://reddit.com/r/Warhammer40k/comments/1m75czr/spruetarii/,Hobby & Painting
1r3txv7,Warhammer40k,2026-02-13,2026-02,2026,Attempt 2 at Damascus steel (cc is always welcome),Hobby &amp; Painting,5175,83,https://reddit.com/r/Warhammer40k/comments/1r3txv7/attempt_2_at_damascus_steel_cc_is_always_welcome/,Hobby & Painting
1l7dl82,Warhammer40k,2025-06-09,2025-06,2025,Hammer time,Hobby &amp; Painting,5150,24,https://reddit.com/r/Warhammer40k/comments/1l7dl82/hammer_time/,Hobby & Painting
1q0ds2l,Warhammer40k,2025-12-31,2025-12,2025,So I’ve been coaching my brother in law on his first model for 3 days. I think he’s absolutely smashed it. Show him some love!,Hobby &amp; Painting,5147,180,https://reddit.com/r/Warhammer40k/comments/1q0ds2l/so_ive_been_coaching_my_brother_in_law_on_his/,New Player / Getting Started
1qdg99s,Warhammer40k,2026-01-15,2026-01,2026,Death Guard Land Raider,Hobby &amp; Painting,5148,126,https://reddit.com/r/Warhammer40k/comments/1qdg99s/death_guard_land_raider/,Hobby & Painting
1jtnf1a,Warhammer40k,2025-04-07,2025-04,2025,We almost made it!,Hobby &amp; Painting,5135,182,https://reddit.com/r/Warhammer40k/comments/1jtnf1a/we_almost_made_it/,Hobby & Painting
1lutsla,Warhammer40k,2025-07-08,2025-07,2025,The Final Prayer,Hobby &amp; Painting,5137,110,https://reddit.com/r/Warhammer40k/comments/1lutsla/the_final_prayer/,Hobby & Painting
1jk7y6i,Warhammer40k,2025-03-26,2025-03,2025,Guilliman in Hades' style,"Art, Cosplay &amp; OC",5102,82,https://reddit.com/r/Warhammer40k/comments/1jk7y6i/guilliman_in_hades_style/,General Discussion
1nu887k,Warhammer40k,2025-09-30,2025-09,2025,Work in progress on a marine lieutenant,Hobby &amp; Painting,5096,165,https://reddit.com/r/Warhammer40k/comments/1nu887k/work_in_progress_on_a_marine_lieutenant/,Hobby & Painting
1m67auo,Warhammer40k,2025-07-22,2025-07,2025,Finally finished painting my Angron,Hobby &amp; Painting,5078,744,https://reddit.com/r/Warhammer40k/comments/1m67auo/finally_finished_painting_my_angron/,Hobby & Painting
1qne147,Warhammer40k,2026-01-26,2026-01,2026,"Titus Cape pin, now finished",Hobby &amp; Painting,5078,80,https://reddit.com/r/Warhammer40k/comments/1qne147/titus_cape_pin_now_finished/,Hobby & Painting
1mepic5,Warhammer40k,2025-08-01,2025-08,2025,Two differing styles of power blade,Hobby &amp; Painting,5064,97,https://reddit.com/r/Warhammer40k/comments/1mepic5/two_differing_styles_of_power_blade/,Hobby & Painting
1k93qnh,Warhammer40k,2025-04-27,2025-04,2025,My first tattoo and a 40k one at that!,"Art, Cosplay &amp; OC",5073,887,https://reddit.com/r/Warhammer40k/comments/1k93qnh/my_first_tattoo_and_a_40k_one_at_that/,General Discussion
1qragyw,Warhammer40k,2026-01-30,2026-01,2026,Adepta Sororitas Cosplay WIP,"Art, Cosplay &amp; OC",5061,83,https://reddit.com/r/Warhammer40k/comments/1qragyw/adepta_sororitas_cosplay_wip/,Hobby & Painting
1pd0nbp,Warhammer40k,2025-12-03,2025-12,2025,Fulgrim is finished! :),Hobby &amp; Painting,5056,135,https://reddit.com/r/Warhammer40k/comments/1pd0nbp/fulgrim_is_finished/,Hobby & Painting
1n1pzp1,Warhammer40k,2025-08-27,2025-08,2025,Konrad Curze,Hobby &amp; Painting,5021,70,https://reddit.com/r/Warhammer40k/comments/1n1pzp1/konrad_curze/,Hobby & Painting
1jovc14,Warhammer40k,2025-04-01,2025-04,2025,PSA - Friendly reminder: drill your barrels,Hobby &amp; Painting,5003,599,https://reddit.com/r/Warhammer40k/comments/1jovc14/psa_friendly_reminder_drill_your_barrels/,Hobby & Painting
1jgjk1i,Warhammer40k,2025-03-21,2025-03,2025,Why aren’t these used? They look epic…,Army List Review,5005,255,https://reddit.com/r/Warhammer40k/comments/1jgjk1i/why_arent_these_used_they_look_epic/,Competitive & Tournaments
1kzc3xj,Warhammer40k,2025-05-30,2025-05,2025,Honor the Fallen: A Gritty Scythes of the Emperor Color Scheme Inspired by Astartes II,Hobby &amp; Painting,4983,94,https://reddit.com/r/Warhammer40k/comments/1kzc3xj/honor_the_fallen_a_gritty_scythes_of_the_emperor/,Hobby & Painting
1jgykvm,Warhammer40k,2025-03-22,2025-03,2025,O.G.R.Y.N Warsuits,Hobby &amp; Painting,4968,82,https://reddit.com/r/Warhammer40k/comments/1jgykvm/ogryn_warsuits/,Hobby & Painting
1ltqfzd,Warhammer40k,2025-07-07,2025-07,2025,"Showcasing my converted models, so far!",Hobby &amp; Painting,4965,199,https://reddit.com/r/Warhammer40k/comments/1ltqfzd/showcasing_my_converted_models_so_far/,Hobby & Painting
1mzkmzs,Warhammer40k,2025-08-25,2025-08,2025,New Spiritseer diorama,News &amp; Rumours,4974,194,https://reddit.com/r/Warhammer40k/comments/1mzkmzs/new_spiritseer_diorama/,New Releases & News
1m8z2iq,Warhammer40k,2025-07-25,2025-07,2025,Tried to kitbash some new Blood Angels and made a video about it.,Hobby &amp; Painting,4963,90,https://reddit.com/r/Warhammer40k/comments/1m8z2iq/tried_to_kitbash_some_new_blood_angels_and_made_a/,Hobby & Painting
1joytmy,Warhammer40k,2025-04-01,2025-04,2025,The best lenses I have ever and will ever paint.,Hobby &amp; Painting,4962,131,https://reddit.com/r/Warhammer40k/comments/1joytmy/the_best_lenses_i_have_ever_and_will_ever_paint/,Hobby & Painting
1l81k7t,Warhammer40k,2025-06-10,2025-06,2025,He's got a glowing sword now :),Hobby &amp; Painting,4952,54,https://reddit.com/r/Warhammer40k/comments/1l81k7t/hes_got_a_glowing_sword_now/,Hobby & Painting
1q186nb,Warhammer40k,2026-01-01,2026-01,2026,The Imperator Somnium - Flagship of the Emperor in the late Great Crusade,"Art, Cosplay &amp; OC",4949,99,https://reddit.com/r/Warhammer40k/comments/1q186nb/the_imperator_somnium_flagship_of_the_emperor_in/,Lore & Narrative
1mllxm7,Warhammer40k,2025-08-09,2025-08,2025,Tau Manta nearly finished,Hobby &amp; Painting,4943,88,https://reddit.com/r/Warhammer40k/comments/1mllxm7/tau_manta_nearly_finished/,Hobby & Painting
1omcrxt,Warhammer40k,2025-11-02,2025-11,2025,My winning entry at my local gw armies on parade ‘The perfect organism’.,Hobby &amp; Painting,4926,77,https://reddit.com/r/Warhammer40k/comments/1omcrxt/my_winning_entry_at_my_local_gw_armies_on_parade/,Hobby & Painting
1kmiv5t,Warhammer40k,2025-05-14,2025-05,2025,Grandma keeps making me 40K diamond art from her death bed. Update,Hobby &amp; Painting,4922,129,https://reddit.com/r/Warhammer40k/comments/1kmiv5t/grandma_keeps_making_me_40k_diamond_art_from_her/,Hobby & Painting
1nn7zj0,Warhammer40k,2025-09-22,2025-09,2025,Saturnine Praetor - Teleporting Diorama,Hobby &amp; Painting,4908,54,https://reddit.com/r/Warhammer40k/comments/1nn7zj0/saturnine_praetor_teleporting_diorama/,Hobby & Painting
1mw662m,Warhammer40k,2025-08-21,2025-08,2025,Chrome Armour in a Synthwave Setting,Hobby &amp; Painting,4904,132,https://reddit.com/r/Warhammer40k/comments/1mw662m/chrome_armour_in_a_synthwave_setting/,Hobby & Painting
1k88wip,Warhammer40k,2025-04-26,2025-04,2025,Newest marine completed. Yeet!,Hobby &amp; Painting,4897,113,https://reddit.com/r/Warhammer40k/comments/1k88wip/newest_marine_completed_yeet/,Hobby & Painting
1ketdbh,Warhammer40k,2025-05-04,2025-05,2025,Fulgrim Progress,Hobby &amp; Painting,4903,95,https://reddit.com/r/Warhammer40k/comments/1ketdbh/fulgrim_progress/,Hobby & Painting
1k9e0nc,Warhammer40k,2025-04-27,2025-04,2025,Are we doing tattoos now? I went a little less serious.,"Art, Cosplay &amp; OC",4903,130,https://reddit.com/r/Warhammer40k/comments/1k9e0nc/are_we_doing_tattoos_now_i_went_a_little_less/,General Discussion
1o09r9c,Warhammer40k,2025-10-07,2025-10,2025,Night Lords Daemon Prince Conversion,Hobby &amp; Painting,4893,194,https://reddit.com/r/Warhammer40k/comments/1o09r9c/night_lords_daemon_prince_conversion/,Hobby & Painting
1rkzs6f,Warhammer40k,2026-03-04,2026-03,2026,Space Marine Cosplay,"Art, Cosplay &amp; OC",4885,139,https://reddit.com/r/Warhammer40k/comments/1rkzs6f/space_marine_cosplay/,General Discussion
1rlcu37,Warhammer40k,2026-03-05,2026-03,2026,Welp remember to lock up your hobby rooms.,Misc,4882,561,https://reddit.com/r/Warhammer40k/comments/1rlcu37/welp_remember_to_lock_up_your_hobby_rooms/,Hobby & Painting
1js8chz,Warhammer40k,2025-04-05,2025-04,2025,Emperor’s Champion,Hobby &amp; Painting,4850,33,https://reddit.com/r/Warhammer40k/comments/1js8chz/emperors_champion/,Hobby & Painting
1lq57dd,Warhammer40k,2025-07-02,2025-07,2025,"We made Illuminarum, Lorgar's Mace","Art, Cosplay &amp; OC",4848,92,https://reddit.com/r/Warhammer40k/comments/1lq57dd/we_made_illuminarum_lorgars_mace/,General Discussion
1nt2yvh,Warhammer40k,2025-09-28,2025-09,2025,"Chimera of the pothole, what is your wisdom?",Hobby &amp; Painting,4852,79,https://reddit.com/r/Warhammer40k/comments/1nt2yvh/chimera_of_the_pothole_what_is_your_wisdom/,Hobby & Painting
1mo6rjv,Warhammer40k,2025-08-12,2025-08,2025,Last picture before the beast awakens !,Hobby &amp; Painting,4855,76,https://reddit.com/r/Warhammer40k/comments/1mo6rjv/last_picture_before_the_beast_awakens/,Hobby & Painting
1jf824r,Warhammer40k,2025-03-19,2025-03,2025,I made the Locke pattern bolter from Darktide out of steel,"Art, Cosplay &amp; OC",4831,132,https://reddit.com/r/Warhammer40k/comments/1jf824r/i_made_the_locke_pattern_bolter_from_darktide_out/,General Discussion
1ord3rw,Warhammer40k,2025-11-08,2025-11,2025,Captain Titus and the Wardens of Ultramar.,News &amp; Rumours,4834,589,https://reddit.com/r/Warhammer40k/comments/1ord3rw/captain_titus_and_the_wardens_of_ultramar/,New Releases & News
1op9x8x,Warhammer40k,2025-11-05,2025-11,2025,Infernus Marine,Hobby &amp; Painting,4825,109,https://reddit.com/r/Warhammer40k/comments/1op9x8x/infernus_marine/,Hobby & Painting
1r911kf,Warhammer40k,2026-02-19,2026-02,2026,Painted my first world eater,Hobby &amp; Painting,4816,111,https://reddit.com/r/Warhammer40k/comments/1r911kf/painted_my_first_world_eater/,Hobby & Painting
1lbeckp,Warhammer40k,2025-06-14,2025-06,2025,My Mister of Battle cosplay!,"Art, Cosplay &amp; OC",4817,482,https://reddit.com/r/Warhammer40k/comments/1lbeckp/my_mister_of_battle_cosplay/,General Discussion
1lrs9uq,Warhammer40k,2025-07-04,2025-07,2025,Spartans ! What is your profession !,Hobby &amp; Painting,4801,106,https://reddit.com/r/Warhammer40k/comments/1lrs9uq/spartans_what_is_your_profession/,Hobby & Painting
1q5rbdl,Warhammer40k,2026-01-06,2026-01,2026,What do you think about my 1000 pt gingerbread Custodes army?,Hobby &amp; Painting,4782,109,https://reddit.com/r/Warhammer40k/comments/1q5rbdl/what_do_you_think_about_my_1000_pt_gingerbread/,Hobby & Painting
1o79q4u,Warhammer40k,2025-10-15,2025-10,2025,“By Vine and By Blade “,Hobby &amp; Painting,4768,36,https://reddit.com/r/Warhammer40k/comments/1o79q4u/by_vine_and_by_blade/,Hobby & Painting
1qjsruc,Warhammer40k,2026-01-22,2026-01,2026,"Right hear me out, Garreon is one of the best Warhammer models ever created.",Hobby &amp; Painting,4749,176,https://reddit.com/r/Warhammer40k/comments/1qjsruc/right_hear_me_out_garreon_is_one_of_the_best/,Hobby & Painting
1r391s7,Warhammer40k,2026-02-12,2026-02,2026,Going mad with NMM,Hobby &amp; Painting,4735,175,https://reddit.com/r/Warhammer40k/comments/1r391s7/going_mad_with_nmm/,Hobby & Painting
1psbw7b,Warhammer40k,2025-12-21,2025-12,2025,""" Don't talk to us or our zurgling ever again """,Hobby &amp; Painting,4739,59,https://reddit.com/r/Warhammer40k/comments/1psbw7b/dont_talk_to_us_or_our_zurgling_ever_again/,Hobby & Painting
1qzga6z,Warhammer40k,2026-02-08,2026-02,2026,Sons of Horus Saturnine Terminator,Hobby &amp; Painting,4734,142,https://reddit.com/r/Warhammer40k/comments/1qzga6z/sons_of_horus_saturnine_terminator/,Hobby & Painting
1me4ner,Warhammer40k,2025-07-31,2025-07,2025,40k Link,Hobby &amp; Painting,4707,90,https://reddit.com/r/Warhammer40k/comments/1me4ner/40k_link/,Hobby & Painting
1mbf0u9,Warhammer40k,2025-07-28,2025-07,2025,"Inside? A psyker condemned to eternal agony.
Outside? 2,000 tons of pure execution.",Hobby &amp; Painting,4705,35,https://reddit.com/r/Warhammer40k/comments/1mbf0u9/inside_a_psyker_condemned_to_eternal_agony/,Hobby & Painting
1jc6ymp,Warhammer40k,2025-03-15,2025-03,2025,At the ripe age of 52 I just painted my 1st miniature,Hobby &amp; Painting,4692,116,https://reddit.com/r/Warhammer40k/comments/1jc6ymp/at_the_ripe_age_of_52_i_just_painted_my_1st/,Hobby & Painting
1pst736,Warhammer40k,2025-12-22,2025-12,2025,The process of creating freehand on a Titan shoulder pad!,Hobby &amp; Painting,4663,43,https://reddit.com/r/Warhammer40k/comments/1pst736/the_process_of_creating_freehand_on_a_titan/,Hobby & Painting
1r7cg8r,Warhammer40k,2026-02-17,2026-02,2026,Chaos cultist cosplay,"Art, Cosplay &amp; OC",4665,162,https://reddit.com/r/Warhammer40k/comments/1r7cg8r/chaos_cultist_cosplay/,General Discussion
1ml1un5,Warhammer40k,2025-08-08,2025-08,2025,Tutorial Tyra-balls soon ! ☠️,Hobby &amp; Painting,4657,181,https://reddit.com/r/Warhammer40k/comments/1ml1un5/tutorial_tyraballs_soon/,Hobby & Painting
1jgdlxg,Warhammer40k,2025-03-21,2025-03,2025,"Here's some more madness, this time with proof on who did it",Hobby &amp; Painting,4661,453,https://reddit.com/r/Warhammer40k/comments/1jgdlxg/heres_some_more_madness_this_time_with_proof_on/,Hobby & Painting
1nnlqcg,Warhammer40k,2025-09-22,2025-09,2025,Assault Terminators are an unstoppable force and an immovable object in one indomitable package - Warhammer Community,News &amp; Rumours,4650,797,https://reddit.com/r/Warhammer40k/comments/1nnlqcg/assault_terminators_are_an_unstoppable_force_and/,New Releases & News
1jycou4,Warhammer40k,2025-04-13,2025-04,2025,Keeper of Secrets WIP,Hobby &amp; Painting,4645,178,https://reddit.com/r/Warhammer40k/comments/1jycou4/keeper_of_secrets_wip/,Hobby & Painting
1rqqwoz,Warhammer40k,2026-03-11,2026-03,2026,Progress on Krieg artillery,Hobby &amp; Painting,4635,42,https://reddit.com/r/Warhammer40k/comments/1rqqwoz/progress_on_krieg_artillery/,Hobby & Painting
1lrip0o,Warhammer40k,2025-07-04,2025-07,2025,MIL used my Godhands to attempt to cut steel wire,Hobby &amp; Painting,4639,495,https://reddit.com/r/Warhammer40k/comments/1lrip0o/mil_used_my_godhands_to_attempt_to_cut_steel_wire/,Hobby & Painting
1rs4ady,Warhammer40k,2026-03-12,2026-03,2026,CARNAGE Norn Emissary,Hobby &amp; Painting,4635,72,https://reddit.com/r/Warhammer40k/comments/1rs4ady/carnage_norn_emissary/,Hobby & Painting
1nw15bo,Warhammer40k,2025-10-02,2025-10,2025,Finally no more pile of shames!!,Hobby &amp; Painting,4618,445,https://reddit.com/r/Warhammer40k/comments/1nw15bo/finally_no_more_pile_of_shames/,Hobby & Painting
1nka78f,Warhammer40k,2025-09-18,2025-09,2025,Roboute Guilliman,Hobby &amp; Painting,4629,148,https://reddit.com/r/Warhammer40k/comments/1nka78f/roboute_guilliman/,Hobby & Painting
1nfnout,Warhammer40k,2025-09-13,2025-09,2025,Mama mia! The xenos wanta put the pineapple ona the pizza!,Hobby &amp; Painting,4615,134,https://reddit.com/r/Warhammer40k/comments/1nfnout/mama_mia_the_xenos_wanta_put_the_pineapple_ona/,Hobby & Painting
1jk83ah,Warhammer40k,2025-03-26,2025-03,2025,Progress on my quad gun,Hobby &amp; Painting,4602,113,https://reddit.com/r/Warhammer40k/comments/1jk83ah/progress_on_my_quad_gun/,Hobby & Painting
1ma3eeo,Warhammer40k,2025-07-26,2025-07,2025,The colors of the Imperium,Hobby &amp; Painting,4602,34,https://reddit.com/r/Warhammer40k/comments/1ma3eeo/the_colors_of_the_imperium/,Hobby & Painting
1jwo5ln,Warhammer40k,2025-04-11,2025-04,2025,How I imagine what a Spacemarine looks like after being lost on a Death World for years,Hobby &amp; Painting,4591,85,https://reddit.com/r/Warhammer40k/comments/1jwo5ln/how_i_imagine_what_a_spacemarine_looks_like_after/,Hobby & Painting
1qa1ziy,Warhammer40k,2026-01-11,2026-01,2026,They may have underestimated the high ground.,Hobby &amp; Painting,4585,63,https://reddit.com/r/Warhammer40k/comments/1qa1ziy/they_may_have_underestimated_the_high_ground/,Hobby & Painting
1oza5b1,Warhammer40k,2025-11-17,2025-11,2025,First Vitrix Guard finished,Hobby &amp; Painting,4585,120,https://reddit.com/r/Warhammer40k/comments/1oza5b1/first_vitrix_guard_finished/,Hobby & Painting
1pgp2pg,Warhammer40k,2025-12-07,2025-12,2025,Winged Hive Tyrant from my CARNAGE Hive fleet 🩸,Hobby &amp; Painting,4579,70,https://reddit.com/r/Warhammer40k/comments/1pgp2pg/winged_hive_tyrant_from_my_carnage_hive_fleet/,Hobby & Painting
1rehah5,Warhammer40k,2026-02-25,2026-02,2026,After being in the hobby for 3 years I finally paited a mini im proud enough to show to real people. Not just my Brother or Warhammer friends. Actual normal gumans. My Corsair Fuegan,Hobby &amp; Painting,4545,95,https://reddit.com/r/Warhammer40k/comments/1rehah5/after_being_in_the_hobby_for_3_years_i_finally/,Hobby & Painting
1kgxwbp,Warhammer40k,2025-05-07,2025-05,2025,Toilet engineer 🪠🚽- April's free mini of the month conversion.,Hobby &amp; Painting,4541,46,https://reddit.com/r/Warhammer40k/comments/1kgxwbp/toilet_engineer_aprils_free_mini_of_the_month/,Hobby & Painting
1r4syzv,Warhammer40k,2026-02-14,2026-02,2026,"Took the holy pilgrimage to Warhammer world, saw the legend himself, in the flesh.",Misc,4526,95,https://reddit.com/r/Warhammer40k/comments/1r4syzv/took_the_holy_pilgrimage_to_warhammer_world_saw/,General Discussion
1pjj6x8,Warhammer40k,2025-12-11,2025-12,2025,We made it to Jeopardy!,Misc,4527,98,https://reddit.com/r/Warhammer40k/comments/1pjj6x8/we_made_it_to_jeopardy/,General Discussion
1l118e9,Warhammer40k,2025-06-01,2025-06,2025,We don't take hints...,Hobby &amp; Painting,4520,94,https://reddit.com/r/Warhammer40k/comments/1l118e9/we_dont_take_hints/,Hobby & Painting
1jql09t,Warhammer40k,2025-04-03,2025-04,2025,Painted some Red hot Barrels for a big Knight.,Hobby &amp; Painting,4518,47,https://reddit.com/r/Warhammer40k/comments/1jql09t/painted_some_red_hot_barrels_for_a_big_knight/,Hobby & Painting
1rhtnju,Warhammer40k,2026-03-01,2026-03,2026,Titus is back,Hobby &amp; Painting,4519,55,https://reddit.com/r/Warhammer40k/comments/1rhtnju/titus_is_back/,Hobby & Painting
1k0sgan,Warhammer40k,2025-04-16,2025-04,2025,Here's my Fulgrim,Hobby &amp; Painting,4517,71,https://reddit.com/r/Warhammer40k/comments/1k0sgan/heres_my_fulgrim/,Hobby & Painting
1qp7xp0,Warhammer40k,2026-01-28,2026-01,2026,"Titus cloak, calling this bit done",Hobby &amp; Painting,4507,57,https://reddit.com/r/Warhammer40k/comments/1qp7xp0/titus_cloak_calling_this_bit_done/,Hobby & Painting
1r8olfp,Warhammer40k,2026-02-19,2026-02,2026,The New Necron Nightbringer C'Tan,Hobby &amp; Painting,4498,34,https://reddit.com/r/Warhammer40k/comments/1r8olfp/the_new_necron_nightbringer_ctan/,Hobby & Painting
1oscbaw,Warhammer40k,2025-11-09,2025-11,2025,Chaos marines from each Chaos Gods sketches by me,"Art, Cosplay &amp; OC",4490,147,https://reddit.com/r/Warhammer40k/comments/1oscbaw/chaos_marines_from_each_chaos_gods_sketches_by_me/,Lore & Narrative
1keq6x9,Warhammer40k,2025-05-04,2025-05,2025,Some stuff I found in the attic belonging to my dad,Hobby &amp; Painting,4495,274,https://reddit.com/r/Warhammer40k/comments/1keq6x9/some_stuff_i_found_in_the_attic_belonging_to_my/,Hobby & Painting
1ps03jy,Warhammer40k,2025-12-21,2025-12,2025,They're just standing there... menacingly,Hobby &amp; Painting,4485,225,https://reddit.com/r/Warhammer40k/comments/1ps03jy/theyre_just_standing_there_menacingly/,Hobby & Painting
1n8ibfp,Warhammer40k,2025-09-04,2025-09,2025,Looking to start comissions/selling models,Hobby &amp; Painting,4485,109,https://reddit.com/r/Warhammer40k/comments/1n8ibfp/looking_to_start_comissionsselling_models/,Hobby & Painting
1mb8zke,Warhammer40k,2025-07-28,2025-07,2025,Newly completed MK2 marine from Saturnine,Hobby &amp; Painting,4475,94,https://reddit.com/r/Warhammer40k/comments/1mb8zke/newly_completed_mk2_marine_from_saturnine/,Hobby & Painting
1nkq34l,Warhammer40k,2025-09-19,2025-09,2025,Deathguard Saturnine Dreadnought/ Helbrute kit-bash!,Hobby &amp; Painting,4475,68,https://reddit.com/r/Warhammer40k/comments/1nkq34l/deathguard_saturnine_dreadnought_helbrute_kitbash/,Hobby & Painting
1m7q0l2,Warhammer40k,2025-07-24,2025-07,2025,Crusade Eternal - Grimaldus Dreadnaught - BT Redemptor Proxy,Hobby &amp; Painting,4447,165,https://reddit.com/r/Warhammer40k/comments/1m7q0l2/crusade_eternal_grimaldus_dreadnaught_bt/,Hobby & Painting
1lbuuec,Warhammer40k,2025-06-15,2025-06,2025,World Eater,Hobby &amp; Painting,4452,59,https://reddit.com/r/Warhammer40k/comments/1lbuuec/world_eater/,Hobby & Painting
1ldleg8,Warhammer40k,2025-06-17,2025-06,2025,Deathwing personal heraldry!,Hobby &amp; Painting,4449,21,https://reddit.com/r/Warhammer40k/comments/1ldleg8/deathwing_personal_heraldry/,Hobby & Painting
1o8b2an,Warhammer40k,2025-10-16,2025-10,2025,I've been trying to get better with finer details. Currently working on faces. Here's a gem from last night.,Hobby &amp; Painting,4439,534,https://reddit.com/r/Warhammer40k/comments/1o8b2an/ive_been_trying_to_get_better_with_finer_details/,Hobby & Painting
1m81kke,Warhammer40k,2025-07-24,2025-07,2025,Sprue Rampager,Hobby &amp; Painting,4403,75,https://reddit.com/r/Warhammer40k/comments/1m81kke/sprue_rampager/,Hobby & Painting
1mhcble,Warhammer40k,2025-08-04,2025-08,2025,David Gallaghers Space Marine Art is absolute peak 🔥,"Art, Cosplay &amp; OC",4398,49,https://reddit.com/r/Warhammer40k/comments/1mhcble/david_gallaghers_space_marine_art_is_absolute_peak/,General Discussion
1r020b8,Warhammer40k,2026-02-09,2026-02,2026,"for your appreciation,  the scoped snail mag combi-bolt pistol handflamer",Hobby &amp; Painting,4403,287,https://reddit.com/r/Warhammer40k/comments/1r020b8/for_your_appreciation_the_scoped_snail_mag/,Hobby & Painting
1lx5oih,Warhammer40k,2025-07-11,2025-07,2025,"When you leave your tank after a penal crusade in the wrong neighborhood.
But the homies actually respect you.",Hobby &amp; Painting,4384,137,https://reddit.com/r/Warhammer40k/comments/1lx5oih/when_you_leave_your_tank_after_a_penal_crusade_in/,Hobby & Painting
1pim79k,Warhammer40k,2025-12-09,2025-12,2025,A 1 Year Difference In Painting Faces,Hobby &amp; Painting,4369,39,https://reddit.com/r/Warhammer40k/comments/1pim79k/a_1_year_difference_in_painting_faces/,Hobby & Painting
1oixvv5,Warhammer40k,2025-10-29,2025-10,2025,"Tactical reload, recently finished marine",Hobby &amp; Painting,4358,92,https://reddit.com/r/Warhammer40k/comments/1oixvv5/tactical_reload_recently_finished_marine/,Hobby & Painting
1k5vbhe,Warhammer40k,2025-04-23,2025-04,2025,Synthwave Sternguard Veteran finished!,Hobby &amp; Painting,4354,107,https://reddit.com/r/Warhammer40k/comments/1k5vbhe/synthwave_sternguard_veteran_finished/,Hobby & Painting
1qni814,Warhammer40k,2026-01-26,2026-01,2026,A powerhouse Warsmith leads a new campaign for the Iron Warriors,News &amp; Rumours,4341,347,https://reddit.com/r/Warhammer40k/comments/1qni814/a_powerhouse_warsmith_leads_a_new_campaign_for/,New Releases & News
1q2076m,Warhammer40k,2026-01-02,2026-01,2026,I love this ring so much. Is it too edgy for casual use?,Misc,4343,538,https://reddit.com/r/Warhammer40k/comments/1q2076m/i_love_this_ring_so_much_is_it_too_edgy_for/,General Discussion
1koewac,Warhammer40k,2025-05-16,2025-05,2025,“Overrun” a wall hanger diorama,Hobby &amp; Painting,4344,49,https://reddit.com/r/Warhammer40k/comments/1koewac/overrun_a_wall_hanger_diorama/,Hobby & Painting
1qfditq,Warhammer40k,2026-01-17,2026-01,2026,I upgraded my Lotara Sarrin cosplay in celebration of her new miniature (which I painted).,Hobby &amp; Painting,4335,74,https://reddit.com/r/Warhammer40k/comments/1qfditq/i_upgraded_my_lotara_sarrin_cosplay_in/,Hobby & Painting
1jo7cxf,Warhammer40k,2025-03-31,2025-03,2025,Inner Circle Companions,Hobby &amp; Painting,4323,36,https://reddit.com/r/Warhammer40k/comments/1jo7cxf/inner_circle_companions/,Hobby & Painting
1mq0wyu,Warhammer40k,2025-08-14,2025-08,2025,Updated Armour Mark Poster from White Dwarf - 2025,Lore,4322,292,https://reddit.com/r/Warhammer40k/comments/1mq0wyu/updated_armour_mark_poster_from_white_dwarf_2025/,Lore & Narrative
1nx3pzd,Warhammer40k,2025-10-03,2025-10,2025,WIP freehand leather holster,Hobby &amp; Painting,4323,83,https://reddit.com/r/Warhammer40k/comments/1nx3pzd/wip_freehand_leather_holster/,Hobby & Painting
1lh2xit,Warhammer40k,2025-06-21,2025-06,2025,Ultramarines Lieutenant Conversion,Hobby &amp; Painting,4304,41,https://reddit.com/r/Warhammer40k/comments/1lh2xit/ultramarines_lieutenant_conversion/,Hobby & Painting
1l6069w,Warhammer40k,2025-06-08,2025-06,2025,Framed Painted Sprue - First Ultramarine,Hobby &amp; Painting,4291,94,https://reddit.com/r/Warhammer40k/comments/1l6069w/framed_painted_sprue_first_ultramarine/,Hobby & Painting
1m75ttf,Warhammer40k,2025-07-23,2025-07,2025,My Logan Grimnar finished :),Hobby &amp; Painting,4287,42,https://reddit.com/r/Warhammer40k/comments/1m75ttf/my_logan_grimnar_finished/,Hobby & Painting
1pxhvxm,Warhammer40k,2025-12-28,2025-12,2025,Dad asked me to make him into a primaris captain for Christmas,Hobby &amp; Painting,4293,93,https://reddit.com/r/Warhammer40k/comments/1pxhvxm/dad_asked_me_to_make_him_into_a_primaris_captain/,Hobby & Painting
1orvvv2,Warhammer40k,2025-11-08,2025-11,2025,"Some WIPs of my skin process on a Khornate Demon’s skin using various materials such as Polychroma Pencil, Enamels, Varnishes and shades.",Hobby &amp; Painting,4266,103,https://reddit.com/r/Warhammer40k/comments/1orvvv2/some_wips_of_my_skin_process_on_a_khornate_demons/,Hobby & Painting
1q0r3r5,Warhammer40k,2026-01-01,2026-01,2026,Mum said it's my turn to year post: 2025,Hobby &amp; Painting,4262,88,https://reddit.com/r/Warhammer40k/comments/1q0r3r5/mum_said_its_my_turn_to_year_post_2025/,Hobby & Painting
1jmjkb1,Warhammer40k,2025-03-29,2025-03,2025,"""Show us the back"" was one of the top responses when I posted my Synthwave Terminator, so here it is:",Hobby &amp; Painting,4266,85,https://reddit.com/r/Warhammer40k/comments/1jmjkb1/show_us_the_back_was_one_of_the_top_responses/,Hobby & Painting
1oggehs,Warhammer40k,2025-10-26,2025-10,2025,"An Abominable Intelligence Sentinel, a relic from the Dark Age of Technology in service to Vashtorr. Definitely not a Matrix Squiddy.",Hobby &amp; Painting,4251,51,https://reddit.com/r/Warhammer40k/comments/1oggehs/an_abominable_intelligence_sentinel_a_relic_from/,Hobby & Painting
1pukobz,Warhammer40k,2025-12-24,2025-12,2025,Wait until the guy who realised where Beaky helms comes from finds out where death korps of kreig inspiration came from...,Lore,4239,325,https://reddit.com/r/Warhammer40k/comments/1pukobz/wait_until_the_guy_who_realised_where_beaky_helms/,Lore & Narrative
1jebdhn,Warhammer40k,2025-03-18,2025-03,2025,Can i use 30k apothecary in my 40k army?,Rules,4247,307,https://reddit.com/r/Warhammer40k/comments/1jebdhn/can_i_use_30k_apothecary_in_my_40k_army/,General Discussion
1panko2,Warhammer40k,2025-11-30,2025-11,2025,Deathwatch Kill Team,Hobby &amp; Painting,4243,92,https://reddit.com/r/Warhammer40k/comments/1panko2/deathwatch_kill_team/,Hobby & Painting
1r6br1b,Warhammer40k,2026-02-16,2026-02,2026,Defend the Cadian Gate with the Archmagos Terminus and new Skitarii heavies,News &amp; Rumours,4246,311,https://reddit.com/r/Warhammer40k/comments/1r6br1b/defend_the_cadian_gate_with_the_archmagos/,New Releases & News
1pbv2gt,Warhammer40k,2025-12-02,2025-12,2025,Hobby problems out at sea,Hobby &amp; Painting,4233,272,https://reddit.com/r/Warhammer40k/comments/1pbv2gt/hobby_problems_out_at_sea/,Hobby & Painting
1lfvno8,Warhammer40k,2025-06-20,2025-06,2025,Holomap complete (for now),Hobby &amp; Painting,4230,53,https://reddit.com/r/Warhammer40k/comments/1lfvno8/holomap_complete_for_now/,Hobby & Painting
1jl68yp,Warhammer40k,2025-03-27,2025-03,2025,"I saw a lot of people saying they weren't fond of the scheme GW used to show off the new Sekhetar Robots, so I made a little edit to see how they would look in more traditional colours.",Misc,4228,285,https://reddit.com/r/Warhammer40k/comments/1jl68yp/i_saw_a_lot_of_people_saying_they_werent_fond_of/,General Discussion
1o6cm59,Warhammer40k,2025-10-14,2025-10,2025,"""The Desecration of Ultramar"", My Picture Frame Diorama",Hobby &amp; Painting,4224,49,https://reddit.com/r/Warhammer40k/comments/1o6cm59/the_desecration_of_ultramar_my_picture_frame/,Hobby & Painting
1mjonvl,Warhammer40k,2025-08-07,2025-08,2025,Wanted to give my drop pod a dynamic pose,Hobby &amp; Painting,4211,95,https://reddit.com/r/Warhammer40k/comments/1mjonvl/wanted_to_give_my_drop_pod_a_dynamic_pose/,Hobby & Painting
1pi4k56,Warhammer40k,2025-12-09,2025-12,2025,Giving my Niece her first starter army for Christmas!,New Starter Help,4207,138,https://reddit.com/r/Warhammer40k/comments/1pi4k56/giving_my_niece_her_first_starter_army_for/,New Player / Getting Started
1k53geb,Warhammer40k,2025-04-22,2025-04,2025,Warhammer 40K Hot Takes!,Misc,4198,1969,https://reddit.com/r/Warhammer40k/comments/1k53geb/warhammer_40k_hot_takes/,General Discussion
1qkwfjd,Warhammer40k,2026-01-23,2026-01,2026,Halt mandatory painting inspection,Hobby &amp; Painting,4188,2562,https://reddit.com/r/Warhammer40k/comments/1qkwfjd/halt_mandatory_painting_inspection/,Hobby & Painting
1mz1s83,Warhammer40k,2025-08-24,2025-08,2025,Plasma cannon,Hobby &amp; Painting,4196,54,https://reddit.com/r/Warhammer40k/comments/1mz1s83/plasma_cannon/,Hobby & Painting
1k7tfm8,Warhammer40k,2025-04-25,2025-04,2025,Assault Terminator Conversions finished!,Hobby &amp; Painting,4181,59,https://reddit.com/r/Warhammer40k/comments/1k7tfm8/assault_terminator_conversions_finished/,Hobby & Painting
1lp2tis,Warhammer40k,2025-07-01,2025-07,2025,A Memorial to a Fallen Brother: Internment,Hobby &amp; Painting,4184,54,https://reddit.com/r/Warhammer40k/comments/1lp2tis/a_memorial_to_a_fallen_brother_internment/,Hobby & Painting
1oox3ur,Warhammer40k,2025-11-05,2025-11,2025,Scorpion Type 1,Hobby &amp; Painting,4168,135,https://reddit.com/r/Warhammer40k/comments/1oox3ur/scorpion_type_1/,Hobby & Painting
1kztqm2,Warhammer40k,2025-05-31,2025-05,2025,Meat Maw 2.0,Hobby &amp; Painting,4164,741,https://reddit.com/r/Warhammer40k/comments/1kztqm2/meat_maw_20/,Hobby & Painting
1n3ccpz,Warhammer40k,2025-08-29,2025-08,2025,"Bit last minute, but got the Kasrkin cosplay done in time for #PAXWest2025","Art, Cosplay &amp; OC",4160,47,https://reddit.com/r/Warhammer40k/comments/1n3ccpz/bit_last_minute_but_got_the_kasrkin_cosplay_done/,General Discussion
1nbof50,Warhammer40k,2025-09-08,2025-09,2025,Lady Malys stands tall over the new Codex: Drukhari - Warhammer Community,News &amp; Rumours,4157,364,https://reddit.com/r/Warhammer40k/comments/1nbof50/lady_malys_stands_tall_over_the_new_codex/,New Releases & News
1kyk6o6,Warhammer40k,2025-05-29,2025-05,2025,"Testing out new paints for red armour, hope you enjoy",Hobby &amp; Painting,4160,200,https://reddit.com/r/Warhammer40k/comments/1kyk6o6/testing_out_new_paints_for_red_armour_hope_you/,Hobby & Painting
1qp5pz0,Warhammer40k,2026-01-28,2026-01,2026,Mt take on Nightbringer🎨,Hobby &amp; Painting,4153,156,https://reddit.com/r/Warhammer40k/comments/1qp5pz0/mt_take_on_nightbringer/,Hobby & Painting
1prkw00,Warhammer40k,2025-12-20,2025-12,2025,Eldar ‘Spitfire’ Grav-tank,Hobby &amp; Painting,4144,97,https://reddit.com/r/Warhammer40k/comments/1prkw00/eldar_spitfire_gravtank/,Hobby & Painting
1k6d3pb,Warhammer40k,2025-04-23,2025-04,2025,Repulsor Executioner,Hobby &amp; Painting,4140,62,https://reddit.com/r/Warhammer40k/comments/1k6d3pb/repulsor_executioner/,Hobby & Painting
1m89uux,Warhammer40k,2025-07-24,2025-07,2025,"Adeptus Astartes, the Emperors beautiful angels. Warhammer 40k spacemarines/ ultramarines fanart, painted by me.","Art, Cosplay &amp; OC",4130,116,https://reddit.com/r/Warhammer40k/comments/1m89uux/adeptus_astartes_the_emperors_beautiful_angels/,Hobby & Painting
1jmsauz,Warhammer40k,2025-03-29,2025-03,2025,Transport capacity is still 10,Hobby &amp; Painting,4130,45,https://reddit.com/r/Warhammer40k/comments/1jmsauz/transport_capacity_is_still_10/,Hobby & Painting
1qcznkw,Warhammer40k,2026-01-14,2026-01,2026,Been practicing painting in a Comic Style over the last few months on these Space Marines (heavily inspired by Thunderbrush).,Hobby &amp; Painting,4117,115,https://reddit.com/r/Warhammer40k/comments/1qcznkw/been_practicing_painting_in_a_comic_style_over/,Hobby & Painting
1ov8wrm,Warhammer40k,2025-11-12,2025-11,2025,Regret Regret Regret,"Art, Cosplay &amp; OC",4107,111,https://reddit.com/r/Warhammer40k/comments/1ov8wrm/regret_regret_regret/,General Discussion
1k1pgks,Warhammer40k,2025-04-17,2025-04,2025,"In the grim darkness of the far future, we have 3 pin plug sockets.",Lore,4110,195,https://reddit.com/r/Warhammer40k/comments/1k1pgks/in_the_grim_darkness_of_the_far_future_we_have_3/,Lore & Narrative
1lvlth9,Warhammer40k,2025-07-09,2025-07,2025,Chaos Daemons,Hobby &amp; Painting,4098,115,https://reddit.com/r/Warhammer40k/comments/1lvlth9/chaos_daemons/,Hobby & Painting
1juliap,Warhammer40k,2025-04-08,2025-04,2025,Fire support has arrived,Hobby &amp; Painting,4094,90,https://reddit.com/r/Warhammer40k/comments/1juliap/fire_support_has_arrived/,Hobby & Painting
1l4rckm,Warhammer40k,2025-06-06,2025-06,2025,"This is not a print.
This is not a decal.
It’s an artist’s hand, a brush, and Sanguinius on a cloak.",Hobby &amp; Painting,4076,88,https://reddit.com/r/Warhammer40k/comments/1l4rckm/this_is_not_a_print_this_is_not_a_decal_its_an/,Hobby & Painting
1kifyaj,Warhammer40k,2025-05-09,2025-05,2025,Flawless Blades proxy - First time creating a rainy and gloomy atmosphere for my miniature. Totally worth the effort!,Hobby &amp; Painting,4075,144,https://reddit.com/r/Warhammer40k/comments/1kifyaj/flawless_blades_proxy_first_time_creating_a_rainy/,Hobby & Painting
1mv6584,Warhammer40k,2025-08-20,2025-08,2025,My daughters first paint C&amp;C welcome,Hobby &amp; Painting,4072,601,https://reddit.com/r/Warhammer40k/comments/1mv6584/my_daughters_first_paint_cc_welcome/,Hobby & Painting
1phrxwy,Warhammer40k,2025-12-08,2025-12,2025,"Is the Golden Throne a literal chair with the Emperor corpse sitting above it, or a closed coffin?",Lore,4062,270,https://reddit.com/r/Warhammer40k/comments/1phrxwy/is_the_golden_throne_a_literal_chair_with_the/,Lore & Narrative
1jt5h8b,Warhammer40k,2025-04-06,2025-04,2025,Why do the Astartes stop using bayonets in their infantry after the Horus Heresy?,Lore,4063,237,https://reddit.com/r/Warhammer40k/comments/1jt5h8b/why_do_the_astartes_stop_using_bayonets_in_their/,Lore & Narrative
1poxnw0,Warhammer40k,2025-12-17,2025-12,2025,Fulgrim – Daemon Primarch of Slaanesh,Hobby &amp; Painting,4050,62,https://reddit.com/r/Warhammer40k/comments/1poxnw0/fulgrim_daemon_primarch_of_slaanesh/,Hobby & Painting
1n5qcao,Warhammer40k,2025-09-01,2025-09,2025,"space maid codex, now free.",Misc,4029,160,https://reddit.com/r/Warhammer40k/comments/1n5qcao/space_maid_codex_now_free/,New Releases & News
1knud43,Warhammer40k,2025-05-16,2025-05,2025,He's right behind me isn't he...,Hobby &amp; Painting,4029,30,https://reddit.com/r/Warhammer40k/comments/1knud43/hes_right_behind_me_isnt_he/,Hobby & Painting
1jvy1al,Warhammer40k,2025-04-10,2025-04,2025,Does this read as gold?,Hobby &amp; Painting,4032,139,https://reddit.com/r/Warhammer40k/comments/1jvy1al/does_this_read_as_gold/,Hobby & Painting
1o09bze,Warhammer40k,2025-10-07,2025-10,2025,Converted Centos into Malum Caedo!,Hobby &amp; Painting,4023,84,https://reddit.com/r/Warhammer40k/comments/1o09bze/converted_centos_into_malum_caedo/,Hobby & Painting
1o2718y,Warhammer40k,2025-10-09,2025-10,2025,The Hive Tyrant is finally done,Hobby &amp; Painting,4015,63,https://reddit.com/r/Warhammer40k/comments/1o2718y/the_hive_tyrant_is_finally_done/,Hobby & Painting
1qgllv5,Warhammer40k,2026-01-18,2026-01,2026,Actually Fully Articulated Dreadnought Assembly,Hobby &amp; Painting,4006,113,https://reddit.com/r/Warhammer40k/comments/1qgllv5/actually_fully_articulated_dreadnought_assembly/,Hobby & Painting
1nh1b0d,Warhammer40k,2025-09-14,2025-09,2025,Freehand pinups for my Basilisk,Hobby &amp; Painting,4009,181,https://reddit.com/r/Warhammer40k/comments/1nh1b0d/freehand_pinups_for_my_basilisk/,Hobby & Painting
1mk4l6z,Warhammer40k,2025-08-07,2025-08,2025,Mom's getting into it,Misc,3993,94,https://reddit.com/r/Warhammer40k/comments/1mk4l6z/moms_getting_into_it/,New Player / Getting Started
1o5gqrg,Warhammer40k,2025-10-13,2025-10,2025,Finished my Emperor's Champion!,Hobby &amp; Painting,3987,45,https://reddit.com/r/Warhammer40k/comments/1o5gqrg/finished_my_emperors_champion/,Hobby & Painting
1n4wmhr,Warhammer40k,2025-08-31,2025-08,2025,"Finished my Logan Grimnar by night. Was a fun little experiment but probably won’t do any more night time models, you miss out on painting so much of the model.",Hobby &amp; Painting,3989,50,https://reddit.com/r/Warhammer40k/comments/1n4wmhr/finished_my_logan_grimnar_by_night_was_a_fun/,Hobby & Painting
1lkb7jt,Warhammer40k,2025-06-25,2025-06,2025,I painted an Ultramarine on his sprue. I think i will leave him there,Hobby &amp; Painting,3984,225,https://reddit.com/r/Warhammer40k/comments/1lkb7jt/i_painted_an_ultramarine_on_his_sprue_i_think_i/,Hobby & Painting
1opinpk,Warhammer40k,2025-11-05,2025-11,2025,Blood for the blood god,Hobby &amp; Painting,3972,63,https://reddit.com/r/Warhammer40k/comments/1opinpk/blood_for_the_blood_god/,Hobby & Painting
1jtz1ms,Warhammer40k,2025-04-07,2025-04,2025,Test model for my Poison Dart Frog themed chapter,Hobby &amp; Painting,3966,67,https://reddit.com/r/Warhammer40k/comments/1jtz1ms/test_model_for_my_poison_dart_frog_themed_chapter/,Hobby & Painting
1qo3uxs,Warhammer40k,2026-01-27,2026-01,2026,Finished painting up my Krieg Primaris Psykers based on Artillery Witches from Trench Crusade.,Hobby &amp; Painting,3972,58,https://reddit.com/r/Warhammer40k/comments/1qo3uxs/finished_painting_up_my_krieg_primaris_psykers/,Hobby & Painting
1ncex86,Warhammer40k,2025-09-09,2025-09,2025,Ticked off a bucket list project. 12yo me would be stoked.,Hobby &amp; Painting,3966,100,https://reddit.com/r/Warhammer40k/comments/1ncex86/ticked_off_a_bucket_list_project_12yo_me_would_be/,Hobby & Painting
1oni0n9,Warhammer40k,2025-11-03,2025-11,2025,"“The Hunt”. My first diorama, I hope y’all dig it :)",Hobby &amp; Painting,3956,103,https://reddit.com/r/Warhammer40k/comments/1oni0n9/the_hunt_my_first_diorama_i_hope_yall_dig_it/,Hobby & Painting
1rj3oh9,Warhammer40k,2026-03-02,2026-03,2026,Decided to bring my Husky into 40k,Hobby &amp; Painting,3954,41,https://reddit.com/r/Warhammer40k/comments/1rj3oh9/decided_to_bring_my_husky_into_40k/,Hobby & Painting
1rddajp,Warhammer40k,2026-02-24,2026-02,2026,He's the king of the Hive Scum in these alleys!,Hobby &amp; Painting,3959,274,https://reddit.com/r/Warhammer40k/comments/1rddajp/hes_the_king_of_the_hive_scum_in_these_alleys/,Hobby & Painting
1mgimub,Warhammer40k,2025-08-03,2025-08,2025,A 1988 Exo terminator next to a 2025 Saturnine!,Hobby &amp; Painting,3950,56,https://reddit.com/r/Warhammer40k/comments/1mgimub/a_1988_exo_terminator_next_to_a_2025_saturnine/,Hobby & Painting
1l97wce,Warhammer40k,2025-06-11,2025-06,2025,A Memorial to a fallen Brother,Hobby &amp; Painting,3948,102,https://reddit.com/r/Warhammer40k/comments/1l97wce/a_memorial_to_a_fallen_brother/,Hobby & Painting
1m3be6n,Warhammer40k,2025-07-18,2025-07,2025,The Big Summer Preview – Champions of the First Founding - Warhammer Community,News &amp; Rumours,3947,489,https://reddit.com/r/Warhammer40k/comments/1m3be6n/the_big_summer_preview_champions_of_the_first/,New Releases & News
1jssgze,Warhammer40k,2025-04-06,2025-04,2025,No.... These relics are not stolen...,"Art, Cosplay &amp; OC",3946,53,https://reddit.com/r/Warhammer40k/comments/1jssgze/no_these_relics_are_not_stolen/,General Discussion
1owuafq,Warhammer40k,2025-11-14,2025-11,2025,I won Judge's Choice! Here's some pics they didn't show,Hobby &amp; Painting,3938,149,https://reddit.com/r/Warhammer40k/comments/1owuafq/i_won_judges_choice_heres_some_pics_they_didnt/,Hobby & Painting
1ljx3wd,Warhammer40k,2025-06-25,2025-06,2025,Cursed tank number 3,Hobby &amp; Painting,3932,335,https://reddit.com/r/Warhammer40k/comments/1ljx3wd/cursed_tank_number_3/,Hobby & Painting
1p02545,Warhammer40k,2025-11-18,2025-11,2025,10 Years difference :O,Hobby &amp; Painting,3921,52,https://reddit.com/r/Warhammer40k/comments/1p02545/10_years_difference_o/,Hobby & Painting
1l2enaz,Warhammer40k,2025-06-03,2025-06,2025,Saturnine Armor,"Art, Cosplay &amp; OC",3920,95,https://reddit.com/r/Warhammer40k/comments/1l2enaz/saturnine_armor/,General Discussion
1ln749e,Warhammer40k,2025-06-29,2025-06,2025,All Aboard for Boarding Actions,Hobby &amp; Painting,3917,94,https://reddit.com/r/Warhammer40k/comments/1ln749e/all_aboard_for_boarding_actions/,Hobby & Painting
1lqycus,Warhammer40k,2025-07-03,2025-07,2025,Kitbashed Captain for my Homebrew Successor Chapter!,Hobby &amp; Painting,3921,53,https://reddit.com/r/Warhammer40k/comments/1lqycus/kitbashed_captain_for_my_homebrew_successor/,Hobby & Painting
1pwnqa9,Warhammer40k,2025-12-27,2025-12,2025,"""Retired"" Custodian from Warhammer Community","Art, Cosplay &amp; OC",3913,129,https://reddit.com/r/Warhammer40k/comments/1pwnqa9/retired_custodian_from_warhammer_community/,General Discussion
1mgqks1,Warhammer40k,2025-08-03,2025-08,2025,Phobos Captain America,Hobby &amp; Painting,3907,50,https://reddit.com/r/Warhammer40k/comments/1mgqks1/phobos_captain_america/,Hobby & Painting
1jucion,Warhammer40k,2025-04-08,2025-04,2025,"Help, does this read as hot glowing metal?",Hobby &amp; Painting,3900,200,https://reddit.com/r/Warhammer40k/comments/1jucion/help_does_this_read_as_hot_glowing_metal/,Hobby & Painting
1mjx7lo,Warhammer40k,2025-08-07,2025-08,2025,First Halo Brethren Models Painted :),Hobby &amp; Painting,3900,79,https://reddit.com/r/Warhammer40k/comments/1mjx7lo/first_halo_brethren_models_painted/,Hobby & Painting
1mk6pfk,Warhammer40k,2025-08-07,2025-08,2025,"Size comparison, center-aligned bases, left to right: Saturnine Terminator - Primaris Terminator - Primaris Sternguard Veteran - Saturnine MKII Marine - Death Korps Trooper (Kill Team)",Hobby &amp; Painting,3903,191,https://reddit.com/r/Warhammer40k/comments/1mk6pfk/size_comparison_centeraligned_bases_left_to_right/,Hobby & Painting
1m4muh0,Warhammer40k,2025-07-20,2025-07,2025,Competition Entry,Hobby &amp; Painting,3895,84,https://reddit.com/r/Warhammer40k/comments/1m4muh0/competition_entry/,Hobby & Painting
1omkx60,Warhammer40k,2025-11-02,2025-11,2025,Is four freehands per Knight a rookie number?,Hobby &amp; Painting,3887,104,https://reddit.com/r/Warhammer40k/comments/1omkx60/is_four_freehands_per_knight_a_rookie_number/,Hobby & Painting
1jcuqqc,Warhammer40k,2025-03-16,2025-03,2025,Raptors Captain.,Hobby &amp; Painting,3895,37,https://reddit.com/r/Warhammer40k/comments/1jcuqqc/raptors_captain/,Hobby & Painting
1mesjlx,Warhammer40k,2025-08-01,2025-08,2025,Emperor Daughter,Hobby &amp; Painting,3879,568,https://reddit.com/r/Warhammer40k/comments/1mesjlx/emperor_daughter/,Hobby & Painting
1pk4s9p,Warhammer40k,2025-12-11,2025-12,2025,Gabriel Seth crossed the rubicon,Hobby &amp; Painting,3873,81,https://reddit.com/r/Warhammer40k/comments/1pk4s9p/gabriel_seth_crossed_the_rubicon/,Hobby & Painting
1leckee,Warhammer40k,2025-06-18,2025-06,2025,1v1 me bro,Hobby &amp; Painting,3875,63,https://reddit.com/r/Warhammer40k/comments/1leckee/1v1_me_bro/,Hobby & Painting
1rmj2z1,Warhammer40k,2026-03-06,2026-03,2026,I don't mind the name change or the new design but they should put this guy back on the paint.,Misc,3867,110,https://reddit.com/r/Warhammer40k/comments/1rmj2z1/i_dont_mind_the_name_change_or_the_new_design_but/,General Discussion
1li191b,Warhammer40k,2025-06-22,2025-06,2025,Ogryn Bodyguard.,Hobby &amp; Painting,3857,38,https://reddit.com/r/Warhammer40k/comments/1li191b/ogryn_bodyguard/,Hobby & Painting
1r5e3x5,Warhammer40k,2026-02-15,2026-02,2026,Khorne Berzerker costume I made for my son’s school costume party,"Art, Cosplay &amp; OC",3854,74,https://reddit.com/r/Warhammer40k/comments/1r5e3x5/khorne_berzerker_costume_i_made_for_my_sons/,General Discussion
1lbrs4q,Warhammer40k,2025-06-15,2025-06,2025,"Sir, I found a xeno...",Hobby &amp; Painting,3856,53,https://reddit.com/r/Warhammer40k/comments/1lbrs4q/sir_i_found_a_xeno/,Hobby & Painting
1lhlny4,Warhammer40k,2025-06-22,2025-06,2025,Flameswords tutorial,Hobby &amp; Painting,3843,104,https://reddit.com/r/Warhammer40k/comments/1lhlny4/flameswords_tutorial/,Hobby & Painting
1kbi4gl,Warhammer40k,2025-04-30,2025-04,2025,Cadian sniper team diorama,Hobby &amp; Painting,3840,78,https://reddit.com/r/Warhammer40k/comments/1kbi4gl/cadian_sniper_team_diorama/,Hobby & Painting
1pqizk9,Warhammer40k,2025-12-19,2025-12,2025,Raven Guard's most suave assassin revealed,Hobby &amp; Painting,3843,86,https://reddit.com/r/Warhammer40k/comments/1pqizk9/raven_guards_most_suave_assassin_revealed/,Hobby & Painting
1n0xigm,Warhammer40k,2025-08-26,2025-08,2025,Dreadnaught wood carving im working on,Hobby &amp; Painting,3832,59,https://reddit.com/r/Warhammer40k/comments/1n0xigm/dreadnaught_wood_carving_im_working_on/,Hobby & Painting
1pqnpzp,Warhammer40k,2025-12-19,2025-12,2025,5 foot tall Imperator titan Paintover,Hobby &amp; Painting,3825,97,https://reddit.com/r/Warhammer40k/comments/1pqnpzp/5_foot_tall_imperator_titan_paintover/,Hobby & Painting
1oi50p5,Warhammer40k,2025-10-28,2025-10,2025,My Hive Tyrant - Infected Dreadnought,Hobby &amp; Painting,3824,60,https://reddit.com/r/Warhammer40k/comments/1oi50p5/my_hive_tyrant_infected_dreadnought/,Hobby & Painting
1m0m7pl,Warhammer40k,2025-07-15,2025-07,2025,Horus Armor,"Art, Cosplay &amp; OC",3821,224,https://reddit.com/r/Warhammer40k/comments/1m0m7pl/horus_armor/,General Discussion
1kg2pst,Warhammer40k,2025-05-06,2025-05,2025,My (almost finished) Adepta Sororitas Cosplay,"Art, Cosplay &amp; OC",3819,83,https://reddit.com/r/Warhammer40k/comments/1kg2pst/my_almost_finished_adepta_sororitas_cosplay/,General Discussion
1qb0btp,Warhammer40k,2026-01-12,2026-01,2026,Carcharodons Siege Assault Vanguard,Hobby &amp; Painting,3812,55,https://reddit.com/r/Warhammer40k/comments/1qb0btp/carcharodons_siege_assault_vanguard/,Hobby & Painting
1purpu9,Warhammer40k,2025-12-24,2025-12,2025,My GF made me this Stocking,Misc,3806,54,https://reddit.com/r/Warhammer40k/comments/1purpu9/my_gf_made_me_this_stocking/,General Discussion
1qjb2n6,Warhammer40k,2026-01-21,2026-01,2026,Painted my life size bolter,Hobby &amp; Painting,3807,70,https://reddit.com/r/Warhammer40k/comments/1qjb2n6/painted_my_life_size_bolter/,Hobby & Painting
1pyy2t1,Warhammer40k,2025-12-29,2025-12,2025,"Ahriman ""Cast a gun upon you!""",Hobby &amp; Painting,3803,62,https://reddit.com/r/Warhammer40k/comments/1pyy2t1/ahriman_cast_a_gun_upon_you/,Hobby & Painting
1njenr0,Warhammer40k,2025-09-17,2025-09,2025,Unexpected James Workshop win,Hobby &amp; Painting,3799,101,https://reddit.com/r/Warhammer40k/comments/1njenr0/unexpected_james_workshop_win/,Hobby & Painting
1mwb2ko,Warhammer40k,2025-08-21,2025-08,2025,"Warhammer 40,000: Dawn of War 4 devs don’t think RTS games will ever “be the big genre again” for PC gamers, but they’re happy filling a beloved niche",Video Games,3797,286,https://reddit.com/r/Warhammer40k/comments/1mwb2ko/warhammer_40000_dawn_of_war_4_devs_dont_think_rts/,Video Games & Digital
1mx59hm,Warhammer40k,2025-08-22,2025-08,2025,"The satisfaction of painting and assembling miniatures is something truly unique.
When you take a grey model in your hands and, after hours of work, hold a hero that looks alive – you feel pride.",Hobby &amp; Painting,3793,66,https://reddit.com/r/Warhammer40k/comments/1mx59hm/the_satisfaction_of_painting_and_assembling/,Hobby & Painting
1jfl9tw,Warhammer40k,2025-03-20,2025-03,2025,Work in Progress,Hobby &amp; Painting,3781,50,https://reddit.com/r/Warhammer40k/comments/1jfl9tw/work_in_progress/,Hobby & Painting
1rlyhfn,Warhammer40k,2026-03-06,2026-03,2026,Meet my Oathsworn Knights!,Hobby &amp; Painting,3788,96,https://reddit.com/r/Warhammer40k/comments/1rlyhfn/meet_my_oathsworn_knights/,Hobby & Painting
1m08lgs,Warhammer40k,2025-07-15,2025-07,2025,My Daemon Prince of Nurgle kitbash,Hobby &amp; Painting,3782,93,https://reddit.com/r/Warhammer40k/comments/1m08lgs/my_daemon_prince_of_nurgle_kitbash/,Hobby & Painting
1p1ar1o,Warhammer40k,2025-11-19,2025-11,2025,"I-scream, you scream, we all scream for Ice cream",Hobby &amp; Painting,3778,109,https://reddit.com/r/Warhammer40k/comments/1p1ar1o/iscream_you_scream_we_all_scream_for_ice_cream/,Hobby & Painting
1mapdcf,Warhammer40k,2025-07-27,2025-07,2025,The tea container has been installed,Hobby &amp; Painting,3775,66,https://reddit.com/r/Warhammer40k/comments/1mapdcf/the_tea_container_has_been_installed/,Hobby & Painting
1qs59v2,Warhammer40k,2026-01-31,2026-01,2026,Start of a 2nd edition themed army,Hobby &amp; Painting,3766,142,https://reddit.com/r/Warhammer40k/comments/1qs59v2/start_of_a_2nd_edition_themed_army/,Hobby & Painting
1jretdn,Warhammer40k,2025-04-04,2025-04,2025,Deathmarks killing from the shadows!,Hobby &amp; Painting,3769,48,https://reddit.com/r/Warhammer40k/comments/1jretdn/deathmarks_killing_from_the_shadows/,Hobby & Painting
1jorvy1,Warhammer40k,2025-04-01,2025-04,2025,Stand out from the flock with the new “Warhammer: Tactical Rock” - Warhammer Community,News &amp; Rumours,3772,110,https://reddit.com/r/Warhammer40k/comments/1jorvy1/stand_out_from_the_flock_with_the_new_warhammer/,New Releases & News
1lfxc7j,Warhammer40k,2025-06-20,2025-06,2025,Work in progress seige consol,Hobby &amp; Painting,3762,27,https://reddit.com/r/Warhammer40k/comments/1lfxc7j/work_in_progress_seige_consol/,Hobby & Painting
1rj8ic8,Warhammer40k,2026-03-02,2026-03,2026,Mural that was being done at a hobby shop I like to go to!,Hobby &amp; Painting,3755,91,https://reddit.com/r/Warhammer40k/comments/1rj8ic8/mural_that_was_being_done_at_a_hobby_shop_i_like/,Hobby & Painting
1k9qyeu,Warhammer40k,2025-04-28,2025-04,2025,I kitbashed a 40k Apothecary using a model I really dislike,Hobby &amp; Painting,3758,90,https://reddit.com/r/Warhammer40k/comments/1k9qyeu/i_kitbashed_a_40k_apothecary_using_a_model_i/,Hobby & Painting
1rdktpy,Warhammer40k,2026-02-24,2026-02,2026,Lowkey proud of how this bad boy turned out,Hobby &amp; Painting,3750,69,https://reddit.com/r/Warhammer40k/comments/1rdktpy/lowkey_proud_of_how_this_bad_boy_turned_out/,Hobby & Painting
1qmipxa,Warhammer40k,2026-01-25,2026-01,2026,Death arrives,Hobby &amp; Painting,3747,19,https://reddit.com/r/Warhammer40k/comments/1qmipxa/death_arrives/,Hobby & Painting
1ppmneq,Warhammer40k,2025-12-18,2025-12,2025,Currently working on an imperial fists dreadnought.,Hobby &amp; Painting,3742,56,https://reddit.com/r/Warhammer40k/comments/1ppmneq/currently_working_on_an_imperial_fists_dreadnought/,Hobby & Painting
1qwucz6,Warhammer40k,2026-02-05,2026-02,2026,HALT CITIZEN ! Tell me the dumbest/weirdest/most WTF piece of lore you have.,Lore,3747,1295,https://reddit.com/r/Warhammer40k/comments/1qwucz6/halt_citizen_tell_me_the_dumbestweirdestmost_wtf/,Lore & Narrative
1oacolu,Warhammer40k,2025-10-19,2025-10,2025,Do you think we will ever see chaos dreadnoughts again?,Misc,3739,282,https://reddit.com/r/Warhammer40k/comments/1oacolu/do_you_think_we_will_ever_see_chaos_dreadnoughts/,General Discussion
1lbddvs,Warhammer40k,2025-06-14,2025-06,2025,Dedication,"Art, Cosplay &amp; OC",3720,71,https://reddit.com/r/Warhammer40k/comments/1lbddvs/dedication/,General Discussion
1kre8eq,Warhammer40k,2025-05-20,2025-05,2025,Random 40k stuff I’ve been painting lately,Hobby &amp; Painting,3724,95,https://reddit.com/r/Warhammer40k/comments/1kre8eq/random_40k_stuff_ive_been_painting_lately/,Hobby & Painting
1jx13o6,Warhammer40k,2025-04-11,2025-04,2025,Follow up to my inspector gadget post. Here is is compared to our warlord titan,Hobby &amp; Painting,3726,46,https://reddit.com/r/Warhammer40k/comments/1jx13o6/follow_up_to_my_inspector_gadget_post_here_is_is/,Hobby & Painting
1my37vw,Warhammer40k,2025-08-23,2025-08,2025,Some of my works,Hobby &amp; Painting,3717,24,https://reddit.com/r/Warhammer40k/comments/1my37vw/some_of_my_works/,Hobby & Painting
1mweduy,Warhammer40k,2025-08-21,2025-08,2025,Completed Sorcerer for my fortune-telling themed Night Lords warband!,Hobby &amp; Painting,3710,111,https://reddit.com/r/Warhammer40k/comments/1mweduy/completed_sorcerer_for_my_fortunetelling_themed/,Hobby & Painting
1p1mjq6,Warhammer40k,2025-11-19,2025-11,2025,Blood Angels Bladeguard,Hobby &amp; Painting,3715,56,https://reddit.com/r/Warhammer40k/comments/1p1mjq6/blood_angels_bladeguard/,Hobby & Painting
1jr8tct,Warhammer40k,2025-04-04,2025-04,2025,"Vashtorr, The Flayed",Hobby &amp; Painting,3707,64,https://reddit.com/r/Warhammer40k/comments/1jr8tct/vashtorr_the_flayed/,Hobby & Painting
1mb1zs5,Warhammer40k,2025-07-28,2025-07,2025,My little girl is VERY proud of her first Dreadnaught - show her some love?,Hobby &amp; Painting,3711,254,https://reddit.com/r/Warhammer40k/comments/1mb1zs5/my_little_girl_is_very_proud_of_her_first/,Hobby & Painting
1k9riet,Warhammer40k,2025-04-28,2025-04,2025,THE CONQUEROR,"Art, Cosplay &amp; OC",3707,91,https://reddit.com/r/Warhammer40k/comments/1k9riet/the_conqueror/,General Discussion
1py54qx,Warhammer40k,2025-12-28,2025-12,2025,"Only you guys will see these screens on the interior of my Land Raider, but I painted them anyways. I feel like its so pretty but such a waste.",Hobby &amp; Painting,3698,65,https://reddit.com/r/Warhammer40k/comments/1py54qx/only_you_guys_will_see_these_screens_on_the/,Hobby & Painting
1q1ncib,Warhammer40k,2026-01-02,2026-01,2026,"A year of art in reflection, Primarch series","Art, Cosplay &amp; OC",3698,143,https://reddit.com/r/Warhammer40k/comments/1q1ncib/a_year_of_art_in_reflection_primarch_series/,Lore & Narrative
1obtuun,Warhammer40k,2025-10-20,2025-10,2025,A NOT-Gulliman model that I recently finished,Hobby &amp; Painting,3696,116,https://reddit.com/r/Warhammer40k/comments/1obtuun/a_notgulliman_model_that_i_recently_finished/,Hobby & Painting
1ojg71b,Warhammer40k,2025-10-29,2025-10,2025,Legion of the Damned jet bike captain.,Hobby &amp; Painting,3690,32,https://reddit.com/r/Warhammer40k/comments/1ojg71b/legion_of_the_damned_jet_bike_captain/,Hobby & Painting
1nohd5n,Warhammer40k,2025-09-23,2025-09,2025,"I grow weary of this flesh I was born into, strangely disgusted by its nature.  [OC]","Art, Cosplay &amp; OC",3684,43,https://reddit.com/r/Warhammer40k/comments/1nohd5n/i_grow_weary_of_this_flesh_i_was_born_into/,General Discussion
1kvxsk5,Warhammer40k,2025-05-26,2025-05,2025,"How many armies do you have and what are they, For Science?",Hobby &amp; Painting,3688,2179,https://reddit.com/r/Warhammer40k/comments/1kvxsk5/how_many_armies_do_you_have_and_what_are_they_for/,Hobby & Painting
1mcmbnz,Warhammer40k,2025-07-29,2025-07,2025,"GW has sent me 3 of these, and I don’t know why",Misc,3684,251,https://reddit.com/r/Warhammer40k/comments/1mcmbnz/gw_has_sent_me_3_of_these_and_i_dont_know_why/,General Discussion
1qoqfa0,Warhammer40k,2026-01-27,2026-01,2026,2 1/2 years of improvement,Hobby &amp; Painting,3664,49,https://reddit.com/r/Warhammer40k/comments/1qoqfa0/2_12_years_of_improvement/,Hobby & Painting
1klm7im,Warhammer40k,2025-05-13,2025-05,2025,And here are they finished,Hobby &amp; Painting,3666,59,https://reddit.com/r/Warhammer40k/comments/1klm7im/and_here_are_they_finished/,Hobby & Painting
1l9821t,Warhammer40k,2025-06-11,2025-06,2025,Painted my boy,Hobby &amp; Painting,3664,21,https://reddit.com/r/Warhammer40k/comments/1l9821t/painted_my_boy/,Hobby & Painting
1myvqk5,Warhammer40k,2025-08-24,2025-08,2025,Would This Model be Allowed at a Tournament?,Rules,3654,127,https://reddit.com/r/Warhammer40k/comments/1myvqk5/would_this_model_be_allowed_at_a_tournament/,Competitive & Tournaments
1kvc4mo,Warhammer40k,2025-05-25,2025-05,2025,My converted(Lemartes) Night Lord...Chaos Lord w/jump-pack.,Hobby &amp; Painting,3653,35,https://reddit.com/r/Warhammer40k/comments/1kvc4mo/my_convertedlemartes_night_lordchaos_lord/,Hobby & Painting
1lsf5id,Warhammer40k,2025-07-05,2025-07,2025,WIP Black Templar Bladeguard Veteran,Hobby &amp; Painting,3657,54,https://reddit.com/r/Warhammer40k/comments/1lsf5id/wip_black_templar_bladeguard_veteran/,Hobby & Painting
1jesd7o,Warhammer40k,2025-03-19,2025-03,2025,Here's an even more corrupted model :D,Hobby &amp; Painting,3658,50,https://reddit.com/r/Warhammer40k/comments/1jesd7o/heres_an_even_more_corrupted_model_d/,Hobby & Painting
1mlg5js,Warhammer40k,2025-08-09,2025-08,2025,CAN YOU SMELL WHAT THE TACTICAL ROCK IS COOKIN'?!,Hobby &amp; Painting,3654,72,https://reddit.com/r/Warhammer40k/comments/1mlg5js/can_you_smell_what_the_tactical_rock_is_cookin/,Hobby & Painting
1kbfasi,Warhammer40k,2025-04-30,2025-04,2025,This is your reminder to keep going.,Hobby &amp; Painting,3658,92,https://reddit.com/r/Warhammer40k/comments/1kbfasi/this_is_your_reminder_to_keep_going/,Hobby & Painting
1l7vcfs,Warhammer40k,2025-06-10,2025-06,2025,"Golden helmets, upper hive constable guild",Hobby &amp; Painting,3646,55,https://reddit.com/r/Warhammer40k/comments/1l7vcfs/golden_helmets_upper_hive_constable_guild/,Hobby & Painting
1pmnofu,Warhammer40k,2025-12-14,2025-12,2025,24 hours challenge!,Hobby &amp; Painting,3651,76,https://reddit.com/r/Warhammer40k/comments/1pmnofu/24_hours_challenge/,Hobby & Painting
1pc69l5,Warhammer40k,2025-12-02,2025-12,2025,Was sick of painting white so I bought one of those paint markers and I must say I’m not disappointed,Hobby &amp; Painting,3647,202,https://reddit.com/r/Warhammer40k/comments/1pc69l5/was_sick_of_painting_white_so_i_bought_one_of/,Hobby & Painting
1o3g8o8,Warhammer40k,2025-10-10,2025-10,2025,Leather work,Hobby &amp; Painting,3644,56,https://reddit.com/r/Warhammer40k/comments/1o3g8o8/leather_work/,Hobby & Painting
1lzxows,Warhammer40k,2025-07-14,2025-07,2025,I Do Not Understand The Biotransference.,Lore,3641,362,https://reddit.com/r/Warhammer40k/comments/1lzxows/i_do_not_understand_the_biotransference/,Lore & Narrative
1jzm21o,Warhammer40k,2025-04-15,2025-04,2025,My life-sized Space Marine Terminator Helmet - critique and comments welcome,"Art, Cosplay &amp; OC",3643,120,https://reddit.com/r/Warhammer40k/comments/1jzm21o/my_lifesized_space_marine_terminator_helmet/,General Discussion
1q1bgdd,Warhammer40k,2026-01-01,2026-01,2026,Last model of 2025,Hobby &amp; Painting,3629,52,https://reddit.com/r/Warhammer40k/comments/1q1bgdd/last_model_of_2025/,Hobby & Painting
1muqqlh,Warhammer40k,2025-08-19,2025-08,2025,Dawn of War 4 Reveal Trailer | gamescom 2025,News &amp; Rumours,3627,591,https://reddit.com/r/Warhammer40k/comments/1muqqlh/dawn_of_war_4_reveal_trailer_gamescom_2025/,New Releases & News
1mylswx,Warhammer40k,2025-08-24,2025-08,2025,Chaos Completed,Hobby &amp; Painting,3637,92,https://reddit.com/r/Warhammer40k/comments/1mylswx/chaos_completed/,Hobby & Painting
1m9mawg,Warhammer40k,2025-07-26,2025-07,2025,Grey Knight Dreadknight - Did this turn out dope or nah?,Hobby &amp; Painting,3626,179,https://reddit.com/r/Warhammer40k/comments/1m9mawg/grey_knight_dreadknight_did_this_turn_out_dope_or/,Hobby & Painting
1pdw024,Warhammer40k,2025-12-04,2025-12,2025,with my melta,"Art, Cosplay &amp; OC",3633,52,https://reddit.com/r/Warhammer40k/comments/1pdw024/with_my_melta/,General Discussion
1kue1oi,Warhammer40k,2025-05-24,2025-05,2025,What are the screaming faces in the front of codexes,Misc,3632,387,https://reddit.com/r/Warhammer40k/comments/1kue1oi/what_are_the_screaming_faces_in_the_front_of/,New Releases & News
1pu3jxo,Warhammer40k,2025-12-23,2025-12,2025,"Report: Cancelled Warhammer 40K MMORPG Screenshots, developed by Jackalyptic Games",News &amp; Rumours,3622,268,https://reddit.com/r/Warhammer40k/comments/1pu3jxo/report_cancelled_warhammer_40k_mmorpg_screenshots/,New Releases & News
t0ke3y,Warhammer40k,2022-02-24,2022-02,2022,Perhaps tomorrow will never come for us and our small studio from Ukraine. All I want to do is leave my tiny mark and share with you my creations over the past five years. Love your loved ones and let there be no war.,Hobby,41310,712,https://reddit.com/r/Warhammer40k/comments/t0ke3y/perhaps_tomorrow_will_never_come_for_us_and_our/,Hobby & Painting
1hhydvy,Warhammer40k,2024-12-19,2024-12,2024,"So, I have built the ADEPTUS ASTARTES poster.",Hobby &amp; Painting,24547,734,https://reddit.com/r/Warhammer40k/comments/1hhydvy/so_i_have_built_the_adeptus_astartes_poster/,Hobby & Painting
1gh2o94,Warhammer40k,2024-11-01,2024-11,2024,My son wanted to go as Tyranid on halloween and I dont know sh*t about cosplays but I guess its something,Hobby &amp; Painting,23706,510,https://reddit.com/r/Warhammer40k/comments/1gh2o94/my_son_wanted_to_go_as_tyranid_on_halloween_and_i/,Hobby & Painting
timrc8,Warhammer40k,2022-03-20,2022-03,2022,Toy Story 40k project I've been working on for a while. Hope you enjoy!,Hobby,22180,367,https://reddit.com/r/Warhammer40k/comments/timrc8/toy_story_40k_project_ive_been_working_on_for_a/,Hobby & Painting
1fnlpnf,Warhammer40k,2024-09-23,2024-09,2024,Guess who's playing SM2? What a legend! ,Video Games,19049,431,https://reddit.com/r/Warhammer40k/comments/1fnlpnf/guess_whos_playing_sm2_what_a_legend/,Video Games & Digital
1hfmi7c,Warhammer40k,2024-12-16,2024-12,2024,To infinity.... AND BEYOND!,Hobby &amp; Painting,18284,679,https://reddit.com/r/Warhammer40k/comments/1hfmi7c/to_infinity_and_beyond/,Hobby & Painting
1fdlvtn,Warhammer40k,2024-09-10,2024-09,2024,Space Marine 2 has sold 2 million copies!,Video Games,17121,855,https://reddit.com/r/Warhammer40k/comments/1fdlvtn/space_marine_2_has_sold_2_million_copies/,Video Games & Digital
1087yaf,Warhammer40k,2023-01-10,2023-01,2023,I made a small idle for every troop in 40k,"Art, Cosplay &amp; OC",16904,445,https://reddit.com/r/Warhammer40k/comments/1087yaf/i_made_a_small_idle_for_every_troop_in_40k/,General Discussion
zro0i6,Warhammer40k,2022-12-21,2022-12,2022,I turned my mum into a Sister of Battle,"Art, Cosplay &amp; OC",16528,611,https://reddit.com/r/Warhammer40k/comments/zro0i6/i_turned_my_mum_into_a_sister_of_battle/,General Discussion
1gpgci5,Warhammer40k,2024-11-12,2024-11,2024,Active Camo Cloak finished,Hobby &amp; Painting,15800,238,https://reddit.com/r/Warhammer40k/comments/1gpgci5/active_camo_cloak_finished/,Hobby & Painting
1fv3rep,Warhammer40k,2024-10-03,2024-10,2024,I want Your heart ,Lore,15682,178,https://reddit.com/r/Warhammer40k/comments/1fv3rep/i_want_your_heart/,Lore & Narrative
1il6dal,Warhammer40k,2025-02-09,2025-02,2025,Pixel Tactical Retributor,"Art, Cosplay &amp; OC",15606,92,https://reddit.com/r/Warhammer40k/comments/1il6dal/pixel_tactical_retributor/,General Discussion
1ig3pr3,Warhammer40k,2025-02-02,2025-02,2025,Space marine armour cosplay,"Art, Cosplay &amp; OC",15524,253,https://reddit.com/r/Warhammer40k/comments/1ig3pr3/space_marine_armour_cosplay/,General Discussion
sfnvmf,Warhammer40k,2022-01-29,2022-01,2022,Maybe just a tiny little bit,Art/OC,15038,133,https://reddit.com/r/Warhammer40k/comments/sfnvmf/maybe_just_a_tiny_little_bit/,General Discussion
1fmwqbx,Warhammer40k,2024-09-22,2024-09,2024,Salamander Space Marine ,Hobby &amp; Painting,14294,145,https://reddit.com/r/Warhammer40k/comments/1fmwqbx/salamander_space_marine/,Hobby & Painting
zobx0m,Warhammer40k,2022-12-17,2022-12,2022,Fair game,"Art, Cosplay &amp; OC",14090,205,https://reddit.com/r/Warhammer40k/comments/zobx0m/fair_game/,General Discussion
t2u8kb,Warhammer40k,2022-02-27,2022-02,2022,"Deathwatch Primaris Marine Cosplays almost finished - couple of extra things to glue on and a few issues to solve revealed by the test suit up, but very pleased with the result so far!",Hobby,14064,293,https://reddit.com/r/Warhammer40k/comments/t2u8kb/deathwatch_primaris_marine_cosplays_almost/,Hobby & Painting
1glsp6d,Warhammer40k,2024-11-07,2024-11,2024,4 years of hobbying,Hobby &amp; Painting,13940,620,https://reddit.com/r/Warhammer40k/comments/1glsp6d/4_years_of_hobbying/,Hobby & Painting
1ge6zdo,Warhammer40k,2024-10-28,2024-10,2024,My Commissar cosplay,"Art, Cosplay &amp; OC",13871,447,https://reddit.com/r/Warhammer40k/comments/1ge6zdo/my_commissar_cosplay/,General Discussion
tukrre,Warhammer40k,2022-04-02,2022-04,2022,New Faction: Leagues of Votann (Squats!),News/Rumours,13650,1516,https://reddit.com/r/Warhammer40k/comments/tukrre/new_faction_leagues_of_votann_squats/,New Releases & News
uuk1gp,Warhammer40k,2022-05-21,2022-05,2022,"I customised a Land Raider to fit my Nurgle army, and went heavy on the ""body horror"" theme. Don't look if you're eating.",Hobby,13602,520,https://reddit.com/r/Warhammer40k/comments/uuk1gp/i_customised_a_land_raider_to_fit_my_nurgle_army/,Hobby & Painting
1frvhhy,Warhammer40k,2024-09-29,2024-09,2024,Everyone deserves a little love,"Art, Cosplay &amp; OC",13528,127,https://reddit.com/r/Warhammer40k/comments/1frvhhy/everyone_deserves_a_little_love/,General Discussion
xqkmlp,Warhammer40k,2022-09-28,2022-09,2022,My fiancé said I could do anything I wanted tonight for our anniversary. So I took her to Games Workshop.,Misc,13433,672,https://reddit.com/r/Warhammer40k/comments/xqkmlp/my_fiancé_said_i_could_do_anything_i_wanted/,General Discussion
yftu1w,Warhammer40k,2022-10-28,2022-10,2022,His Angels Pt.2 : The Promise,"Art, Cosplay &amp; OC",13397,722,https://reddit.com/r/Warhammer40k/comments/yftu1w/his_angels_pt2_the_promise/,General Discussion
1fwmecc,Warhammer40k,2024-10-05,2024-10,2024,3 years ago I decided to paint a bit more ambitious freehand on the cloak of my Terminator Chaplain Tarentus 😁,Hobby &amp; Painting,13166,331,https://reddit.com/r/Warhammer40k/comments/1fwmecc/3_years_ago_i_decided_to_paint_a_bit_more/,Hobby & Painting
1hlypj2,Warhammer40k,2024-12-25,2024-12,2024,New Fulgrim arrived,News &amp; Rumours,12999,887,https://reddit.com/r/Warhammer40k/comments/1hlypj2/new_fulgrim_arrived/,New Releases & News
10wy5ur,Warhammer40k,2023-02-08,2023-02,2023,The Traitor Primarchs by me,"Art, Cosplay &amp; OC",12934,782,https://reddit.com/r/Warhammer40k/comments/10wy5ur/the_traitor_primarchs_by_me/,Lore & Narrative
1fflsmm,Warhammer40k,2024-09-13,2024-09,2024,"It makes sense, I guess?",Hobby &amp; Painting,12849,190,https://reddit.com/r/Warhammer40k/comments/1fflsmm/it_makes_sense_i_guess/,Hobby & Painting
tonva5,Warhammer40k,2022-03-26,2022-03,2022,"Opened Round 1 Doubles Against King Arthur, Sir Bedivere and His Court of Knights",Gaming,12847,211,https://reddit.com/r/Warhammer40k/comments/tonva5/opened_round_1_doubles_against_king_arthur_sir/,General Discussion
1hp2i6b,Warhammer40k,2024-12-29,2024-12,2024,🅱️e P🅾️sitive 🩸,Hobby &amp; Painting,12805,248,https://reddit.com/r/Warhammer40k/comments/1hp2i6b/e_psitive/,Hobby & Painting
1ics7j8,Warhammer40k,2025-01-29,2025-01,2025,ITS FINALLY HAPPENING!,News &amp; Rumours,12756,962,https://reddit.com/r/Warhammer40k/comments/1ics7j8/its_finally_happening/,New Releases & News
x0k3p1,Warhammer40k,2022-08-29,2022-08,2022,Coronation of Guilliman based on Pedro Nunez Artwork. WIP,Hobby &amp; Painting,12709,799,https://reddit.com/r/Warhammer40k/comments/x0k3p1/coronation_of_guilliman_based_on_pedro_nunez/,Hobby & Painting
1iqgck2,Warhammer40k,2025-02-16,2025-02,2025,Does this read as a dread coming in with the steel chair?,Hobby &amp; Painting,12663,456,https://reddit.com/r/Warhammer40k/comments/1iqgck2/does_this_read_as_a_dread_coming_in_with_the/,Hobby & Painting
1gw5p7t,Warhammer40k,2024-11-21,2024-11,2024,I invited my buddy over to play combat patrol and he showed up like this ,Hobby &amp; Painting,12417,821,https://reddit.com/r/Warhammer40k/comments/1gw5p7t/i_invited_my_buddy_over_to_play_combat_patrol_and/,Hobby & Painting
1g3anqu,Warhammer40k,2024-10-14,2024-10,2024,For the emperor!,Hobby &amp; Painting,12346,283,https://reddit.com/r/Warhammer40k/comments/1g3anqu/for_the_emperor/,Hobby & Painting
1ggvre5,Warhammer40k,2024-11-01,2024-11,2024,My Mordian Iron Guard Commissar Halloween costume,"Art, Cosplay &amp; OC",12305,394,https://reddit.com/r/Warhammer40k/comments/1ggvre5/my_mordian_iron_guard_commissar_halloween_costume/,General Discussion
18my0t6,Warhammer40k,2023-12-20,2023-12,2023,I decided to add drukhari wych to my next year’s cosplay plans,"Art, Cosplay &amp; OC",12209,649,https://reddit.com/r/Warhammer40k/comments/18my0t6/i_decided_to_add_drukhari_wych_to_my_next_years/,General Discussion
svpunk,Warhammer40k,2022-02-18,2022-02,2022,"If I were famous, this is exactly how I would leverage it - I hope they filmed a battle report!",News/Rumours,12199,346,https://reddit.com/r/Warhammer40k/comments/svpunk/if_i_were_famous_this_is_exactly_how_i_would/,New Releases & News
1f1toq5,Warhammer40k,2024-08-26,2024-08,2024,Had leftover greenstuff so made a little guy,Hobby &amp; Painting,12154,237,https://reddit.com/r/Warhammer40k/comments/1f1toq5/had_leftover_greenstuff_so_made_a_little_guy/,Hobby & Painting
1h0vno9,Warhammer40k,2024-11-27,2024-11,2024,Is this base size legal? Operative Umbral-Six (Vindicare Assassin),Hobby &amp; Painting,12009,241,https://reddit.com/r/Warhammer40k/comments/1h0vno9/is_this_base_size_legal_operative_umbralsix/,Hobby & Painting
1gyq9xt,Warhammer40k,2024-11-24,2024-11,2024,My mum who’s in her 70’s surprised me with this out of nowhere,"Art, Cosplay &amp; OC",11860,302,https://reddit.com/r/Warhammer40k/comments/1gyq9xt/my_mum_whos_in_her_70s_surprised_me_with_this_out/,General Discussion
zzz55k,Warhammer40k,2022-12-31,2022-12,2022,Happy New Year Brother! I got you.,"Art, Cosplay &amp; OC",11833,206,https://reddit.com/r/Warhammer40k/comments/zzz55k/happy_new_year_brother_i_got_you/,General Discussion
109yeke,Warhammer40k,2023-01-12,2023-01,2023,Krieg on Garden World,"Art, Cosplay &amp; OC",11829,191,https://reddit.com/r/Warhammer40k/comments/109yeke/krieg_on_garden_world/,General Discussion
1j40dng,Warhammer40k,2025-03-05,2025-03,2025,Ctan shard,Hobby &amp; Painting,11804,274,https://reddit.com/r/Warhammer40k/comments/1j40dng/ctan_shard/,Hobby & Painting
1fpx45t,Warhammer40k,2024-09-26,2024-09,2024,"I too, shall help the Emperor ","Art, Cosplay &amp; OC",11615,167,https://reddit.com/r/Warhammer40k/comments/1fpx45t/i_too_shall_help_the_emperor/,Lore & Narrative
1h8ftxj,Warhammer40k,2024-12-07,2024-12,2024,My wife painted her first Mini ,Hobby &amp; Painting,11540,778,https://reddit.com/r/Warhammer40k/comments/1h8ftxj/my_wife_painted_her_first_mini/,Hobby & Painting
1hxcwdi,Warhammer40k,2025-01-09,2025-01,2025,2024's collection of little pauldron oil painted landscapes ,Hobby &amp; Painting,11541,334,https://reddit.com/r/Warhammer40k/comments/1hxcwdi/2024s_collection_of_little_pauldron_oil_painted/,Hobby & Painting
1hb7sm2,Warhammer40k,2024-12-10,2024-12,2024,We sent a Space Marine to the edge of Space on a weather balloon and filmed the whole thing. If you would like to see the full video on how we did it and the extended footage of the flight then please check out our video. Thanks ,Hobby &amp; Painting,11527,247,https://reddit.com/r/Warhammer40k/comments/1hb7sm2/we_sent_a_space_marine_to_the_edge_of_space_on_a/,Hobby & Painting
12zso25,Warhammer40k,2023-04-26,2023-04,2023,A diorama by James Poxon,Hobby &amp; Painting,11490,528,https://reddit.com/r/Warhammer40k/comments/12zso25/a_diorama_by_james_poxon/,Hobby & Painting
1irvu2m,Warhammer40k,2025-02-17,2025-02,2025,Trying some rust effect. Yes or no ?,Hobby &amp; Painting,11486,444,https://reddit.com/r/Warhammer40k/comments/1irvu2m/trying_some_rust_effect_yes_or_no/,Hobby & Painting
sa3hr7,Warhammer40k,2022-01-22,2022-01,2022,Predator 1987 Killteam,Hobby,11418,237,https://reddit.com/r/Warhammer40k/comments/sa3hr7/predator_1987_killteam/,Hobby & Painting
1hlz6yo,Warhammer40k,2024-12-25,2024-12,2024,Now this image is finally complete.,Hobby &amp; Painting,11361,348,https://reddit.com/r/Warhammer40k/comments/1hlz6yo/now_this_image_is_finally_complete/,Hobby & Painting
17yegzo,Warhammer40k,2023-11-18,2023-11,2023,Early Terminator Captain WIP.,Hobby &amp; Painting,11284,318,https://reddit.com/r/Warhammer40k/comments/17yegzo/early_terminator_captain_wip/,Hobby & Painting
v59z2t,Warhammer40k,2022-06-05,2022-06,2022,Greeting Gue'la I bring salutations from the Greater Good!,Art/OC,11197,209,https://reddit.com/r/Warhammer40k/comments/v59z2t/greeting_guela_i_bring_salutations_from_the/,General Discussion
y93wsj,Warhammer40k,2022-10-20,2022-10,2022,His Angels....,"Art, Cosplay &amp; OC",11171,683,https://reddit.com/r/Warhammer40k/comments/y93wsj/his_angels/,General Discussion
1g9tmwa,Warhammer40k,2024-10-22,2024-10,2024,Dripping Darkness - (inspired by the Dark King's black sphere),Hobby &amp; Painting,11016,657,https://reddit.com/r/Warhammer40k/comments/1g9tmwa/dripping_darkness_inspired_by_the_dark_kings/,Hobby & Painting
1gb60v0,Warhammer40k,2024-10-24,2024-10,2024,Made some Icey Chaos Marines! What should I call them?,Hobby &amp; Painting,11008,1197,https://reddit.com/r/Warhammer40k/comments/1gb60v0/made_some_icey_chaos_marines_what_should_i_call/,Hobby & Painting
1gf8bda,Warhammer40k,2024-10-29,2024-10,2024,First timer.....already hooked.,Hobby &amp; Painting,10964,308,https://reddit.com/r/Warhammer40k/comments/1gf8bda/first_timeralready_hooked/,Hobby & Painting
1i6wdb4,Warhammer40k,2025-01-21,2025-01,2025,The project continues,"Art, Cosplay &amp; OC",10762,165,https://reddit.com/r/Warhammer40k/comments/1i6wdb4/the_project_continues/,General Discussion
138vjc7,Warhammer40k,2023-05-05,2023-05,2023,Traitor Legions,"Art, Cosplay &amp; OC",10712,260,https://reddit.com/r/Warhammer40k/comments/138vjc7/traitor_legions/,General Discussion
1ix2xm7,Warhammer40k,2025-02-24,2025-02,2025,The Akria Slide,Hobby &amp; Painting,10643,203,https://reddit.com/r/Warhammer40k/comments/1ix2xm7/the_akria_slide/,Hobby & Painting
v3vjo8,Warhammer40k,2022-06-03,2022-06,2022,"Happy Platy Jubes, have a free model of the Queen on a golden hover-throne with guns, with some fun homebrew rules to use her in Warhamemr 40k!",Hobby,10612,324,https://reddit.com/r/Warhammer40k/comments/v3vjo8/happy_platy_jubes_have_a_free_model_of_the_queen/,Hobby & Painting
122l0o6,Warhammer40k,2023-03-26,2023-03,2023,At Adepticon. Who are these legends?,"Art, Cosplay &amp; OC",10495,214,https://reddit.com/r/Warhammer40k/comments/122l0o6/at_adepticon_who_are_these_legends/,General Discussion
1gilzya,Warhammer40k,2024-11-03,2024-11,2024,Noise marine armour,"Art, Cosplay &amp; OC",10425,130,https://reddit.com/r/Warhammer40k/comments/1gilzya/noise_marine_armour/,General Discussion
1fth6ei,Warhammer40k,2024-10-01,2024-10,2024,Space Crabs! Custom chapter. ,Hobby &amp; Painting,10405,605,https://reddit.com/r/Warhammer40k/comments/1fth6ei/space_crabs_custom_chapter/,Hobby & Painting
1fxnviw,Warhammer40k,2024-10-06,2024-10,2024,“I wonder if SM2 increased kit sales?”,Hobby &amp; Painting,10323,444,https://reddit.com/r/Warhammer40k/comments/1fxnviw/i_wonder_if_sm2_increased_kit_sales/,Hobby & Painting
zn2pwi,Warhammer40k,2022-12-16,2022-12,2022,GET READY BOYZ,News &amp; Rumours,10288,1052,https://reddit.com/r/Warhammer40k/comments/zn2pwi/get_ready_boyz/,New Releases & News
1ig5n04,Warhammer40k,2025-02-02,2025-02,2025,"If you know, you know",Hobby &amp; Painting,10272,179,https://reddit.com/r/Warhammer40k/comments/1ig5n04/if_you_know_you_know/,Hobby & Painting
1j7nccx,Warhammer40k,2025-03-10,2025-03,2025,"Camo cloak effect, yay or nay",Hobby &amp; Painting,10272,346,https://reddit.com/r/Warhammer40k/comments/1j7nccx/camo_cloak_effect_yay_or_nay/,Hobby & Painting
ugoozw,Warhammer40k,2022-05-02,2022-05,2022,When you want to pick up playing Space Wolves in 40k now..,Discussion,10261,1125,https://reddit.com/r/Warhammer40k/comments/ugoozw/when_you_want_to_pick_up_playing_space_wolves_in/,General Discussion
vizr2t,Warhammer40k,2022-06-23,2022-06,2022,How an Astartes fits inside a suit of terminator armour,Discussion,10133,536,https://reddit.com/r/Warhammer40k/comments/vizr2t/how_an_astartes_fits_inside_a_suit_of_terminator/,General Discussion
1fjuztv,Warhammer40k,2024-09-18,2024-09,2024,Amazing Cake!,Misc,10056,147,https://reddit.com/r/Warhammer40k/comments/1fjuztv/amazing_cake/,General Discussion
ywq9k9,Warhammer40k,2022-11-16,2022-11,2022,Not sure if brutally cunning...,Hobby &amp; Painting,9985,271,https://reddit.com/r/Warhammer40k/comments/ywq9k9/not_sure_if_brutally_cunning/,Hobby & Painting
rvbygd,Warhammer40k,2022-01-03,2022-01,2022,Saiyan armour colour scheme for the new Eldar anyone?,Art/OC,9956,339,https://reddit.com/r/Warhammer40k/comments/rvbygd/saiyan_armour_colour_scheme_for_the_new_eldar/,General Discussion
1f1ziof,Warhammer40k,2024-08-26,2024-08,2024,Space marines playing warhammer,Hobby &amp; Painting,9916,126,https://reddit.com/r/Warhammer40k/comments/1f1ziof/space_marines_playing_warhammer/,Hobby & Painting
zxcvte,Warhammer40k,2022-12-28,2022-12,2022,Not in a million years,"Art, Cosplay &amp; OC",9712,143,https://reddit.com/r/Warhammer40k/comments/zxcvte/not_in_a_million_years/,General Discussion
st2gle,Warhammer40k,2022-02-15,2022-02,2022,Slowly but surely…,Painting,9701,171,https://reddit.com/r/Warhammer40k/comments/st2gle/slowly_but_surely/,Hobby & Painting
14i2q9p,Warhammer40k,2023-06-24,2023-06,2023,"10th edition Harlequins. We may no longer be a faction, or have our special rules anymore. But we’re still awesome!!!!",Hobby &amp; Painting,9637,361,https://reddit.com/r/Warhammer40k/comments/14i2q9p/10th_edition_harlequins_we_may_no_longer_be_a/,Hobby & Painting
zdukpa,Warhammer40k,2022-12-06,2022-12,2022,My boy passed the other day. He lives on in a dreadnought.,Hobby &amp; Painting,9599,277,https://reddit.com/r/Warhammer40k/comments/zdukpa/my_boy_passed_the_other_day_he_lives_on_in_a/,Hobby & Painting
1fmmubz,Warhammer40k,2024-09-22,2024-09,2024,Does this read as lens glow? Looks a bit too kawaii to me,Hobby &amp; Painting,9566,729,https://reddit.com/r/Warhammer40k/comments/1fmmubz/does_this_read_as_lens_glow_looks_a_bit_too/,Hobby & Painting
wmjqye,Warhammer40k,2022-08-12,2022-08,2022,my mum made me a Warhammer Birthday cake. My mum is the best :),Misc,9547,180,https://reddit.com/r/Warhammer40k/comments/wmjqye/my_mum_made_me_a_warhammer_birthday_cake_my_mum/,General Discussion
1gi4m79,Warhammer40k,2024-11-02,2024-11,2024,This guy with daddy issues joined our charity event at Warhammer World.,"Art, Cosplay &amp; OC",9506,120,https://reddit.com/r/Warhammer40k/comments/1gi4m79/this_guy_with_daddy_issues_joined_our_charity/,General Discussion
1iqx1r8,Warhammer40k,2025-02-16,2025-02,2025,My wife helping make the hab-block a hab-home,Hobby &amp; Painting,9445,74,https://reddit.com/r/Warhammer40k/comments/1iqx1r8/my_wife_helping_make_the_habblock_a_habhome/,Hobby & Painting
1gsvwe0,Warhammer40k,2024-11-16,2024-11,2024,Custom Deathwatch Aeldari hunter,Hobby &amp; Painting,9443,221,https://reddit.com/r/Warhammer40k/comments/1gsvwe0/custom_deathwatch_aeldari_hunter/,Hobby & Painting
11vmlun,Warhammer40k,2023-03-19,2023-03,2023,"Made/edited another propaganda poster, this time from a different faction's perspective","Art, Cosplay &amp; OC",9370,338,https://reddit.com/r/Warhammer40k/comments/11vmlun/madeedited_another_propaganda_poster_this_time/,General Discussion
1fhl93u,Warhammer40k,2024-09-15,2024-09,2024,My Warhammer spread in my man cave.,Hobby &amp; Painting,9304,522,https://reddit.com/r/Warhammer40k/comments/1fhl93u/my_warhammer_spread_in_my_man_cave/,Hobby & Painting
yt7ps7,Warhammer40k,2022-11-12,2022-11,2022,His Angels Pt.3 : A Fire that Burns,"Art, Cosplay &amp; OC",9290,306,https://reddit.com/r/Warhammer40k/comments/yt7ps7/his_angels_pt3_a_fire_that_burns/,General Discussion
u3iv1d,Warhammer40k,2022-04-14,2022-04,2022,Recently won a bid on a like new 1998 Chapter Approved/Book of the Astronomican. Terrific condition. I’ve been anxiously waiting and now that I’ve received it I can share it with you guys.,Hobby,9157,431,https://reddit.com/r/Warhammer40k/comments/u3iv1d/recently_won_a_bid_on_a_like_new_1998_chapter/,Hobby & Painting
10xrzvl,Warhammer40k,2023-02-09,2023-02,2023,Actor David Harbour paints Black Templars,Hobby &amp; Painting,9135,377,https://reddit.com/r/Warhammer40k/comments/10xrzvl/actor_david_harbour_paints_black_templars/,Hobby & Painting
xy3mg6,Warhammer40k,2022-10-07,2022-10,2022,Bob Ross Meets 40k,Hobby &amp; Painting,9097,258,https://reddit.com/r/Warhammer40k/comments/xy3mg6/bob_ross_meets_40k/,Hobby & Painting
sl9b6p,Warhammer40k,2022-02-05,2022-02,2022,My daughter got given her first model today! Was hoping she’d pick a cheaper hobby like horse riding…,Hobby,9082,258,https://reddit.com/r/Warhammer40k/comments/sl9b6p/my_daughter_got_given_her_first_model_today_was/,New Player / Getting Started
1fb4r0k,Warhammer40k,2024-09-07,2024-09,2024,Space Marine ,Misc,9080,150,https://reddit.com/r/Warhammer40k/comments/1fb4r0k/space_marine/,General Discussion
14g1swv,Warhammer40k,2023-06-22,2023-06,2023,1000 points to Blood Ravens!,"Art, Cosplay &amp; OC",9025,136,https://reddit.com/r/Warhammer40k/comments/14g1swv/1000_points_to_blood_ravens/,General Discussion
1h6qfw1,Warhammer40k,2024-12-04,2024-12,2024,I did the funny Admech guy IRL ,Hobby &amp; Painting,8902,180,https://reddit.com/r/Warhammer40k/comments/1h6qfw1/i_did_the_funny_admech_guy_irl/,Hobby & Painting
1i39ppc,Warhammer40k,2025-01-17,2025-01,2025,All Emperor's Children minis,News &amp; Rumours,8871,626,https://reddit.com/r/Warhammer40k/comments/1i39ppc/all_emperors_children_minis/,New Releases & News
u5y0ol,Warhammer40k,2022-04-17,2022-04,2022,Pixel Catachan Hydra,Art/OC,8862,117,https://reddit.com/r/Warhammer40k/comments/u5y0ol/pixel_catachan_hydra/,General Discussion
tvzptq,Warhammer40k,2022-04-04,2022-04,2022,"Orks have nipples. The only active function nipples have is lactation. If orks have developed nipples, it must be for producing milk. Under at least some circumstances, it must be possible to milk an ork. Discuss.",Discussion,8858,907,https://reddit.com/r/Warhammer40k/comments/tvzptq/orks_have_nipples_the_only_active_function/,General Discussion
1htogy4,Warhammer40k,2025-01-04,2025-01,2025,"Made my own Word Bearers helmet, for the dark gods!",Hobby &amp; Painting,8847,119,https://reddit.com/r/Warhammer40k/comments/1htogy4/made_my_own_word_bearers_helmet_for_the_dark_gods/,Hobby & Painting
187s7zn,Warhammer40k,2023-11-30,2023-11,2023,My good girl passed a couple months ago. She lives on in a Dreadnought,Hobby &amp; Painting,8847,290,https://reddit.com/r/Warhammer40k/comments/187s7zn/my_good_girl_passed_a_couple_months_ago_she_lives/,Hobby & Painting
1h52m1f,Warhammer40k,2024-12-02,2024-12,2024,My infected xenos marines kill team,Hobby &amp; Painting,8805,223,https://reddit.com/r/Warhammer40k/comments/1h52m1f/my_infected_xenos_marines_kill_team/,Hobby & Painting
utfwgw,Warhammer40k,2022-05-19,2022-05,2022,test walk of helpful marine/Salamander,Hobby,8795,479,https://reddit.com/r/Warhammer40k/comments/utfwgw/test_walk_of_helpful_marinesalamander/,Hobby & Painting
1hnp77y,Warhammer40k,2024-12-27,2024-12,2024,I call him…. Luigi.,Hobby &amp; Painting,8769,255,https://reddit.com/r/Warhammer40k/comments/1hnp77y/i_call_him_luigi/,Hobby & Painting
zvxqf9,Warhammer40k,2022-12-26,2022-12,2022,GW was too expensive and I was too poor. So I took cardboard clay and glue and did what I had to do.,Hobby &amp; Painting,8762,271,https://reddit.com/r/Warhammer40k/comments/zvxqf9/gw_was_too_expensive_and_i_was_too_poor_so_i_took/,Hobby & Painting
1gtbpae,Warhammer40k,2024-11-17,2024-11,2024,Dreadnought on bike. Whats your verdict?,Hobby &amp; Painting,8731,692,https://reddit.com/r/Warhammer40k/comments/1gtbpae/dreadnought_on_bike_whats_your_verdict/,Hobby & Painting
11z6u01,Warhammer40k,2023-03-23,2023-03,2023,Adepticon Reveal: Lion El'Jonson,News &amp; Rumours,8727,1058,https://reddit.com/r/Warhammer40k/comments/11z6u01/adepticon_reveal_lion_eljonson/,New Releases & News
1et5dez,Warhammer40k,2024-08-15,2024-08,2024,"Jumping on the Deadpool &amp; Wolverine bandwagon with a Primaris version of ""God's Perfect Idiot""",Hobby &amp; Painting,8721,198,https://reddit.com/r/Warhammer40k/comments/1et5dez/jumping_on_the_deadpool_wolverine_bandwagon_with/,Hobby & Painting
14qrnpo,Warhammer40k,2023-07-04,2023-07,2023,Take up fishing they said. That would be a NO.,"Art, Cosplay &amp; OC",8711,237,https://reddit.com/r/Warhammer40k/comments/14qrnpo/take_up_fishing_they_said_that_would_be_a_no/,General Discussion
ttwd8r,Warhammer40k,2022-04-01,2022-04,2022,Ovum Pattern Power Armor,Art/OC,8635,251,https://reddit.com/r/Warhammer40k/comments/ttwd8r/ovum_pattern_power_armor/,General Discussion
11wn42b,Warhammer40k,2023-03-20,2023-03,2023,My Sister Repentia cosplay - i love this costume so much!,"Art, Cosplay &amp; OC",8630,322,https://reddit.com/r/Warhammer40k/comments/11wn42b/my_sister_repentia_cosplay_i_love_this_costume_so/,General Discussion
13qhny2,Warhammer40k,2023-05-24,2023-05,2023,RUN,"Art, Cosplay &amp; OC",8596,229,https://reddit.com/r/Warhammer40k/comments/13qhny2/run/,General Discussion
1huhjmk,Warhammer40k,2025-01-05,2025-01,2025,I drew an old school beaky marine. Ink and brush pens on A3 paper. ,"Art, Cosplay &amp; OC",8580,127,https://reddit.com/r/Warhammer40k/comments/1huhjmk/i_drew_an_old_school_beaky_marine_ink_and_brush/,General Discussion
1gorqeb,Warhammer40k,2024-11-11,2024-11,2024,"A long time ago I decided to paint hundreds of squares on a cloak, to create a mysterious techno mesmerizing effect on it 😁",Hobby &amp; Painting,8566,143,https://reddit.com/r/Warhammer40k/comments/1gorqeb/a_long_time_ago_i_decided_to_paint_hundreds_of/,Hobby & Painting
vuetao,Warhammer40k,2022-07-08,2022-07,2022,"New pic of Angron, Daemon Primarch of Khorne",News &amp; Rumours,8526,769,https://reddit.com/r/Warhammer40k/comments/vuetao/new_pic_of_angron_daemon_primarch_of_khorne/,Lore & Narrative
w2tm3j,Warhammer40k,2022-07-19,2022-07,2022,I did good?,Hobby &amp; Painting,8478,926,https://reddit.com/r/Warhammer40k/comments/w2tm3j/i_did_good/,Hobby & Painting
1ftmddo,Warhammer40k,2024-10-01,2024-10,2024,"Space marine intercessor, Rain scene",Hobby &amp; Painting,8480,70,https://reddit.com/r/Warhammer40k/comments/1ftmddo/space_marine_intercessor_rain_scene/,Hobby & Painting
1268i2d,Warhammer40k,2023-03-30,2023-03,2023,So South Park was eventful tonight…,Misc,8462,522,https://reddit.com/r/Warhammer40k/comments/1268i2d/so_south_park_was_eventful_tonight/,General Discussion
1h3564b,Warhammer40k,2024-11-30,2024-11,2024,My brother doesn’t know he’s getting a fully painted 2000 point army for Christmas ,Hobby &amp; Painting,8456,325,https://reddit.com/r/Warhammer40k/comments/1h3564b/my_brother_doesnt_know_hes_getting_a_fully/,Hobby & Painting
11f482v,Warhammer40k,2023-03-01,2023-03,2023,THE HERESY!,"Art, Cosplay &amp; OC",8411,146,https://reddit.com/r/Warhammer40k/comments/11f482v/the_heresy/,Community & Humour
1gxe3hc,Warhammer40k,2024-11-22,2024-11,2024,Death Korps of Krieg are coming in plastic!,News &amp; Rumours,8400,490,https://reddit.com/r/Warhammer40k/comments/1gxe3hc/death_korps_of_krieg_are_coming_in_plastic/,New Releases & News
10yrmzn,Warhammer40k,2023-02-10,2023-02,2023,Converted Aeldari Ranger,Hobby &amp; Painting,8374,336,https://reddit.com/r/Warhammer40k/comments/10yrmzn/converted_aeldari_ranger/,Hobby & Painting
1j6x70k,Warhammer40k,2025-03-09,2025-03,2025,1930s style Primarchs,Hobby &amp; Painting,8376,175,https://reddit.com/r/Warhammer40k/comments/1j6x70k/1930s_style_primarchs/,Hobby & Painting
18oda4b,Warhammer40k,2023-12-22,2023-12,2023,I’ve finally finished Dante’s backpack. Everything was hand painted with a brush and acrylic paints 🙂,Hobby &amp; Painting,8368,346,https://reddit.com/r/Warhammer40k/comments/18oda4b/ive_finally_finished_dantes_backpack_everything/,Hobby & Painting
10g0vrx,Warhammer40k,2023-01-19,2023-01,2023,Does anyone know who created this? Listed as “company sized drop pod diorama” on Pinterest.,Hobby &amp; Painting,8355,227,https://reddit.com/r/Warhammer40k/comments/10g0vrx/does_anyone_know_who_created_this_listed_as/,Hobby & Painting
1gfdild,Warhammer40k,2024-10-30,2024-10,2024,"Brother, get me a Tech Priest!","Art, Cosplay &amp; OC",8301,118,https://reddit.com/r/Warhammer40k/comments/1gfdild/brother_get_me_a_tech_priest/,General Discussion
sww5hz,Warhammer40k,2022-02-20,2022-02,2022,Turned some spare Space Marine into statues to use as objective markers. Number of skulls = the objective number,Hobby,8298,114,https://reddit.com/r/Warhammer40k/comments/sww5hz/turned_some_spare_space_marine_into_statues_to/,Hobby & Painting
zevxzn,Warhammer40k,2022-12-07,2022-12,2022,Assault (Short Animation I made!),"Art, Cosplay &amp; OC",8251,207,https://reddit.com/r/Warhammer40k/comments/zevxzn/assault_short_animation_i_made/,General Discussion
1fqimvq,Warhammer40k,2024-09-27,2024-09,2024,Gave him a wash and a drybrush. Does it look like bone now?,"Art, Cosplay &amp; OC",8253,174,https://reddit.com/r/Warhammer40k/comments/1fqimvq/gave_him_a_wash_and_a_drybrush_does_it_look_like/,Hobby & Painting
upwy73,Warhammer40k,2022-05-15,2022-05,2022,Chaos War Elephant,Hobby,8247,213,https://reddit.com/r/Warhammer40k/comments/upwy73/chaos_war_elephant/,Hobby & Painting
1g7h4q6,Warhammer40k,2024-10-19,2024-10,2024,Never doing face again,Hobby &amp; Painting,8083,641,https://reddit.com/r/Warhammer40k/comments/1g7h4q6/never_doing_face_again/,Hobby & Painting
1gny014,Warhammer40k,2024-11-10,2024-11,2024,Experimenting with a camo cloak idea,Hobby &amp; Painting,8034,132,https://reddit.com/r/Warhammer40k/comments/1gny014/experimenting_with_a_camo_cloak_idea/,Hobby & Painting
1g4cr6r,Warhammer40k,2024-10-15,2024-10,2024,"Latest project, not lore accurate colour scheme I know 😁",Hobby &amp; Painting,8040,94,https://reddit.com/r/Warhammer40k/comments/1g4cr6r/latest_project_not_lore_accurate_colour_scheme_i/,Hobby & Painting
1frmqre,Warhammer40k,2024-09-28,2024-09,2024,My Skitarii are being featured in the latest White Dwarf!,Hobby &amp; Painting,8020,92,https://reddit.com/r/Warhammer40k/comments/1frmqre/my_skitarii_are_being_featured_in_the_latest/,Hobby & Painting
1in5zf6,Warhammer40k,2025-02-11,2025-02,2025,Skullcrawler complete!,Hobby &amp; Painting,8006,97,https://reddit.com/r/Warhammer40k/comments/1in5zf6/skullcrawler_complete/,Hobby & Painting
y8bu7g,Warhammer40k,2022-10-19,2022-10,2022,Liquid effect,Hobby &amp; Painting,7998,133,https://reddit.com/r/Warhammer40k/comments/y8bu7g/liquid_effect/,Hobby & Painting
1iwrwo4,Warhammer40k,2025-02-24,2025-02,2025,Judge… Jury… Executioner,Hobby &amp; Painting,8001,163,https://reddit.com/r/Warhammer40k/comments/1iwrwo4/judge_jury_executioner/,Hobby & Painting
xlb3re,Warhammer40k,2022-09-22,2022-09,2022,ARMIGER DANCE PARTY dot AVI,Hobby &amp; Painting,7990,214,https://reddit.com/r/Warhammer40k/comments/xlb3re/armiger_dance_party_dot_avi/,Hobby & Painting
1hq3qpj,Warhammer40k,2024-12-31,2024-12,2024,Secret Santa present from our local wargaming gift exchange- the Calid-Ork Assassin,Hobby &amp; Painting,7973,123,https://reddit.com/r/Warhammer40k/comments/1hq3qpj/secret_santa_present_from_our_local_wargaming/,Hobby & Painting
1faarhv,Warhammer40k,2024-09-06,2024-09,2024,How the emperor looked in the very beginning of 40k. (1987),Misc,7945,439,https://reddit.com/r/Warhammer40k/comments/1faarhv/how_the_emperor_looked_in_the_very_beginning_of/,Lore & Narrative
1f13aud,Warhammer40k,2024-08-25,2024-08,2024,The Golden Throne is now mostly Gold,Hobby &amp; Painting,7939,228,https://reddit.com/r/Warhammer40k/comments/1f13aud/the_golden_throne_is_now_mostly_gold/,Hobby & Painting
17kapm0,Warhammer40k,2023-10-31,2023-10,2023,My finished inquisitor costume.,"Art, Cosplay &amp; OC",7922,378,https://reddit.com/r/Warhammer40k/comments/17kapm0/my_finished_inquisitor_costume/,General Discussion
1gqy7px,Warhammer40k,2024-11-14,2024-11,2024,Overgrown Crusader,Hobby &amp; Painting,7900,87,https://reddit.com/r/Warhammer40k/comments/1gqy7px/overgrown_crusader/,Hobby & Painting
1hhdhe3,Warhammer40k,2024-12-18,2024-12,2024,My first post of a mini! WAAAGH,Hobby &amp; Painting,7894,115,https://reddit.com/r/Warhammer40k/comments/1hhdhe3/my_first_post_of_a_mini_waaagh/,Hobby & Painting
1f8y5w7,Warhammer40k,2024-09-04,2024-09,2024,Armiger head hunter,Hobby &amp; Painting,7876,243,https://reddit.com/r/Warhammer40k/comments/1f8y5w7/armiger_head_hunter/,Hobby & Painting
1ilibmp,Warhammer40k,2025-02-09,2025-02,2025,I made the pilgrimage.,Misc,7838,110,https://reddit.com/r/Warhammer40k/comments/1ilibmp/i_made_the_pilgrimage/,General Discussion
12ge5z9,Warhammer40k,2023-04-09,2023-04,2023,First squad for the homebrew complete...,Hobby &amp; Painting,7847,174,https://reddit.com/r/Warhammer40k/comments/12ge5z9/first_squad_for_the_homebrew_complete/,Hobby & Painting
1hkufaw,Warhammer40k,2024-12-23,2024-12,2024,I Finally Painted one of my Favourite (and rarest) minis EVER ,Hobby &amp; Painting,7840,166,https://reddit.com/r/Warhammer40k/comments/1hkufaw/i_finally_painted_one_of_my_favourite_and_rarest/,Hobby & Painting
1hqndkn,Warhammer40k,2024-12-31,2024-12,2024,Tech Problems,Hobby &amp; Painting,7831,103,https://reddit.com/r/Warhammer40k/comments/1hqndkn/tech_problems/,Hobby & Painting
1hyubzj,Warhammer40k,2025-01-11,2025-01,2025,Flamesword tutorial 🔥 (link in post),Hobby &amp; Painting,7834,152,https://reddit.com/r/Warhammer40k/comments/1hyubzj/flamesword_tutorial_link_in_post/,Hobby & Painting
1fywfcb,Warhammer40k,2024-10-08,2024-10,2024,Space marine armor from Mk1 to Mk10,Lore,7826,329,https://reddit.com/r/Warhammer40k/comments/1fywfcb/space_marine_armor_from_mk1_to_mk10/,Lore & Narrative
1frdavc,Warhammer40k,2024-09-28,2024-09,2024,I finally finished my Aspiring Sorcerer of the Thousand Sons Legion 🙂,Hobby &amp; Painting,7817,272,https://reddit.com/r/Warhammer40k/comments/1frdavc/i_finally_finished_my_aspiring_sorcerer_of_the/,Hobby & Painting
ygoo8i,Warhammer40k,2022-10-29,2022-10,2022,Finished my Skitarii cosplay!,"Art, Cosplay &amp; OC",7748,167,https://reddit.com/r/Warhammer40k/comments/ygoo8i/finished_my_skitarii_cosplay/,Hobby & Painting
s16ntu,Warhammer40k,2022-01-11,2022-01,2022,Buzz Lightyear Space Marine and Necron Woody,Painting,7735,92,https://reddit.com/r/Warhammer40k/comments/s16ntu/buzz_lightyear_space_marine_and_necron_woody/,Hobby & Painting
tqsu5h,Warhammer40k,2022-03-29,2022-03,2022,"""The Last Light""",Hobby,7728,470,https://reddit.com/r/Warhammer40k/comments/tqsu5h/the_last_light/,Hobby & Painting
1hdzuv7,Warhammer40k,2024-12-14,2024-12,2024,3 of my favourite characters ive painted this year,Hobby &amp; Painting,7727,112,https://reddit.com/r/Warhammer40k/comments/1hdzuv7/3_of_my_favourite_characters_ive_painted_this_year/,Hobby & Painting
spwfxs,Warhammer40k,2022-02-11,2022-02,2022,Blood angels successors librarian playing with hot rocks. Don't try this at home please ! And don't zoom in too much ! (More about it in my first comment),Painting,7719,188,https://reddit.com/r/Warhammer40k/comments/spwfxs/blood_angels_successors_librarian_playing_with/,Hobby & Painting
1g3ry3f,Warhammer40k,2024-10-14,2024-10,2024,How the fuck do you even do this,Hobby &amp; Painting,7693,439,https://reddit.com/r/Warhammer40k/comments/1g3ry3f/how_the_fuck_do_you_even_do_this/,Hobby & Painting
1fz9jyk,Warhammer40k,2024-10-08,2024-10,2024,My slightly converted Balistus Dreadnought I've painted reciently. Hope you like it :) !,Hobby &amp; Painting,7696,95,https://reddit.com/r/Warhammer40k/comments/1fz9jyk/my_slightly_converted_balistus_dreadnought_ive/,Hobby & Painting
11nswra,Warhammer40k,2023-03-10,2023-03,2023,My dude doing his best to keep his skeleton inside,Hobby &amp; Painting,7690,246,https://reddit.com/r/Warhammer40k/comments/11nswra/my_dude_doing_his_best_to_keep_his_skeleton_inside/,Hobby & Painting
11fnln9,Warhammer40k,2023-03-02,2023-03,2023,Interesting to learn where the heretics on my mail route live! :),Misc,7660,194,https://reddit.com/r/Warhammer40k/comments/11fnln9/interesting_to_learn_where_the_heretics_on_my/,General Discussion
16uom5m,Warhammer40k,2023-09-28,2023-09,2023,I tried painting a marine with a sky/earth chrome reflection. Does the effect sell? Thoughts?,Hobby &amp; Painting,7579,1035,https://reddit.com/r/Warhammer40k/comments/16uom5m/i_tried_painting_a_marine_with_a_skyearth_chrome/,Hobby & Painting
1hdu8ck,Warhammer40k,2024-12-14,2024-12,2024,Finished printing and assembling this epic chainaxe. Time to bust out the red paints,Hobby &amp; Painting,7583,142,https://reddit.com/r/Warhammer40k/comments/1hdu8ck/finished_printing_and_assembling_this_epic/,Hobby & Painting
1idsrfz,Warhammer40k,2025-01-30,2025-01,2025,Is this top grip something in lore or a legitimate holding style in real life? I notice the astartes guy uses it quite a bit,Lore,7574,565,https://reddit.com/r/Warhammer40k/comments/1idsrfz/is_this_top_grip_something_in_lore_or_a/,Lore & Narrative
zwjvqw,Warhammer40k,2022-12-27,2022-12,2022,Coronation of Gulliman update,Hobby &amp; Painting,7563,303,https://reddit.com/r/Warhammer40k/comments/zwjvqw/coronation_of_gulliman_update/,Hobby & Painting
s6wbks,Warhammer40k,2022-01-18,2022-01,2022,"Meet Vladimir, anvil-world G.Prime governor. Honest, humble, hard-working",Painting,7521,190,https://reddit.com/r/Warhammer40k/comments/s6wbks/meet_vladimir_anvilworld_gprime_governor_honest/,Hobby & Painting
1i4f6li,Warhammer40k,2025-01-18,2025-01,2025,It's... A start,Hobby &amp; Painting,7525,154,https://reddit.com/r/Warhammer40k/comments/1i4f6li/its_a_start/,Hobby & Painting
vy6gfo,Warhammer40k,2022-07-13,2022-07,2022,I put legs on a Firestrike Servo Turret,Hobby &amp; Painting,7494,232,https://reddit.com/r/Warhammer40k/comments/vy6gfo/i_put_legs_on_a_firestrike_servo_turret/,Hobby & Painting
1gnfoi2,Warhammer40k,2024-11-09,2024-11,2024,My Nose Marine cosplay helmet,Hobby &amp; Painting,7492,157,https://reddit.com/r/Warhammer40k/comments/1gnfoi2/my_nose_marine_cosplay_helmet/,Hobby & Painting
15dkyht,Warhammer40k,2023-07-30,2023-07,2023,Lego Roboute Guilliman made by me,"Art, Cosplay &amp; OC",7472,221,https://reddit.com/r/Warhammer40k/comments/15dkyht/lego_roboute_guilliman_made_by_me/,General Discussion
14px8bi,Warhammer40k,2023-07-03,2023-07,2023,"My Rooster Died Protecting His Flock, My Way of Immortalizing Him",Misc,7461,378,https://reddit.com/r/Warhammer40k/comments/14px8bi/my_rooster_died_protecting_his_flock_my_way_of/,General Discussion
1hv5fj3,Warhammer40k,2025-01-06,2025-01,2025,The wife strikes again with the Power Puff Girls,Hobby &amp; Painting,7459,114,https://reddit.com/r/Warhammer40k/comments/1hv5fj3/the_wife_strikes_again_with_the_power_puff_girls/,Hobby & Painting
1fbceuz,Warhammer40k,2024-09-07,2024-09,2024,Space Marine bust ,Hobby &amp; Painting,7448,200,https://reddit.com/r/Warhammer40k/comments/1fbceuz/space_marine_bust/,Hobby & Painting
1fd5090,Warhammer40k,2024-09-10,2024-09,2024,"200k concurrent players playing Space Marines 2 on a Monday, very strong launch.",Video Games,7450,434,https://reddit.com/r/Warhammer40k/comments/1fd5090/200k_concurrent_players_playing_space_marines_2/,Hobby & Painting
tre1gj,Warhammer40k,2022-03-29,2022-03,2022,"Hello from Ukraine 🇺🇦 This is my first model, which I start to painting in the bomb shelter. Ukrainians are like as orks, we love to loot enemies vehicle! My next step is battlewagon T-72! .",Painting,7425,320,https://reddit.com/r/Warhammer40k/comments/tre1gj/hello_from_ukraine_this_is_my_first_model_which_i/,New Player / Getting Started
w6v9ym,Warhammer40k,2022-07-24,2022-07,2022,"Okay hear me out...a Souls Like/ Elden Ring like game by fromsoft, in the world of Warhammer 40k....A quick concept I painted of my dream game. Enjoy!","Art, Cosplay &amp; OC",7403,571,https://reddit.com/r/Warhammer40k/comments/w6v9ym/okay_hear_me_outa_souls_like_elden_ring_like_game/,Hobby & Painting
z4jy9s,Warhammer40k,2022-11-25,2022-11,2022,Kroot with a drum made out of a Space Marine helmet.,Hobby &amp; Painting,7385,112,https://reddit.com/r/Warhammer40k/comments/z4jy9s/kroot_with_a_drum_made_out_of_a_space_marine/,Hobby & Painting
uc3h2n,Warhammer40k,2022-04-26,2022-04,2022,Who ya gonna call? HELLBLASTERS!,Painting,7390,133,https://reddit.com/r/Warhammer40k/comments/uc3h2n/who_ya_gonna_call_hellblasters/,Hobby & Painting
vox0dz,Warhammer40k,2022-07-01,2022-07,2022,Corrupted Manufactorum.,Hobby &amp; Painting,7368,248,https://reddit.com/r/Warhammer40k/comments/vox0dz/corrupted_manufactorum/,Hobby & Painting
yh6tzo,Warhammer40k,2022-10-30,2022-10,2022,Found a Lego great unclean one,Misc,7368,71,https://reddit.com/r/Warhammer40k/comments/yh6tzo/found_a_lego_great_unclean_one/,General Discussion
115douf,Warhammer40k,2023-02-18,2023-02,2023,Talk about hobby size creep...,Hobby &amp; Painting,7339,482,https://reddit.com/r/Warhammer40k/comments/115douf/talk_about_hobby_size_creep/,Hobby & Painting
1fjaswf,Warhammer40k,2024-09-17,2024-09,2024,"The user The Reaper on Spacebattles made a pixel count on the Imperator model in the game, if acurate to the marine model in game, that thing is over a kilometer tall",Video Games,7300,298,https://reddit.com/r/Warhammer40k/comments/1fjaswf/the_user_the_reaper_on_spacebattles_made_a_pixel/,Video Games & Digital
1ik5k4k,Warhammer40k,2025-02-07,2025-02,2025,66 hours later-- My attempt at copying the box art of Angron.,Hobby &amp; Painting,7298,78,https://reddit.com/r/Warhammer40k/comments/1ik5k4k/66_hours_later_my_attempt_at_copying_the_box_art/,Hobby & Painting
11h42ys,Warhammer40k,2023-03-03,2023-03,2023,Went to the mailbox to grab my newest 40k model to discover a little note from my mailman that made me chuckle and I thought this sub would get a nice little kick out of it as well.,Misc,7283,243,https://reddit.com/r/Warhammer40k/comments/11h42ys/went_to_the_mailbox_to_grab_my_newest_40k_model/,General Discussion
14jj24c,Warhammer40k,2023-06-26,2023-06,2023,Would you prefer an Astartes level Animated movie over live action?,Misc,7283,892,https://reddit.com/r/Warhammer40k/comments/14jj24c/would_you_prefer_an_astartes_level_animated_movie/,General Discussion
1ihh6zf,Warhammer40k,2025-02-04,2025-02,2025,My hobby progress,Hobby &amp; Painting,7284,146,https://reddit.com/r/Warhammer40k/comments/1ihh6zf/my_hobby_progress/,Hobby & Painting
15qzbj1,Warhammer40k,2023-08-14,2023-08,2023,"""Have you finished drawing yet?"" (by Gray-Skull)","Art, Cosplay &amp; OC",7257,330,https://reddit.com/r/Warhammer40k/comments/15qzbj1/have_you_finished_drawing_yet_by_grayskull/,General Discussion
ziogwi,Warhammer40k,2022-12-11,2022-12,2022,All Loyalists Space Marine Chapters in alphabetic order [by me],Lore,7242,557,https://reddit.com/r/Warhammer40k/comments/ziogwi/all_loyalists_space_marine_chapters_in_alphabetic/,Lore & Narrative
1fh82je,Warhammer40k,2024-09-15,2024-09,2024,Vaporwave Heldrake,Hobby &amp; Painting,7230,79,https://reddit.com/r/Warhammer40k/comments/1fh82je/vaporwave_heldrake/,Hobby & Painting
1hemxsa,Warhammer40k,2024-12-15,2024-12,2024,My Moo Deng The Bloodthirster!,Hobby &amp; Painting,7230,72,https://reddit.com/r/Warhammer40k/comments/1hemxsa/my_moo_deng_the_bloodthirster/,Hobby & Painting
1fxcx1l,Warhammer40k,2024-10-06,2024-10,2024,Just finished my newest kitbash. Ultramarine inner circle ,Hobby &amp; Painting,7212,130,https://reddit.com/r/Warhammer40k/comments/1fxcx1l/just_finished_my_newest_kitbash_ultramarine_inner/,Hobby & Painting
1hb4uq0,Warhammer40k,2024-12-10,2024-12,2024,‘Eaviest metal sword guide.,Hobby &amp; Painting,7172,89,https://reddit.com/r/Warhammer40k/comments/1hb4uq0/eaviest_metal_sword_guide/,Hobby & Painting
1j0o4zn,Warhammer40k,2025-03-01,2025-03,2025,Ratnaught,Hobby &amp; Painting,7169,323,https://reddit.com/r/Warhammer40k/comments/1j0o4zn/ratnaught/,Hobby & Painting
yokoms,Warhammer40k,2022-11-07,2022-11,2022,"My 3 Sisters of Battle cosplay (Nurgle, half Alpha Legion / Adepta Sororitas, classic)","Art, Cosplay &amp; OC",7167,217,https://reddit.com/r/Warhammer40k/comments/yokoms/my_3_sisters_of_battle_cosplay_nurgle_half_alpha/,General Discussion
1o4l1z9,Warhammer,2025-10-12,2025-10,2025,My cosplay Warboss 40k.,Hobby,43272,658,https://reddit.com/r/Warhammer/comments/1o4l1z9/my_cosplay_warboss_40k/,Hobby & Painting
1n0mz69,Warhammer,2025-08-26,2025-08,2025,Greenskin team in a Warhammer Fantasy Larp-game,Hobby,25080,476,https://reddit.com/r/Warhammer/comments/1n0mz69/greenskin_team_in_a_warhammer_fantasy_larpgame/,Hobby & Painting
1jpli5s,Warhammer,2025-04-02,2025-04,2025,The sad state 40k is in currently,Joke,17986,954,https://reddit.com/r/Warhammer/comments/1jpli5s/the_sad_state_40k_is_in_currently/,Community & Humour
1ndmmvx,Warhammer,2025-09-10,2025-09,2025,Can someone explain why anything beyond a squad is bad news,Lore,15036,709,https://reddit.com/r/Warhammer/comments/1ndmmvx/can_someone_explain_why_anything_beyond_a_squad/,Lore & Narrative
1m2k4cl,Warhammer,2025-07-17,2025-07,2025,Fair,Discussion,13852,512,https://reddit.com/r/Warhammer/comments/1m2k4cl/fair/,General Discussion
1qbvaeb,Warhammer,2026-01-13,2026-01,2026,Warhammer company Games Workshop bans Generative AI for all content to “respect our human creators”,News,12882,541,https://reddit.com/r/Warhammer/comments/1qbvaeb/warhammer_company_games_workshop_bans_generative/,General Discussion
1kht1dn,Warhammer,2025-05-08,2025-05,2025,Called out…,Art,12821,98,https://reddit.com/r/Warhammer/comments/1kht1dn/called_out/,General Discussion
1paojjm,Warhammer,2025-11-30,2025-11,2025,Escalation,Joke,12402,94,https://reddit.com/r/Warhammer/comments/1paojjm/escalation/,Community & Humour
1qpj1aq,Warhammer,2026-01-28,2026-01,2026,When you pull up with your Smurfs 🤣,Joke,10896,76,https://reddit.com/r/Warhammer/comments/1qpj1aq/when_you_pull_up_with_your_smurfs/,Community & Humour
1jgalg3,Warhammer,2025-03-21,2025-03,2025,Is this a viable strategy? Am I stupid?,Gaming,10672,268,https://reddit.com/r/Warhammer/comments/1jgalg3/is_this_a_viable_strategy_am_i_stupid/,General Discussion
1msiq1r,Warhammer,2025-08-17,2025-08,2025,"Painted my first imperial fist, what do you guys think?",Hobby,10501,1362,https://reddit.com/r/Warhammer/comments/1msiq1r/painted_my_first_imperial_fist_what_do_you_guys/,Hobby & Painting
1m8x3k4,Warhammer,2025-07-25,2025-07,2025,The GW rebrand is a bit basic for my taste,Joke,10308,311,https://reddit.com/r/Warhammer/comments/1m8x3k4/the_gw_rebrand_is_a_bit_basic_for_my_taste/,Community & Humour
1otkd8p,Warhammer,2025-11-10,2025-11,2025,Update: I WON!!!!,Hobby,9455,230,https://reddit.com/r/Warhammer/comments/1otkd8p/update_i_won/,Hobby & Painting
1nw950l,Warhammer,2025-10-02,2025-10,2025,Pixel Imperial Knight,Art,9293,86,https://reddit.com/r/Warhammer/comments/1nw950l/pixel_imperial_knight/,General Discussion
1n6un9j,Warhammer,2025-09-02,2025-09,2025,Parade of factions and races in the LARP-game Warhammer Fantasy,Hobby,9284,172,https://reddit.com/r/Warhammer/comments/1n6un9j/parade_of_factions_and_races_in_the_larpgame/,Hobby & Painting
1oanodz,Warhammer,2025-10-19,2025-10,2025,Oh... oh no,Joke,9034,209,https://reddit.com/r/Warhammer/comments/1oanodz/oh_oh_no/,Community & Humour
1oiwx9y,Warhammer,2025-10-29,2025-10,2025,Went to my local game store in my armor,Hobby,8997,168,https://reddit.com/r/Warhammer/comments/1oiwx9y/went_to_my_local_game_store_in_my_armor/,Hobby & Painting
1rmh601,Warhammer,2026-03-06,2026-03,2026,RIP Citadel,News,8837,485,https://reddit.com/r/Warhammer/comments/1rmh601/rip_citadel/,General Discussion
1o1anhs,Warhammer,2025-10-08,2025-10,2025,"Struggling with work and mental health recently, this is the surprise my girlfriend left for me this morning",Hobby,8834,414,https://reddit.com/r/Warhammer/comments/1o1anhs/struggling_with_work_and_mental_health_recently/,Hobby & Painting
1quui01,Warhammer,2026-02-03,2026-02,2026,My daughter's first mini,Hobby,8743,395,https://reddit.com/r/Warhammer/comments/1quui01/my_daughters_first_mini/,Hobby & Painting
1qmyjq0,Warhammer,2026-01-25,2026-01,2026,This was on the wall of me local GW when I walked in today,Joke,8471,150,https://reddit.com/r/Warhammer/comments/1qmyjq0/this_was_on_the_wall_of_me_local_gw_when_i_walked/,Community & Humour
1puu5kf,Warhammer,2025-12-24,2025-12,2025,I made a TINY Polly Pocket-Hammer Playset!! (it's my favourite thing ever now lol),Hobby,8414,293,https://reddit.com/r/Warhammer/comments/1puu5kf/i_made_a_tiny_polly_pockethammer_playset_its_my/,Hobby & Painting
1kjunmn,Warhammer,2025-05-11,2025-05,2025,"So, there are enhancements to use back massagers as paint mixers...",Joke,8339,455,https://reddit.com/r/Warhammer/comments/1kjunmn/so_there_are_enhancements_to_use_back_massagers/,Community & Humour
1k330xd,Warhammer,2025-04-19,2025-04,2025,I just wanna play T’au man,Joke,8231,338,https://reddit.com/r/Warhammer/comments/1k330xd/i_just_wanna_play_tau_man/,Community & Humour
1ra3j57,Warhammer,2026-02-20,2026-02,2026,Holy shit,News,7908,239,https://reddit.com/r/Warhammer/comments/1ra3j57/holy_shit/,General Discussion
1jrmx82,Warhammer,2025-04-04,2025-04,2025,Redesigned Warhammer 40K Species by @kanarmajik,Art,7754,536,https://reddit.com/r/Warhammer/comments/1jrmx82/redesigned_warhammer_40k_species_by_kanarmajik/,General Discussion
1pmphac,Warhammer,2025-12-14,2025-12,2025,How it feels as an AoS player post-game awards,Joke,7546,673,https://reddit.com/r/Warhammer/comments/1pmphac/how_it_feels_as_an_aos_player_postgame_awards/,Hobby & Painting
1rr4efg,Warhammer,2026-03-11,2026-03,2026,A sweet old lady said it was nice to see young people still believing in Jesus,Discussion,7200,176,https://reddit.com/r/Warhammer/comments/1rr4efg/a_sweet_old_lady_said_it_was_nice_to_see_young/,General Discussion
1q5d9rn,Warhammer,2026-01-06,2026-01,2026,Featured,Joke,7168,312,https://reddit.com/r/Warhammer/comments/1q5d9rn/featured/,Community & Humour
1m4pn5w,Warhammer,2025-07-20,2025-07,2025,"So how exactly do marines ""wear"" the Saturnine terminator armor?",Lore,7020,573,https://reddit.com/r/Warhammer/comments/1m4pn5w/so_how_exactly_do_marines_wear_the_saturnine/,Lore & Narrative
1l6sujv,Warhammer,2025-06-09,2025-06,2025,who would you consider the Bob Ross of this hobby?,Discussion,6953,340,https://reddit.com/r/Warhammer/comments/1l6sujv/who_would_you_consider_the_bob_ross_of_this_hobby/,Hobby & Painting
1rglbsm,Warhammer,2026-02-27,2026-02,2026,Lucky undies,Hobby,6946,62,https://reddit.com/r/Warhammer/comments/1rglbsm/lucky_undies/,Hobby & Painting
1npfwrv,Warhammer,2025-09-24,2025-09,2025,I wasnt aware my legion couldnt take naps.,Hobby,6899,210,https://reddit.com/r/Warhammer/comments/1npfwrv/i_wasnt_aware_my_legion_couldnt_take_naps/,Hobby & Painting
1ntkyt4,Warhammer,2025-09-29,2025-09,2025,True.,Joke,6892,16,https://reddit.com/r/Warhammer/comments/1ntkyt4/true/,Community & Humour
1r79x98,Warhammer,2026-02-17,2026-02,2026,"Warhammer designer Jervis Johnson backs Games Workshop's AI ban as the tech is a ""hinderance"" to design that will be ""the asbestos of the internet""",Discussion,6896,350,https://reddit.com/r/Warhammer/comments/1r79x98/warhammer_designer_jervis_johnson_backs_games/,General Discussion
1lutfij,Warhammer,2025-07-08,2025-07,2025,A warhammer meme my friend sent me,Joke,6797,47,https://reddit.com/r/Warhammer/comments/1lutfij/a_warhammer_meme_my_friend_sent_me/,Community & Humour
1qcxwve,Warhammer,2026-01-14,2026-01,2026,Tail for morathi is finally done!,Art,6543,190,https://reddit.com/r/Warhammer/comments/1qcxwve/tail_for_morathi_is_finally_done/,General Discussion
1mk1bip,Warhammer,2025-08-07,2025-08,2025,32 year old emotional support Dreadnaught,Hobby,6488,335,https://reddit.com/r/Warhammer/comments/1mk1bip/32_year_old_emotional_support_dreadnaught/,Hobby & Painting
1roao1u,Warhammer,2026-03-08,2026-03,2026,The Mines of Moria!,Hobby,6121,70,https://reddit.com/r/Warhammer/comments/1roao1u/the_mines_of_moria/,Hobby & Painting
1pkxvvr,Warhammer,2025-12-12,2025-12,2025,"Ok, this is just insane",Gaming,6106,391,https://reddit.com/r/Warhammer/comments/1pkxvvr/ok_this_is_just_insane/,General Discussion
1plo9ba,Warhammer,2025-12-13,2025-12,2025,"Looking for a GW employee from Glen Burnie, MD (~1995-99) who changed my life.",Discussion,5789,265,https://reddit.com/r/Warhammer/comments/1plo9ba/looking_for_a_gw_employee_from_glen_burnie_md/,General Discussion
1of6khk,Warhammer,2025-10-24,2025-10,2025,"Sad, but true... ))",Joke,5710,191,https://reddit.com/r/Warhammer/comments/1of6khk/sad_but_true/,Community & Humour
1km96l8,Warhammer,2025-05-14,2025-05,2025,The first Crusade of Koranos is done,Hobby,5698,133,https://reddit.com/r/Warhammer/comments/1km96l8/the_first_crusade_of_koranos_is_done/,Hobby & Painting
1nqaexl,Warhammer,2025-09-25,2025-09,2025,Blessed is the mind too small for doubt,Joke,5523,34,https://reddit.com/r/Warhammer/comments/1nqaexl/blessed_is_the_mind_too_small_for_doubt/,Community & Humour
1ka1jzw,Warhammer,2025-04-28,2025-04,2025,Hive Fleet Felinid,Gaming,5300,113,https://reddit.com/r/Warhammer/comments/1ka1jzw/hive_fleet_felinid/,General Discussion
1mzmvj8,Warhammer,2025-08-25,2025-08,2025,Ah..yes you've got his back,Joke,5107,32,https://reddit.com/r/Warhammer/comments/1mzmvj8/ahyes_youve_got_his_back/,Community & Humour
1q6bd67,Warhammer,2026-01-07,2026-01,2026,I've bought a lot of stupid things but nothing has made me as happy as this,Hobby,5021,174,https://reddit.com/r/Warhammer/comments/1q6bd67/ive_bought_a_lot_of_stupid_things_but_nothing_has/,Hobby & Painting
1qerpzm,Warhammer,2026-01-16,2026-01,2026,Necron - by Kittilittl,Hobby,4919,166,https://reddit.com/r/Warhammer/comments/1qerpzm/necron_by_kittilittl/,Hobby & Painting
1na5625,Warhammer,2025-09-06,2025-09,2025,Very proud of my daughter…,Hobby,4897,83,https://reddit.com/r/Warhammer/comments/1na5625/very_proud_of_my_daughter/,Hobby & Painting
1limsfw,Warhammer,2025-06-23,2025-06,2025,Amogus,Joke,4831,44,https://reddit.com/r/Warhammer/comments/1limsfw/amogus/,Community & Humour
1mxg3gl,Warhammer,2025-08-22,2025-08,2025,"Just bought this, haven’t built anything yet but what should I get next?",Joke,4804,202,https://reddit.com/r/Warhammer/comments/1mxg3gl/just_bought_this_havent_built_anything_yet_but/,Community & Humour
1jbqqyw,Warhammer,2025-03-15,2025-03,2025,Menace,Joke,4694,209,https://reddit.com/r/Warhammer/comments/1jbqqyw/menace/,Community & Humour
1mkiub2,Warhammer,2025-08-08,2025-08,2025,This would be my recommendation for anyone getting into 40k lore.,Lore,4662,508,https://reddit.com/r/Warhammer/comments/1mkiub2/this_would_be_my_recommendation_for_anyone/,New Player / Getting Started
1nd0o7h,Warhammer,2025-09-10,2025-09,2025,When you leave her alone with your models….,Joke,4572,207,https://reddit.com/r/Warhammer/comments/1nd0o7h/when_you_leave_her_alone_with_your_models/,Community & Humour
1q2naqo,Warhammer,2026-01-03,2026-01,2026,Looking at the new data sheet...,Joke,4543,207,https://reddit.com/r/Warhammer/comments/1q2naqo/looking_at_the_new_data_sheet/,Community & Humour
1prlkn6,Warhammer,2025-12-20,2025-12,2025,Has Titus become John Warhammer?,Discussion,4502,197,https://reddit.com/r/Warhammer/comments/1prlkn6/has_titus_become_john_warhammer/,General Discussion
1n3absv,Warhammer,2025-08-29,2025-08,2025,Do people eat tyranids? (art: ChumiiCham),Discussion,4473,422,https://reddit.com/r/Warhammer/comments/1n3absv/do_people_eat_tyranids_art_chumiicham/,General Discussion
1rgyag8,Warhammer,2026-02-28,2026-02,2026,It is ok if more skulls for the skull throne!,Joke,4457,21,https://reddit.com/r/Warhammer/comments/1rgyag8/it_is_ok_if_more_skulls_for_the_skull_throne/,Community & Humour
1nbazh2,Warhammer,2025-09-08,2025-09,2025,"I found these in a free pile on the way to work. Did I get anything good? Some of them are kind of heavy, might be pewter. Thanks for any help.",Hobby,4328,325,https://reddit.com/r/Warhammer/comments/1nbazh2/i_found_these_in_a_free_pile_on_the_way_to_work/,Hobby & Painting
1r5pe32,Warhammer,2026-02-15,2026-02,2026,Who is this?,Discussion,4333,425,https://reddit.com/r/Warhammer/comments/1r5pe32/who_is_this/,Lore & Narrative
1lrswxj,Warhammer,2025-07-04,2025-07,2025,"Grandma used to run a hobby/comic book store 20 years ago in Kokomo, IN and heard I was getting back into Warhammer in my 30s. Did I hit the nostalgia jackpot? (Not selling, just for collecting/proxying!)",Hobby,4273,268,https://reddit.com/r/Warhammer/comments/1lrswxj/grandma_used_to_run_a_hobbycomic_book_store_20/,Hobby & Painting
1m6n77f,Warhammer,2025-07-22,2025-07,2025,"For those of us that use his products daily, this is a sad day for a great model man.",Hobby,4268,86,https://reddit.com/r/Warhammer/comments/1m6n77f/for_those_of_us_that_use_his_products_daily_this/,Hobby & Painting
1n5bad8,Warhammer,2025-09-01,2025-09,2025,"Alright got my first one just 39,999 more to go",Hobby,4254,51,https://reddit.com/r/Warhammer/comments/1n5bad8/alright_got_my_first_one_just_39999_more_to_go/,Hobby & Painting
1nipwie,Warhammer,2025-09-16,2025-09,2025,GW shutting down Kill Team Battlekit,News,4181,552,https://reddit.com/r/Warhammer/comments/1nipwie/gw_shutting_down_kill_team_battlekit/,General Discussion
1o0pfsn,Warhammer,2025-10-07,2025-10,2025,"Who in Warhammer has the biggest, most impressive hat?",Joke,4176,158,https://reddit.com/r/Warhammer/comments/1o0pfsn/who_in_warhammer_has_the_biggest_most_impressive/,Community & Humour
1ljtiqt,Warhammer,2025-06-25,2025-06,2025,There is a store near my home thats just dedicated to Warhammer thought id share it here,Discussion,4034,465,https://reddit.com/r/Warhammer/comments/1ljtiqt/there_is_a_store_near_my_home_thats_just/,General Discussion
1kdj051,Warhammer,2025-05-03,2025-05,2025,This Subreddit should not allow AI Art,Discussion,4012,366,https://reddit.com/r/Warhammer/comments/1kdj051/this_subreddit_should_not_allow_ai_art/,General Discussion
1p3eos9,Warhammer,2025-11-22,2025-11,2025,This is why the Terminus Decree was created so long ago,Lore,3988,219,https://reddit.com/r/Warhammer/comments/1p3eos9/this_is_why_the_terminus_decree_was_created_so/,Lore & Narrative
1jktbgk,Warhammer,2025-03-27,2025-03,2025,Grand Cathay revealed for The Old World at the Adepticon 2025 Preview,News,3978,295,https://reddit.com/r/Warhammer/comments/1jktbgk/grand_cathay_revealed_for_the_old_world_at_the/,New Releases & News
1mezjzn,Warhammer,2025-08-01,2025-08,2025,GW plastic is surprisingly strong.,Hobby,3969,152,https://reddit.com/r/Warhammer/comments/1mezjzn/gw_plastic_is_surprisingly_strong/,Hobby & Painting
1qh3bnb,Warhammer,2026-01-19,2026-01,2026,Warhammer Set Up,Hobby,3896,200,https://reddit.com/r/Warhammer/comments/1qh3bnb/warhammer_set_up/,Hobby & Painting
1p3we6h,Warhammer,2025-11-22,2025-11,2025,Finished up this Logan Grimnar commission and I'm sad I have to let it go to its owner now.,Hobby,3822,110,https://reddit.com/r/Warhammer/comments/1p3we6h/finished_up_this_logan_grimnar_commission_and_im/,Hobby & Painting
1l59f47,Warhammer,2025-06-07,2025-06,2025,"Mortarion vs Guilliman, art by me",Art,3797,58,https://reddit.com/r/Warhammer/comments/1l59f47/mortarion_vs_guilliman_art_by_me/,General Discussion
1m6lrdl,Warhammer,2025-07-22,2025-07,2025,MEPHISTON RED,Joke,3760,92,https://reddit.com/r/Warhammer/comments/1m6lrdl/mephiston_red/,Community & Humour
1mk0d5f,Warhammer,2025-08-07,2025-08,2025,3 years and he still sleeps in his fort,Hobby,3708,49,https://reddit.com/r/Warhammer/comments/1mk0d5f/3_years_and_he_still_sleeps_in_his_fort/,Hobby & Painting
1p28xuu,Warhammer,2025-11-20,2025-11,2025,Why is Malcador old if he's a prepetual?,Discussion,3692,422,https://reddit.com/r/Warhammer/comments/1p28xuu/why_is_malcador_old_if_hes_a_prepetual/,General Discussion
1kiina2,Warhammer,2025-05-09,2025-05,2025,Abraxia painting done,Art,3647,84,https://reddit.com/r/Warhammer/comments/1kiina2/abraxia_painting_done/,Hobby & Painting
1py0kj0,Warhammer,2025-12-28,2025-12,2025,Battle Sister of the Order of Our Martyred Lady 📜,Art,3636,175,https://reddit.com/r/Warhammer/comments/1py0kj0/battle_sister_of_the_order_of_our_martyred_lady/,General Discussion
1pk3ct7,Warhammer,2025-12-11,2025-12,2025,The same peak scene,Art,3625,144,https://reddit.com/r/Warhammer/comments/1pk3ct7/the_same_peak_scene/,General Discussion
1qd2q2h,Warhammer,2026-01-14,2026-01,2026,Why hasn't GW brought stuff like this back? Give me a buy once cry once box like this.,Discussion,3585,404,https://reddit.com/r/Warhammer/comments/1qd2q2h/why_hasnt_gw_brought_stuff_like_this_back_give_me/,General Discussion
1p6fisv,Warhammer,2025-11-25,2025-11,2025,Why do the Chaos Gods allow chaos undivided?,Lore,3593,345,https://reddit.com/r/Warhammer/comments/1p6fisv/why_do_the_chaos_gods_allow_chaos_undivided/,Lore & Narrative
1mg4v4s,Warhammer,2025-08-02,2025-08,2025,I keep that venerable brother on me if the heretics or xenos wanna pull up,Hobby,3571,62,https://reddit.com/r/Warhammer/comments/1mg4v4s/i_keep_that_venerable_brother_on_me_if_the/,Hobby & Painting
1mmhw7a,Warhammer,2025-08-10,2025-08,2025,How illegal would this be to use in a game ?,Discussion,3564,329,https://reddit.com/r/Warhammer/comments/1mmhw7a/how_illegal_would_this_be_to_use_in_a_game/,General Discussion
1pi3epj,Warhammer,2025-12-09,2025-12,2025,I will never understand cheat dice.,Discussion,3532,170,https://reddit.com/r/Warhammer/comments/1pi3epj/i_will_never_understand_cheat_dice/,General Discussion
1mbge9u,Warhammer,2025-07-28,2025-07,2025,Update : my neighbor was putting this into trash,Discussion,3534,105,https://reddit.com/r/Warhammer/comments/1mbge9u/update_my_neighbor_was_putting_this_into_trash/,General Discussion
1psz3x1,Warhammer,2025-12-22,2025-12,2025,"If you can't afford an entire titsn, get get different body parts and make manufactorum frames.",Hobby,3525,44,https://reddit.com/r/Warhammer/comments/1psz3x1/if_you_cant_afford_an_entire_titsn_get_get/,Hobby & Painting
1jlz3g9,Warhammer,2025-03-28,2025-03,2025,Tanith cosplay @ Adepticon,Hobby,3461,41,https://reddit.com/r/Warhammer/comments/1jlz3g9/tanith_cosplay_adepticon/,Hobby & Painting
1l02rjl,Warhammer,2025-05-31,2025-05,2025,Went to Warhammer World today,Joke,3436,71,https://reddit.com/r/Warhammer/comments/1l02rjl/went_to_warhammer_world_today/,Community & Humour
1klnpyf,Warhammer,2025-05-13,2025-05,2025,"Ok, now THIS is probably the best reaction to a leak I've seen yet.",Joke,3381,72,https://reddit.com/r/Warhammer/comments/1klnpyf/ok_now_this_is_probably_the_best_reaction_to_a/,Community & Humour
1ox33ui,Warhammer,2025-11-14,2025-11,2025,"Diorama of Durer's Knight, Death, and the Devil - Warhammer Style",Hobby,3367,39,https://reddit.com/r/Warhammer/comments/1ox33ui/diorama_of_durers_knight_death_and_the_devil/,Hobby & Painting
1k0uhzz,Warhammer,2025-04-16,2025-04,2025,Thank you Baron of Dice!!,Hobby,3321,193,https://reddit.com/r/Warhammer/comments/1k0uhzz/thank_you_baron_of_dice/,Hobby & Painting
1l3vhn2,Warhammer,2025-06-05,2025-06,2025,My lifetime supply of glue arrived.,Joke,3312,210,https://reddit.com/r/Warhammer/comments/1l3vhn2/my_lifetime_supply_of_glue_arrived/,Community & Humour
1m2zxa0,Warhammer,2025-07-18,2025-07,2025,Bang Bang! Inquisition Gregor Eisenhorn or Jules Winnfield?,Hobby,3305,184,https://reddit.com/r/Warhammer/comments/1m2zxa0/bang_bang_inquisition_gregor_eisenhorn_or_jules/,Hobby & Painting
1qr6vx2,Warhammer,2026-01-30,2026-01,2026,Warhammer Bedroom (Update),Art,3273,285,https://reddit.com/r/Warhammer/comments/1qr6vx2/warhammer_bedroom_update/,General Discussion
1r873ok,Warhammer,2026-02-18,2026-02,2026,Horus and his Worldbreaker,Hobby,3220,205,https://reddit.com/r/Warhammer/comments/1r873ok/horus_and_his_worldbreaker/,Hobby & Painting
1kr0dsb,Warhammer,2025-05-20,2025-05,2025,I've kinda become my own Mini. Does this count?,Hobby,3206,100,https://reddit.com/r/Warhammer/comments/1kr0dsb/ive_kinda_become_my_own_mini_does_this_count/,Hobby & Painting
1oi5mwo,Warhammer,2025-10-28,2025-10,2025,"Anyone know what the name of this creature is, and which faction it belongs to?",Discussion,3200,186,https://reddit.com/r/Warhammer/comments/1oi5mwo/anyone_know_what_the_name_of_this_creature_is_and/,General Discussion
1r24y6k,Warhammer,2026-02-11,2026-02,2026,I painted a Wrath of the Lich King Theme Be'lakor.,Hobby,3176,50,https://reddit.com/r/Warhammer/comments/1r24y6k/i_painted_a_wrath_of_the_lich_king_theme_belakor/,Hobby & Painting
1jemeh8,Warhammer,2025-03-19,2025-03,2025,Relatable.,Art,3126,10,https://reddit.com/r/Warhammer/comments/1jemeh8/relatable/,General Discussion
1nrtu71,Warhammer,2025-09-27,2025-09,2025,What are the best discontinued minis?,Hobby,3085,342,https://reddit.com/r/Warhammer/comments/1nrtu71/what_are_the_best_discontinued_minis/,Hobby & Painting
1kncpli,Warhammer,2025-05-15,2025-05,2025,Is it disrespectful to put trophies on your models?,Discussion,3068,544,https://reddit.com/r/Warhammer/comments/1kncpli/is_it_disrespectful_to_put_trophies_on_your_models/,General Discussion
1pmne0k,Warhammer,2025-12-14,2025-12,2025,My pile of shame has reached critical mass.,Hobby,3065,545,https://reddit.com/r/Warhammer/comments/1pmne0k/my_pile_of_shame_has_reached_critical_mass/,Hobby & Painting
1oaxrhs,Warhammer,2025-10-19,2025-10,2025,The Great Frosted One,Hobby,3026,53,https://reddit.com/r/Warhammer/comments/1oaxrhs/the_great_frosted_one/,Hobby & Painting
1p4jccu,Warhammer,2025-11-23,2025-11,2025,Does anyone else have a warhammer tattoo?,Art,3015,269,https://reddit.com/r/Warhammer/comments/1p4jccu/does_anyone_else_have_a_warhammer_tattoo/,General Discussion
1lz3h9f,Warhammer,2025-07-13,2025-07,2025,No pink robots till you feed me,Joke,2985,94,https://reddit.com/r/Warhammer/comments/1lz3h9f/no_pink_robots_till_you_feed_me/,Community & Humour
1pijkyn,Warhammer,2025-12-09,2025-12,2025,"My sons just got back from scouts with this badge, did not know this was a thing!",Hobby,2985,85,https://reddit.com/r/Warhammer/comments/1pijkyn/my_sons_just_got_back_from_scouts_with_this_badge/,Hobby & Painting
1ogw589,Warhammer,2025-10-26,2025-10,2025,My first armies on parade!,Hobby,2937,68,https://reddit.com/r/Warhammer/comments/1ogw589/my_first_armies_on_parade/,Hobby & Painting
1rdlrip,Warhammer,2026-02-24,2026-02,2026,I wanted to share the absolutely incredible Squig Hopper tattoo I got yesterday,Art,2927,63,https://reddit.com/r/Warhammer/comments/1rdlrip/i_wanted_to_share_the_absolutely_incredible_squig/,General Discussion
1pfe5d7,Warhammer,2025-12-06,2025-12,2025,Is there an actual name for this painting style? I would like to try and learn it,Hobby,2910,64,https://reddit.com/r/Warhammer/comments/1pfe5d7/is_there_an_actual_name_for_this_painting_style_i/,Hobby & Painting
1r6i0ly,Warhammer,2026-02-16,2026-02,2026,"Worry not, Ultramarines",Joke,2903,54,https://reddit.com/r/Warhammer/comments/1r6i0ly/worry_not_ultramarines/,Community & Humour
1pvhhyd,Warhammer,2025-12-25,2025-12,2025,Grotmas Calendar Day 25 – Huron Blackheart strides forth from the Maelstrom,News,2892,203,https://reddit.com/r/Warhammer/comments/1pvhhyd/grotmas_calendar_day_25_huron_blackheart_strides/,General Discussion
1mbzywt,Warhammer,2025-07-29,2025-07,2025,Games Workshop logo circa 1983,Art,2853,160,https://reddit.com/r/Warhammer/comments/1mbzywt/games_workshop_logo_circa_1983/,General Discussion
1lmxvrf,Warhammer,2025-06-28,2025-06,2025,Boyfriend went golfing so I can finally play with his warhammer dudes,Hobby,2851,107,https://reddit.com/r/Warhammer/comments/1lmxvrf/boyfriend_went_golfing_so_i_can_finally_play_with/,Hobby & Painting
1nl8vw9,Warhammer,2025-09-19,2025-09,2025,Are the titans heights actually under 100meters?..,Discussion,2833,246,https://reddit.com/r/Warhammer/comments/1nl8vw9/are_the_titans_heights_actually_under_100meters/,General Discussion
1nykvda,Warhammer,2025-10-05,2025-10,2025,Yarrick corrects some misconceptions.,Art,2811,166,https://reddit.com/r/Warhammer/comments/1nykvda/yarrick_corrects_some_misconceptions/,General Discussion
1ko80h6,Warhammer,2025-05-16,2025-05,2025,There is always a time for selfie.,Joke,2796,24,https://reddit.com/r/Warhammer/comments/1ko80h6/there_is_always_a_time_for_selfie/,Community & Humour
1rkg7la,Warhammer,2026-03-04,2026-03,2026,The Great Soup,Joke,2756,28,https://reddit.com/r/Warhammer/comments/1rkg7la/the_great_soup/,Community & Humour
1jil5m2,Warhammer,2025-03-24,2025-03,2025,What is it with the imperium and warnstripes?,Discussion,2715,233,https://reddit.com/r/Warhammer/comments/1jil5m2/what_is_it_with_the_imperium_and_warnstripes/,General Discussion
1o5fzew,Warhammer,2025-10-13,2025-10,2025,40K: SIMPSONS,Joke,2690,64,https://reddit.com/r/Warhammer/comments/1o5fzew/40k_simpsons/,Community & Humour
1puio7o,Warhammer,2025-12-24,2025-12,2025,Salamanders Saturnine dread,Hobby,2672,42,https://reddit.com/r/Warhammer/comments/1puio7o/salamanders_saturnine_dread/,Hobby & Painting
1nf5y9s,Warhammer,2025-09-12,2025-09,2025,Me as an Orc-Shaman in a Warhammer Fantasy LARP-game,Hobby,2669,38,https://reddit.com/r/Warhammer/comments/1nf5y9s/me_as_an_orcshaman_in_a_warhammer_fantasy_larpgame/,Hobby & Painting
1kkhwmh,Warhammer,2025-05-12,2025-05,2025,Am I the only one who misses these old designs?,Discussion,2659,262,https://reddit.com/r/Warhammer/comments/1kkhwmh/am_i_the_only_one_who_misses_these_old_designs/,General Discussion
1jo8ogo,Warhammer,2025-03-31,2025-03,2025,Almost done with this for a client,Hobby,2633,41,https://reddit.com/r/Warhammer/comments/1jo8ogo/almost_done_with_this_for_a_client/,Hobby & Painting
1muqqen,Warhammer,2025-08-19,2025-08,2025,Warhammer Dawn of War Official,News,2629,307,https://reddit.com/r/Warhammer/comments/1muqqen/warhammer_dawn_of_war_official/,Video Games & Digital
1r98rc1,Warhammer,2026-02-19,2026-02,2026,I'm welding a real steel space marine armor. Hoping I am still able to make a single step in the full suit once I'm done 😁,Hobby,2622,100,https://reddit.com/r/Warhammer/comments/1r98rc1/im_welding_a_real_steel_space_marine_armor_hoping/,Hobby & Painting
1pya5ke,Warhammer,2025-12-29,2025-12,2025,My Pile of Shame has upgraded to Shelving of Shame,Joke,2602,600,https://reddit.com/r/Warhammer/comments/1pya5ke/my_pile_of_shame_has_upgraded_to_shelving_of_shame/,Community & Humour
1pkhk6b,Warhammer,2025-12-12,2025-12,2025,New total war game,News,2599,201,https://reddit.com/r/Warhammer/comments/1pkhk6b/new_total_war_game/,New Player / Getting Started
1jkgn8e,Warhammer,2025-03-26,2025-03,2025,Awkward bus ride,Art,2587,38,https://reddit.com/r/Warhammer/comments/1jkgn8e/awkward_bus_ride/,General Discussion
1nt5od8,Warhammer,2025-09-29,2025-09,2025,Found my older brothers set in our family storage,Hobby,2576,67,https://reddit.com/r/Warhammer/comments/1nt5od8/found_my_older_brothers_set_in_our_family_storage/,Hobby & Painting
1m3wjvy,Warhammer,2025-07-19,2025-07,2025,What are some models that were received so poorly they got replaced within a year.,Discussion,2571,431,https://reddit.com/r/Warhammer/comments/1m3wjvy/what_are_some_models_that_were_received_so_poorly/,Competitive & Tournaments
1ljcf03,Warhammer,2025-06-24,2025-06,2025,Deodorant Tank,Hobby,2556,65,https://reddit.com/r/Warhammer/comments/1ljcf03/deodorant_tank/,Hobby & Painting
1n81bf3,Warhammer,2025-09-04,2025-09,2025,Lord of Plagues Conversion,Hobby,2561,23,https://reddit.com/r/Warhammer/comments/1n81bf3/lord_of_plagues_conversion/,Hobby & Painting
1qil6kz,Warhammer,2026-01-21,2026-01,2026,What is holding up the gun here?  Just raw wrist strength?,Discussion,2545,131,https://reddit.com/r/Warhammer/comments/1qil6kz/what_is_holding_up_the_gun_here_just_raw_wrist/,General Discussion
1mca7ne,Warhammer,2025-07-29,2025-07,2025,Did I find gold?,Hobby,2539,112,https://reddit.com/r/Warhammer/comments/1mca7ne/did_i_find_gold/,Hobby & Painting
1qvnond,Warhammer,2026-02-04,2026-02,2026,Tre-moo-chet done! Fetchez le Vache!,Hobby,2500,61,https://reddit.com/r/Warhammer/comments/1qvnond/tremoochet_done_fetchez_le_vache/,Hobby & Painting
1mxunfc,Warhammer,2025-08-23,2025-08,2025,Can You Buy The Full Citadel Range Like This?,Hobby,2487,379,https://reddit.com/r/Warhammer/comments/1mxunfc/can_you_buy_the_full_citadel_range_like_this/,Hobby & Painting
1mtkj4t,Warhammer,2025-08-18,2025-08,2025,"Under the war banner, power is born and the enemy loses their breath.",Hobby,2481,50,https://reddit.com/r/Warhammer/comments/1mtkj4t/under_the_war_banner_power_is_born_and_the_enemy/,Hobby & Painting
1q0cyux,Warhammer,2025-12-31,2025-12,2025,Using a blower to design waves on a resin serving board - would this work in mini scale?,Art,2472,62,https://reddit.com/r/Warhammer/comments/1q0cyux/using_a_blower_to_design_waves_on_a_resin_serving/,General Discussion
1mr1fgf,Warhammer,2025-08-15,2025-08,2025,"Besides Warhammer Fantasy what is the fantasy opposite of Warhammer 40k? A fantasy universe like 40k where the lore, history and setting is just incredible rich, deep and complex?",Discussion,2469,526,https://reddit.com/r/Warhammer/comments/1mr1fgf/besides_warhammer_fantasy_what_is_the_fantasy/,Lore & Narrative
1mj3wyf,Warhammer,2025-08-06,2025-08,2025,Couldn’t resist but make each tea pot unique.,Hobby,2463,46,https://reddit.com/r/Warhammer/comments/1mj3wyf/couldnt_resist_but_make_each_tea_pot_unique/,Hobby & Painting
1ozjxnu,Warhammer,2025-11-17,2025-11,2025,"Leeds, UK. I always knew it would start in the norf’",Joke,2460,42,https://reddit.com/r/Warhammer/comments/1ozjxnu/leeds_uk_i_always_knew_it_would_start_in_the_norf/,Community & Humour
1qgma1e,Warhammer,2026-01-18,2026-01,2026,Pro tip: don’t squeeze the paint when it’s blocked,Art,2462,218,https://reddit.com/r/Warhammer/comments/1qgma1e/pro_tip_dont_squeeze_the_paint_when_its_blocked/,General Discussion
1o17w1q,Warhammer,2025-10-08,2025-10,2025,So I was looking into how 40k incorporates gothic architectural elements in its designs- And then suddenly realized a lot of Voidships are just upside-down regular-ships...,Discussion,2452,155,https://reddit.com/r/Warhammer/comments/1o17w1q/so_i_was_looking_into_how_40k_incorporates_gothic/,General Discussion
1n9a1hc,Warhammer,2025-09-05,2025-09,2025,How would I go about doing this?,Hobby,2409,64,https://reddit.com/r/Warhammer/comments/1n9a1hc/how_would_i_go_about_doing_this/,Hobby & Painting
1kudetm,Warhammer,2025-05-24,2025-05,2025,*click* NOICE!,News,2393,250,https://reddit.com/r/Warhammer/comments/1kudetm/click_noice/,General Discussion
1odkgy3,Warhammer,2025-10-22,2025-10,2025,How do yall like my space marines WIP,Hobby,2359,178,https://reddit.com/r/Warhammer/comments/1odkgy3/how_do_yall_like_my_space_marines_wip/,Hobby & Painting
1kskhnw,Warhammer,2025-05-22,2025-05,2025,Games workshop send a DMCA takedown... for my 10 year old college project,Discussion,2346,209,https://reddit.com/r/Warhammer/comments/1kskhnw/games_workshop_send_a_dmca_takedown_for_my_10/,General Discussion
1jx1itj,Warhammer,2025-04-11,2025-04,2025,My friend did a thing.,Joke,2332,146,https://reddit.com/r/Warhammer/comments/1jx1itj/my_friend_did_a_thing/,Community & Humour
1m4crs3,Warhammer,2025-07-20,2025-07,2025,"Saturnine Terminator, Sons of Horus",Hobby,2297,48,https://reddit.com/r/Warhammer/comments/1m4crs3/saturnine_terminator_sons_of_horus/,Hobby & Painting
1oy3tyb,Warhammer,2025-11-15,2025-11,2025,Is this legal?,Hobby,2278,200,https://reddit.com/r/Warhammer/comments/1oy3tyb/is_this_legal/,Hobby & Painting
1k1711o,Warhammer,2025-04-17,2025-04,2025,Raptors Captain,Art,2255,48,https://reddit.com/r/Warhammer/comments/1k1711o/raptors_captain/,General Discussion
1lgae9j,Warhammer,2025-06-20,2025-06,2025,I went to the local festival in my orc-shaman costume,Hobby,2230,49,https://reddit.com/r/Warhammer/comments/1lgae9j/i_went_to_the_local_festival_in_my_orcshaman/,Hobby & Painting
1r9sg5f,Warhammer,2026-02-20,2026-02,2026,"Warhammer designer Jervis Johnson says ""this level of success"" was ""never anticipated"" as Games Workshop's tabletop game continues to become a bigger icon every year",Discussion,2220,287,https://reddit.com/r/Warhammer/comments/1r9sg5f/warhammer_designer_jervis_johnson_says_this_level/,General Discussion
1jgk2pv,Warhammer,2025-03-21,2025-03,2025,WE DRIP FOR  B A A L,Hobby,2197,41,https://reddit.com/r/Warhammer/comments/1jgk2pv/we_drip_for_b_a_a_l/,Hobby & Painting
1leeufx,Warhammer,2025-06-18,2025-06,2025,Got a great father's day gift over the weekend - its all true.,Joke,2177,33,https://reddit.com/r/Warhammer/comments/1leeufx/got_a_great_fathers_day_gift_over_the_weekend_its/,Community & Humour
1naykze,Warhammer,2025-09-07,2025-09,2025,"My Chaos Knight ""Marauder""",Hobby,2168,34,https://reddit.com/r/Warhammer/comments/1naykze/my_chaos_knight_marauder/,Hobby & Painting
1p7lztx,Warhammer,2025-11-26,2025-11,2025,Just got 230$ of tau for 75$ from goodwill. Score!,Discussion,2148,83,https://reddit.com/r/Warhammer/comments/1p7lztx/just_got_230_of_tau_for_75_from_goodwill_score/,General Discussion
1lpe6c9,Warhammer,2025-07-01,2025-07,2025,Happy Canada day Warhammer reddit!,Joke,2145,32,https://reddit.com/r/Warhammer/comments/1lpe6c9/happy_canada_day_warhammer_reddit/,Community & Humour
1kw7lm6,Warhammer,2025-05-26,2025-05,2025,The bed of lies,Joke,2145,19,https://reddit.com/r/Warhammer/comments/1kw7lm6/the_bed_of_lies/,Community & Humour
1jr8elj,Warhammer,2025-04-04,2025-04,2025,A collection of deathguard and their lenses. Middle left was my first attempt at the effect. May these inspire you to try it out one day friends.,Hobby,2147,28,https://reddit.com/r/Warhammer/comments/1jr8elj/a_collection_of_deathguard_and_their_lenses/,Hobby & Painting
1kkpsi8,Warhammer,2025-05-12,2025-05,2025,How come Typhus never became a Daemon Prince but Mortarion did? Seems like Typhus deserved it more.,Lore,2128,218,https://reddit.com/r/Warhammer/comments/1kkpsi8/how_come_typhus_never_became_a_daemon_prince_but/,Lore & Narrative
1moqglc,Warhammer,2025-08-13,2025-08,2025,What is the smallest number of models you can have in a legal 2000 point army?,Discussion,2128,133,https://reddit.com/r/Warhammer/comments/1moqglc/what_is_the_smallest_number_of_models_you_can/,General Discussion
1qklieb,Warhammer,2026-01-23,2026-01,2026,New table finished,Hobby,2120,54,https://reddit.com/r/Warhammer/comments/1qklieb/new_table_finished/,Hobby & Painting
1opur6v,Warhammer,2025-11-06,2025-11,2025,Blursed Space Marines Chapter,Art,2112,129,https://reddit.com/r/Warhammer/comments/1opur6v/blursed_space_marines_chapter/,Lore & Narrative
1pc6imo,Warhammer,2025-12-02,2025-12,2025,[Artwork] Canoness of the Order of Our Martyred Lady,Art,2109,115,https://reddit.com/r/Warhammer/comments/1pc6imo/artwork_canoness_of_the_order_of_our_martyred_lady/,General Discussion
1ommzps,Warhammer,2025-11-02,2025-11,2025,I want to aquire every official dreadnought mini and put them all in one diorama. Am I missing any ?,Discussion,2085,166,https://reddit.com/r/Warhammer/comments/1ommzps/i_want_to_aquire_every_official_dreadnought_mini/,General Discussion
1joy1z9,Warhammer,2025-04-01,2025-04,2025,IT’S ONLY 15$!!!!!,Joke,2081,87,https://reddit.com/r/Warhammer/comments/1joy1z9/its_only_15/,Community & Humour
1q2z0jj,Warhammer,2026-01-03,2026-01,2026,My Warhammer Projects of 2025,Hobby,2071,127,https://reddit.com/r/Warhammer/comments/1q2z0jj/my_warhammer_projects_of_2025/,Hobby & Painting
1l90hly,Warhammer,2025-06-11,2025-06,2025,Trying out an idea for water effects.,Art,2066,75,https://reddit.com/r/Warhammer/comments/1l90hly/trying_out_an_idea_for_water_effects/,General Discussion
1qxm7vy,Warhammer,2026-02-06,2026-02,2026,What controversy? What drama? Why do so many mini painting YouTubers do thumbnails like these? It’s a John Blanche paint set for crying out loud,Discussion,2066,850,https://reddit.com/r/Warhammer/comments/1qxm7vy/what_controversy_what_drama_why_do_so_many_mini/,Hobby & Painting
1ogn04y,Warhammer,2025-10-26,2025-10,2025,My version of the Golden Throne,Hobby,2066,43,https://reddit.com/r/Warhammer/comments/1ogn04y/my_version_of_the_golden_throne/,Hobby & Painting
1ojv3nx,Warhammer,2025-10-30,2025-10,2025,Hello Calgar,Art,2061,41,https://reddit.com/r/Warhammer/comments/1ojv3nx/hello_calgar/,General Discussion
1rbmj70,Warhammer,2026-02-22,2026-02,2026,"Guys, which model do you think had the biggest downgrade ever ???",Discussion,2051,329,https://reddit.com/r/Warhammer/comments/1rbmj70/guys_which_model_do_you_think_had_the_biggest/,General Discussion
1m84a1z,Warhammer,2025-07-24,2025-07,2025,Washes and highlights are a hell of a drug,Hobby,2043,80,https://reddit.com/r/Warhammer/comments/1m84a1z/washes_and_highlights_are_a_hell_of_a_drug/,Hobby & Painting
1remo7m,Warhammer,2026-02-25,2026-02,2026,Lelith Hesperax cosplay (lasombracosplay),Cosplay,2035,32,https://reddit.com/r/Warhammer/comments/1remo7m/lelith_hesperax_cosplay_lasombracosplay/,General Discussion
1rchogv,Warhammer,2026-02-23,2026-02,2026,I can't stand this genre of thumbnail,Joke,2030,176,https://reddit.com/r/Warhammer/comments/1rchogv/i_cant_stand_this_genre_of_thumbnail/,Community & Humour
1l0ykjb,Warhammer,2025-06-01,2025-06,2025,"Oldschool Alpha Legion, based on the 4th/5th edition codex.",Hobby,2019,25,https://reddit.com/r/Warhammer/comments/1l0ykjb/oldschool_alpha_legion_based_on_the_4th5th/,Hobby & Painting
1m3bccs,Warhammer,2025-07-18,2025-07,2025,5 new Combat Patrols for Space Marines,News,2006,326,https://reddit.com/r/Warhammer/comments/1m3bccs/5_new_combat_patrols_for_space_marines/,General Discussion
1kve490,Warhammer,2025-05-25,2025-05,2025,Tiny Titus Cosplay,Art,2006,48,https://reddit.com/r/Warhammer/comments/1kve490/tiny_titus_cosplay/,General Discussion
1mmowqs,Warhammer,2025-08-10,2025-08,2025,5£ seemed like a bargain?,Hobby,2006,108,https://reddit.com/r/Warhammer/comments/1mmowqs/5_seemed_like_a_bargain/,Hobby & Painting
1mgpw7m,Warhammer,2025-08-03,2025-08,2025,First attempt at OSL/glowing effect. How did I do?,Hobby,1992,92,https://reddit.com/r/Warhammer/comments/1mgpw7m/first_attempt_at_oslglowing_effect_how_did_i_do/,Hobby & Painting
1po9n7n,Warhammer,2025-12-16,2025-12,2025,"“I have my whole great crusade ahead of me” no you dont, Nagash is coming (OC)",Art,1997,152,https://reddit.com/r/Warhammer/comments/1po9n7n/i_have_my_whole_great_crusade_ahead_of_me_no_you/,General Discussion
1jktkhy,Warhammer,2025-03-27,2025-03,2025,The Entire Grand Cathay Army,News,1986,141,https://reddit.com/r/Warhammer/comments/1jktkhy/the_entire_grand_cathay_army/,General Discussion
1kv1ar8,Warhammer,2025-05-25,2025-05,2025,Found this on twitter and had to share,Art,1987,26,https://reddit.com/r/Warhammer/comments/1kv1ar8/found_this_on_twitter_and_had_to_share/,General Discussion
1qfic21,Warhammer,2026-01-17,2026-01,2026,"Out of all WH minis, which one has your favorite subtle or hidden detail? Mine has to be HH's Endryd Haar's boot soles. The former World Eater took bites off the planet with each step.",Hobby,1989,90,https://reddit.com/r/Warhammer/comments/1qfic21/out_of_all_wh_minis_which_one_has_your_favorite/,Hobby & Painting
1nwk1oc,Warhammer,2025-10-02,2025-10,2025,WAHHHGH,Discussion,1989,29,https://reddit.com/r/Warhammer/comments/1nwk1oc/wahhhgh/,General Discussion
1nnpcuq,Warhammer,2025-09-22,2025-09,2025,"Finally found my ""the one that got away"" project at a local store. This terrain masterpiece, Skullvane Manse, is about the size of my torso.",Hobby,1973,82,https://reddit.com/r/Warhammer/comments/1nnpcuq/finally_found_my_the_one_that_got_away_project_at/,Hobby & Painting
1jc0la6,Warhammer,2025-03-15,2025-03,2025,Just witnessed someone speedrun the hobby,Hobby,1970,68,https://reddit.com/r/Warhammer/comments/1jc0la6/just_witnessed_someone_speedrun_the_hobby/,Hobby & Painting
1lc4vt2,Warhammer,2025-06-15,2025-06,2025,Unusual warp signature detected… ⚠️,Hobby,1965,73,https://reddit.com/r/Warhammer/comments/1lc4vt2/unusual_warp_signature_detected/,Hobby & Painting
1njm072,Warhammer,2025-09-17,2025-09,2025,Experimenting with crystal weapons,Hobby,1961,39,https://reddit.com/r/Warhammer/comments/1njm072/experimenting_with_crystal_weapons/,Hobby & Painting
1m9e5xn,Warhammer,2025-07-25,2025-07,2025,Sticky Situation,Joke,1954,38,https://reddit.com/r/Warhammer/comments/1m9e5xn/sticky_situation/,Community & Humour
1m7panp,Warhammer,2025-07-23,2025-07,2025,They just had to talk 😮‍💨,Joke,1955,17,https://reddit.com/r/Warhammer/comments/1m7panp/they_just_had_to_talk/,Community & Humour
1rfoe5e,Warhammer,2026-02-26,2026-02,2026,What got you into this hobby x,Discussion,1945,72,https://reddit.com/r/Warhammer/comments/1rfoe5e/what_got_you_into_this_hobby_x/,Hobby & Painting
1m6ayix,Warhammer,2025-07-22,2025-07,2025,"Bretonnia free hand banner, in the style of the crusader bible, done-ish",Hobby,1948,43,https://reddit.com/r/Warhammer/comments/1m6ayix/bretonnia_free_hand_banner_in_the_style_of_the/,Hobby & Painting
1lqya5f,Warhammer,2025-07-03,2025-07,2025,My local games workshop store makes me feel uneasy,Discussion,1942,541,https://reddit.com/r/Warhammer/comments/1lqya5f/my_local_games_workshop_store_makes_me_feel_uneasy/,General Discussion
1mqnx5c,Warhammer,2025-08-15,2025-08,2025,Husband got me into painting warhammer miniatures. This is my 14th one,Art,1944,76,https://reddit.com/r/Warhammer/comments/1mqnx5c/husband_got_me_into_painting_warhammer_miniatures/,Hobby & Painting
1ly92rz,Warhammer,2025-07-12,2025-07,2025,"The classic, ultramarine army photo.",Hobby,1936,84,https://reddit.com/r/Warhammer/comments/1ly92rz/the_classic_ultramarine_army_photo/,Hobby & Painting
1n7qxz4,Warhammer,2025-09-03,2025-09,2025,Will people laugh at me for painting my Liberators pinkish?,Hobby,1934,430,https://reddit.com/r/Warhammer/comments/1n7qxz4/will_people_laugh_at_me_for_painting_my/,Hobby & Painting
1jv7y6f,Warhammer,2025-04-09,2025-04,2025,Could this work for making killer bases?,Hobby,1932,78,https://reddit.com/r/Warhammer/comments/1jv7y6f/could_this_work_for_making_killer_bases/,Hobby & Painting
1noujbg,Warhammer,2025-09-23,2025-09,2025,Fantasy factions meeting their AOS counterparts,Joke,1924,68,https://reddit.com/r/Warhammer/comments/1noujbg/fantasy_factions_meeting_their_aos_counterparts/,Community & Humour
1klznmv,Warhammer,2025-05-13,2025-05,2025,Wait he shoots? Really bad sign,Joke,1921,22,https://reddit.com/r/Warhammer/comments/1klznmv/wait_he_shoots_really_bad_sign/,Community & Humour
1ln2702,Warhammer,2025-06-29,2025-06,2025,"""You know what?"" *Westerns ur dragon*",Joke,1915,56,https://reddit.com/r/Warhammer/comments/1ln2702/you_know_what_westerns_ur_dragon/,Community & Humour
1jdgpkl,Warhammer,2025-03-17,2025-03,2025,Power fist first prototype,Hobby,1858,38,https://reddit.com/r/Warhammer/comments/1jdgpkl/power_fist_first_prototype/,Hobby & Painting
1r06iac,Warhammer,2026-02-09,2026-02,2026,New defiler just announced!,News,1851,146,https://reddit.com/r/Warhammer/comments/1r06iac/new_defiler_just_announced/,General Discussion
1mck705,Warhammer,2025-07-29,2025-07,2025,Games Workshop faces £12 million U.S. tariff hit,News,1850,546,https://reddit.com/r/Warhammer/comments/1mck705/games_workshop_faces_12_million_us_tariff_hit/,Pricing & Value
1nofppz,Warhammer,2025-09-23,2025-09,2025,"Resume bombardment, no further delays - An Iron Warrior shows his extreme distaste for failing to adhere to the artillery schedule. C&amp;C welcome!",Hobby,1855,54,https://reddit.com/r/Warhammer/comments/1nofppz/resume_bombardment_no_further_delays_an_iron/,Hobby & Painting
1jcg8g1,Warhammer,2025-03-16,2025-03,2025,Huh?,Joke,1832,22,https://reddit.com/r/Warhammer/comments/1jcg8g1/huh/,Community & Humour
1mqj9x4,Warhammer,2025-08-15,2025-08,2025,Are all the HH primarchs terminator sized or is it just alpharius?,Discussion,1834,101,https://reddit.com/r/Warhammer/comments/1mqj9x4/are_all_the_hh_primarchs_terminator_sized_or_is/,Lore & Narrative
1pdg7lh,Warhammer,2025-12-03,2025-12,2025,"I hate AI, you hate AI, yet here is a Kickstarter trying to sell us AI-generated miniatures for $50—the whole campaign reeks, so I did a little digging.",News,1826,132,https://reddit.com/r/Warhammer/comments/1pdg7lh/i_hate_ai_you_hate_ai_yet_here_is_a_kickstarter/,General Discussion
1qes5p3,Warhammer,2026-01-16,2026-01,2026,Upvote to scare a Thousand Sons fan,Joke,1825,47,https://reddit.com/r/Warhammer/comments/1qes5p3/upvote_to_scare_a_thousand_sons_fan/,Community & Humour
1lmp0ey,Warhammer,2025-06-28,2025-06,2025,New to this hobby and an expensive order of paints came like this,Discussion,1828,224,https://reddit.com/r/Warhammer/comments/1lmp0ey/new_to_this_hobby_and_an_expensive_order_of/,New Player / Getting Started
1r7dlc2,Warhammer,2026-02-17,2026-02,2026,Infernus Marine WIP,Joke,1827,111,https://reddit.com/r/Warhammer/comments/1r7dlc2/infernus_marine_wip/,Hobby & Painting
1kg5jqk,Warhammer,2025-05-06,2025-05,2025,Idk shit about warhammer but i bought my first thing yesterday and started painting it today,Hobby,1810,77,https://reddit.com/r/Warhammer/comments/1kg5jqk/idk_shit_about_warhammer_but_i_bought_my_first/,Hobby & Painting
1k1nl5d,Warhammer,2025-04-17,2025-04,2025,Might have visited a store..,Hobby,1799,89,https://reddit.com/r/Warhammer/comments/1k1nl5d/might_have_visited_a_store/,Hobby & Painting
1m6iu2e,Warhammer,2025-07-22,2025-07,2025,What is the big paper clip looking thing on the front of this gun?,Hobby,1789,305,https://reddit.com/r/Warhammer/comments/1m6iu2e/what_is_the_big_paper_clip_looking_thing_on_the/,Hobby & Painting
1n6dll5,Warhammer,2025-09-02,2025-09,2025,Nagash Devours his son,Hobby,1782,23,https://reddit.com/r/Warhammer/comments/1n6dll5/nagash_devours_his_son/,Hobby & Painting
1kwp9fz,Warhammer,2025-05-27,2025-05,2025,Dred Zeppelin,Hobby,1772,19,https://reddit.com/r/Warhammer/comments/1kwp9fz/dred_zeppelin/,Hobby & Painting
1mva19t,Warhammer,2025-08-20,2025-08,2025,I dug this guy out of my shelves today and just wanted to share the milkshake marine,Hobby,1767,45,https://reddit.com/r/Warhammer/comments/1mva19t/i_dug_this_guy_out_of_my_shelves_today_and_just/,Hobby & Painting
1pzxdrj,Warhammer,2025-12-30,2025-12,2025,Is this tournament legal?,Joke,1762,113,https://reddit.com/r/Warhammer/comments/1pzxdrj/is_this_tournament_legal/,Competitive & Tournaments
1jluylq,Warhammer,2025-03-28,2025-03,2025,Who else hoping next year is not their army's year?,Joke,1762,116,https://reddit.com/r/Warhammer/comments/1jluylq/who_else_hoping_next_year_is_not_their_armys_year/,Community & Humour
1ouiu2h,Warhammer,2025-11-11,2025-11,2025,Dexcessa - Talon of Slaanesh,Hobby,1762,47,https://reddit.com/r/Warhammer/comments/1ouiu2h/dexcessa_talon_of_slaanesh/,Hobby & Painting
1m8i2c8,Warhammer,2025-07-24,2025-07,2025,Why are some GW store employees like this?,Discussion,1762,466,https://reddit.com/r/Warhammer/comments/1m8i2c8/why_are_some_gw_store_employees_like_this/,General Discussion
1q5u3n3,Warhammer,2026-01-06,2026-01,2026,Why Is Queek So Freaky All The Time?,Joke,1752,78,https://reddit.com/r/Warhammer/comments/1q5u3n3/why_is_queek_so_freaky_all_the_time/,Community & Humour
1nk0s5e,Warhammer,2025-09-18,2025-09,2025,Helms Deep diorama ready for War!,Hobby,1752,41,https://reddit.com/r/Warhammer/comments/1nk0s5e/helms_deep_diorama_ready_for_war/,Hobby & Painting
1rg7dwj,Warhammer,2026-02-27,2026-02,2026,"Warhammer veteran Jervis Johnson says physical stores teaching fans makes up most of Games Workshop’s marketing as they're seen as a ""hugely important part of the structure of the company""",Discussion,1736,153,https://reddit.com/r/Warhammer/comments/1rg7dwj/warhammer_veteran_jervis_johnson_says_physical/,General Discussion
1lqx04n,Warhammer,2025-07-03,2025-07,2025,The Warboss Leading the Charge,Hobby,1737,38,https://reddit.com/r/Warhammer/comments/1lqx04n/the_warboss_leading_the_charge/,Hobby & Painting
1npb8pn,Warhammer,2025-09-24,2025-09,2025,What? The financial times just used warhammer 40k to explain banking regulations. Is the hobby that mainstream now?,News,1734,101,https://reddit.com/r/Warhammer/comments/1npb8pn/what_the_financial_times_just_used_warhammer_40k/,Hobby & Painting
1phsysf,Warhammer,2025-12-09,2025-12,2025,About 9 months of Progess,Hobby,1728,26,https://reddit.com/r/Warhammer/comments/1phsysf/about_9_months_of_progess/,Hobby & Painting
1ofv67j,Warhammer,2025-10-25,2025-10,2025,My interpretation of Tyberos the Red Wake,Hobby,1723,59,https://reddit.com/r/Warhammer/comments/1ofv67j/my_interpretation_of_tyberos_the_red_wake/,Hobby & Painting
1ku0gmd,Warhammer,2025-05-24,2025-05,2025,New Warhammer Collaboration,Joke,1720,58,https://reddit.com/r/Warhammer/comments/1ku0gmd/new_warhammer_collaboration/,Community & Humour
1jwbz71,Warhammer,2025-04-10,2025-04,2025,"Trying to get better at faces. Be brutally honest. What am I doing wrong here? I feel like I got the socket blend around the eyes and the skin tone wrong, but I also feel like that's not the whole issue here.",Hobby,1717,238,https://reddit.com/r/Warhammer/comments/1jwbz71/trying_to_get_better_at_faces_be_brutally_honest/,Hobby & Painting
1njxk1j,Warhammer,2025-09-18,2025-09,2025,Is leadbelcher supposed to be this thick or should I water down the jar with some acrylic medium?,Hobby,1710,308,https://reddit.com/r/Warhammer/comments/1njxk1j/is_leadbelcher_supposed_to_be_this_thick_or/,Hobby & Painting
1joc8es,Warhammer,2025-03-31,2025-03,2025,"The bro is incredible. I mean, wow. #Slayersword2025",Art,1713,43,https://reddit.com/r/Warhammer/comments/1joc8es/the_bro_is_incredible_i_mean_wow_slayersword2025/,Hobby & Painting
1jt01cv,Warhammer,2025-04-06,2025-04,2025,"Edit: help me identify this mini, please!",Hobby,1709,189,https://reddit.com/r/Warhammer/comments/1jt01cv/edit_help_me_identify_this_mini_please/,Hobby & Painting
1ka2n57,Warhammer,2025-04-28,2025-04,2025,Went on a date with a guy and causally mentioned Warhammer lore to him. When do I start to regret this decision?,Joke,1688,87,https://reddit.com/r/Warhammer/comments/1ka2n57/went_on_a_date_with_a_guy_and_causally_mentioned/,Lore & Narrative
1p5hg6l,Warhammer,2025-11-24,2025-11,2025,"Steel, fury, and decay.",Hobby,1689,12,https://reddit.com/r/Warhammer/comments/1p5hg6l/steel_fury_and_decay/,Hobby & Painting
1ot90pj,Warhammer,2025-11-10,2025-11,2025,Nagash tattoo by Gabriele Cardosi,Art,1686,32,https://reddit.com/r/Warhammer/comments/1ot90pj/nagash_tattoo_by_gabriele_cardosi/,General Discussion
1mh7ldc,Warhammer,2025-08-04,2025-08,2025,Did someone say verdigris?,Hobby,1680,12,https://reddit.com/r/Warhammer/comments/1mh7ldc/did_someone_say_verdigris/,Hobby & Painting
1qau8dk,Warhammer,2026-01-12,2026-01,2026,Anyone else spot that the Witch Hunter model's sword is held on with blu-tack on the store page?,Joke,1670,51,https://reddit.com/r/Warhammer/comments/1qau8dk/anyone_else_spot_that_the_witch_hunter_models/,Community & Humour
1l7sgfh,Warhammer,2025-06-10,2025-06,2025,Don’t take the Warhammer bottle opener through security,Discussion,1668,112,https://reddit.com/r/Warhammer/comments/1l7sgfh/dont_take_the_warhammer_bottle_opener_through/,General Discussion
1rilwg5,Warhammer,2026-03-02,2026-03,2026,Thank you for all the awesome party ideas!,Art,1662,68,https://reddit.com/r/Warhammer/comments/1rilwg5/thank_you_for_all_the_awesome_party_ideas/,General Discussion
1ji4wx8,Warhammer,2025-03-23,2025-03,2025,Lizardfolk be like,Joke,1668,4,https://reddit.com/r/Warhammer/comments/1ji4wx8/lizardfolk_be_like/,Community & Humour
1k5kty9,Warhammer,2025-04-22,2025-04,2025,How is Greasus meant to be such a powerful Over-Tyrant when it doesn’t even look like he can stand on his own?,Lore,1666,153,https://reddit.com/r/Warhammer/comments/1k5kty9/how_is_greasus_meant_to_be_such_a_powerful/,Lore & Narrative
1jotxa1,Warhammer,2025-04-01,2025-04,2025,"After receiving a lot of helpful feedback, i've added some much needed things to this Thunder Warrior diorama.",Hobby,1667,40,https://reddit.com/r/Warhammer/comments/1jotxa1/after_receiving_a_lot_of_helpful_feedback_ive/,Hobby & Painting
1meaoi8,Warhammer,2025-07-31,2025-07,2025,I have never been accused of sound financial choices . . .,Hobby,1658,92,https://reddit.com/r/Warhammer/comments/1meaoi8/i_have_never_been_accused_of_sound_financial/,Hobby & Painting
1nbofgi,Warhammer,2025-09-08,2025-09,2025,Lady Malys stands tall over the new Codex: Drukhari - Warhammer Community,News,1651,135,https://reddit.com/r/Warhammer/comments/1nbofgi/lady_malys_stands_tall_over_the_new_codex/,New Releases & News
1mi82cb,Warhammer,2025-08-05,2025-08,2025,I need your help for identification : Is it official GW ?,Hobby,1635,101,https://reddit.com/r/Warhammer/comments/1mi82cb/i_need_your_help_for_identification_is_it/,Hobby & Painting
1mtvck1,Warhammer,2025-08-18,2025-08,2025,How much should I charge for this mini?,Discussion,1633,293,https://reddit.com/r/Warhammer/comments/1mtvck1/how_much_should_i_charge_for_this_mini/,General Discussion
1pe8wal,Warhammer,2025-12-04,2025-12,2025,I saw this on Warhammer community and was wondering what the metallic color was I really like it,Hobby,1623,17,https://reddit.com/r/Warhammer/comments/1pe8wal/i_saw_this_on_warhammer_community_and_was/,Hobby & Painting
1qwn59j,Warhammer,2026-02-05,2026-02,2026,Firstborn vs Primaris: Which era of Space Marines do you prefer?,Hobby,1627,444,https://reddit.com/r/Warhammer/comments/1qwn59j/firstborn_vs_primaris_which_era_of_space_marines/,Hobby & Painting
1jlchua,Warhammer,2025-03-27,2025-03,2025,We hold this ground in the name of The Primarch!,Hobby,1623,45,https://reddit.com/r/Warhammer/comments/1jlchua/we_hold_this_ground_in_the_name_of_the_primarch/,Hobby & Painting
1lroc2j,Warhammer,2025-07-04,2025-07,2025,I mocked up a different colour scheme on the new 'ugly' Underworlds Khorne guys to try and make them look cool ... What do you think?,Hobby,1618,106,https://reddit.com/r/Warhammer/comments/1lroc2j/i_mocked_up_a_different_colour_scheme_on_the_new/,Hobby & Painting
1pjzwl4,Warhammer,2025-12-11,2025-12,2025,Family Christmas gift. He’ll never guess what his present is.,Art,1612,102,https://reddit.com/r/Warhammer/comments/1pjzwl4/family_christmas_gift_hell_never_guess_what_his/,General Discussion
1qqekfb,Warhammer,2026-01-29,2026-01,2026,I hate scalpers,Discussion,1606,222,https://reddit.com/r/Warhammer/comments/1qqekfb/i_hate_scalpers/,General Discussion
1nv9mbe,Warhammer,2025-10-01,2025-10,2025,Slaughter - WH40k diorama,Hobby,1595,29,https://reddit.com/r/Warhammer/comments/1nv9mbe/slaughter_wh40k_diorama/,Hobby & Painting
1mrrtfl,Warhammer,2025-08-16,2025-08,2025,Just finished up my Necrosphinx,Hobby,1590,24,https://reddit.com/r/Warhammer/comments/1mrrtfl/just_finished_up_my_necrosphinx/,Hobby & Painting
1k872zm,Warhammer,2025-04-26,2025-04,2025,Iyanden Wraithlord,Hobby,1562,31,https://reddit.com/r/Warhammer/comments/1k872zm/iyanden_wraithlord/,Hobby & Painting
1oeq0fc,Warhammer,2025-10-24,2025-10,2025,My father has the original box and terminators,Hobby,1554,64,https://reddit.com/r/Warhammer/comments/1oeq0fc/my_father_has_the_original_box_and_terminators/,Hobby & Painting
1m05zv3,Warhammer,2025-07-15,2025-07,2025,How much should I charge for painting an army...?,Discussion,1545,179,https://reddit.com/r/Warhammer/comments/1m05zv3/how_much_should_i_charge_for_painting_an_army/,Hobby & Painting
1roesar,Warhammer,2026-03-08,2026-03,2026,A little update on the Soulblight project,Hobby,1540,30,https://reddit.com/r/Warhammer/comments/1roesar/a_little_update_on_the_soulblight_project/,Hobby & Painting
1lmpciw,Warhammer,2025-06-28,2025-06,2025,This is my local GW stockist.,Discussion,1537,185,https://reddit.com/r/Warhammer/comments/1lmpciw/this_is_my_local_gw_stockist/,General Discussion
1lo9sz8,Warhammer,2025-06-30,2025-06,2025,"Using only the parts included in 1 Millennium Falcon set, I made a LEGO Grey Knights Dreadnought (free instructions)",Art,1535,15,https://reddit.com/r/Warhammer/comments/1lo9sz8/using_only_the_parts_included_in_1_millennium/,General Discussion
1mq98yv,Warhammer,2025-08-14,2025-08,2025,"""Revealed in full – the C’tan Shard of the Nightbringer, ready to bring doom to the Necrons’ enemies once more. Death rises in 2026."" -Official Facebook post",News,1542,73,https://reddit.com/r/Warhammer/comments/1mq98yv/revealed_in_full_the_ctan_shard_of_the/,New Releases & News
1q4gx9i,Warhammer,2026-01-05,2026-01,2026,"Aparently, John Warhammer costs 90 points",Discussion,1540,280,https://reddit.com/r/Warhammer/comments/1q4gx9i/aparently_john_warhammer_costs_90_points/,General Discussion
1qj3bgd,Warhammer,2026-01-21,2026-01,2026,"I'm a Warhammer widow, so I put together a Warhammer ""area"" how did I do?",Hobby,1523,128,https://reddit.com/r/Warhammer/comments/1qj3bgd/im_a_warhammer_widow_so_i_put_together_a/,Hobby & Painting
1mktrqc,Warhammer,2025-08-08,2025-08,2025,This would be my recommendation for anyone getting into ACTUAL 40k lore.,Lore,1523,304,https://reddit.com/r/Warhammer/comments/1mktrqc/this_would_be_my_recommendation_for_anyone/,New Player / Getting Started
1pu2oo4,Warhammer,2025-12-23,2025-12,2025,NMM Wings on Celestine!,Hobby,1513,20,https://reddit.com/r/Warhammer/comments/1pu2oo4/nmm_wings_on_celestine/,Hobby & Painting
1nxp7vg,Warhammer,2025-10-04,2025-10,2025,What's the chapter ?,Hobby,1515,61,https://reddit.com/r/Warhammer/comments/1nxp7vg/whats_the_chapter/,Hobby & Painting
1pgth9i,Warhammer,2025-12-07,2025-12,2025,Check Out My Hedonites of Slaanesh Army!,Hobby,1506,36,https://reddit.com/r/Warhammer/comments/1pgth9i/check_out_my_hedonites_of_slaanesh_army/,Hobby & Painting
1mesapo,Warhammer,2025-08-01,2025-08,2025,"Was GW justified in striking down Galactic Armory's files? In my opinion, yes.",Discussion,1508,739,https://reddit.com/r/Warhammer/comments/1mesapo/was_gw_justified_in_striking_down_galactic/,General Discussion
1lp2ay7,Warhammer,2025-07-01,2025-07,2025,Tidying up and found this,Lore,1506,107,https://reddit.com/r/Warhammer/comments/1lp2ay7/tidying_up_and_found_this/,Lore & Narrative
1mmezrg,Warhammer,2025-08-10,2025-08,2025,My first attempts at painting Warhammer. Absolute beginner. What do you think?,Art,1492,490,https://reddit.com/r/Warhammer/comments/1mmezrg/my_first_attempts_at_painting_warhammer_absolute/,New Player / Getting Started
1q9s8rp,Warhammer,2026-01-11,2026-01,2026,what’s this symbol on my knight lancer?,Hobby,1489,185,https://reddit.com/r/Warhammer/comments/1q9s8rp/whats_this_symbol_on_my_knight_lancer/,Hobby & Painting
1rbhs64,Warhammer,2026-02-22,2026-02,2026,An idea for GW,Joke,1487,26,https://reddit.com/r/Warhammer/comments/1rbhs64/an_idea_for_gw/,Community & Humour
1r4odtu,Warhammer,2026-02-14,2026-02,2026,Grove Guardian by Alarielle – the new scent of Life in Ghyran,News,1477,80,https://reddit.com/r/Warhammer/comments/1r4odtu/grove_guardian_by_alarielle_the_new_scent_of_life/,General Discussion
1kpcm79,Warhammer,2025-05-18,2025-05,2025,This is a real Warhammer Fan,Hobby,1478,45,https://reddit.com/r/Warhammer/comments/1kpcm79/this_is_a_real_warhammer_fan/,Hobby & Painting
1n5thwi,Warhammer,2025-09-01,2025-09,2025,A tribute to Astartes,Hobby,1470,13,https://reddit.com/r/Warhammer/comments/1n5thwi/a_tribute_to_astartes/,Hobby & Painting
1ofle6h,Warhammer,2025-10-25,2025-10,2025,My entries for golden demon!,Hobby,1474,35,https://reddit.com/r/Warhammer/comments/1ofle6h/my_entries_for_golden_demon/,Hobby & Painting
1nlldk8,Warhammer,2025-09-20,2025-09,2025,warhammer meme i found on facebook,Joke,1464,22,https://reddit.com/r/Warhammer/comments/1nlldk8/warhammer_meme_i_found_on_facebook/,Community & Humour
1l5v9tg,Warhammer,2025-06-07,2025-06,2025,Arry Powtah,Joke,1467,12,https://reddit.com/r/Warhammer/comments/1l5v9tg/arry_powtah/,Community & Humour
1l74qs8,Warhammer,2025-06-09,2025-06,2025,"""It's Tricky and Very Complex"": Henry Cavill Admits 'Warhammer' Is Proving a Tough Nut to Crack",News,1456,319,https://reddit.com/r/Warhammer/comments/1l74qs8/its_tricky_and_very_complex_henry_cavill_admits/,General Discussion
1laaw2p,Warhammer,2025-06-13,2025-06,2025,Peak lava bases,Joke,1452,30,https://reddit.com/r/Warhammer/comments/1laaw2p/peak_lava_bases/,Community & Humour
1n2qsvh,Warhammer,2025-08-28,2025-08,2025,My trip to Warhammer world!,Hobby,1448,29,https://reddit.com/r/Warhammer/comments/1n2qsvh/my_trip_to_warhammer_world/,Hobby & Painting
1pio8y6,Warhammer,2025-12-10,2025-12,2025,"What would Malcadors position in the Imperium be, if he had managed to survive the sitting on the golden throne and the Horus heresy as a whole.",Discussion,1452,125,https://reddit.com/r/Warhammer/comments/1pio8y6/what_would_malcadors_position_in_the_imperium_be/,Lore & Narrative
1m7g2z7,Warhammer,2025-07-23,2025-07,2025,I cannot get over this picture,Joke,1454,115,https://reddit.com/r/Warhammer/comments/1m7g2z7/i_cannot_get_over_this_picture/,Community & Humour
1jc0v4o,Warhammer,2025-03-15,2025-03,2025,Basically my friend's reaction to the Space Marine 3 announcement,Gaming,1445,67,https://reddit.com/r/Warhammer/comments/1jc0v4o/basically_my_friends_reaction_to_the_space_marine/,New Releases & News
1jb3vbn,Warhammer,2025-03-14,2025-03,2025,"Blasius II, Archbishop of Nurgle",Hobby,1438,61,https://reddit.com/r/Warhammer/comments/1jb3vbn/blasius_ii_archbishop_of_nurgle/,Hobby & Painting
1pncnsq,Warhammer,2025-12-15,2025-12,2025,Managed to snag a LE7 Wizard with a Sub Machine Gun!,Hobby,1438,92,https://reddit.com/r/Warhammer/comments/1pncnsq/managed_to_snag_a_le7_wizard_with_a_sub_machine/,Hobby & Painting
1q7cbvu,Warhammer,2026-01-08,2026-01,2026,Combat Patrol magazine is a good idea until it’s not,Hobby,1427,128,https://reddit.com/r/Warhammer/comments/1q7cbvu/combat_patrol_magazine_is_a_good_idea_until_its/,Hobby & Painting
1qjmnw1,Warhammer,2026-01-22,2026-01,2026,Got myself the Nurgle Hoodie,Hobby,1424,66,https://reddit.com/r/Warhammer/comments/1qjmnw1/got_myself_the_nurgle_hoodie/,Hobby & Painting
1kxj4qg,Warhammer,2025-05-28,2025-05,2025,How do you get specific minis,Discussion,1424,64,https://reddit.com/r/Warhammer/comments/1kxj4qg/how_do_you_get_specific_minis/,General Discussion
1qtyv40,Warhammer,2026-02-02,2026-02,2026,"Love to crush, maim, and kill? Surrender to the warp and become a new Chaos Mutilator",News,1418,109,https://reddit.com/r/Warhammer/comments/1qtyv40/love_to_crush_maim_and_kill_surrender_to_the_warp/,Lore & Narrative
1q14rkt,Warhammer,2026-01-01,2026-01,2026,New battleforce boxes pit the Chaos Gods against each other,News,1418,135,https://reddit.com/r/Warhammer/comments/1q14rkt/new_battleforce_boxes_pit_the_chaos_gods_against/,Lore & Narrative
1lkm5yx,Warhammer,2025-06-26,2025-06,2025,New chaos paint bundles for army painter!,News,1416,119,https://reddit.com/r/Warhammer/comments/1lkm5yx/new_chaos_paint_bundles_for_army_painter/,General Discussion
1jihtqv,Warhammer,2025-03-24,2025-03,2025,Miniature Pallette Cleaner,Joke,1407,104,https://reddit.com/r/Warhammer/comments/1jihtqv/miniature_pallette_cleaner/,Community & Humour
1nea4rn,Warhammer,2025-09-11,2025-09,2025,Could a space marine wear regular clothing when out of armour.,Discussion,1402,265,https://reddit.com/r/Warhammer/comments/1nea4rn/could_a_space_marine_wear_regular_clothing_when/,General Discussion
1moqdnz,Warhammer,2025-08-13,2025-08,2025,Had a go at sculpting some flamethrower effects,Hobby,1403,48,https://reddit.com/r/Warhammer/comments/1moqdnz/had_a_go_at_sculpting_some_flamethrower_effects/,Hobby & Painting
1o7dagf,Warhammer,2025-10-15,2025-10,2025,The Manticore Knight ventures into Warhammer Quest: Darkwater - Warhammer Community,News,1396,70,https://reddit.com/r/Warhammer/comments/1o7dagf/the_manticore_knight_ventures_into_warhammer/,Video Games & Digital
1l7ap4w,Warhammer,2025-06-09,2025-06,2025,You vs. the guy she told you not to worry about,Joke,1382,63,https://reddit.com/r/Warhammer/comments/1l7ap4w/you_vs_the_guy_she_told_you_not_to_worry_about/,Community & Humour
1osijjt,Warhammer,2025-11-09,2025-11,2025,What I end up getting at warhammer cause everything is too expensive,Hobby,1373,308,https://reddit.com/r/Warhammer/comments/1osijjt/what_i_end_up_getting_at_warhammer_cause/,Hobby & Painting
1kqaj0z,Warhammer,2025-05-19,2025-05,2025,I messed up my decal I put squad number on right knee on Ultramarine. What should I do?,Discussion,1373,206,https://reddit.com/r/Warhammer/comments/1kqaj0z/i_messed_up_my_decal_i_put_squad_number_on_right/,General Discussion
1jh9wku,Warhammer,2025-03-22,2025-03,2025,Buying the essentials,Hobby,1372,27,https://reddit.com/r/Warhammer/comments/1jh9wku/buying_the_essentials/,Hobby & Painting
1nk9j4g,Warhammer,2025-09-18,2025-09,2025,Two more Dark Krakens join the fight…,Hobby,1369,14,https://reddit.com/r/Warhammer/comments/1nk9j4g/two_more_dark_krakens_join_the_fight/,Hobby & Painting
1qhxq7p,Warhammer,2026-01-20,2026-01,2026,"Games Workshop co-founder is shocked by the Warhammer company's success after ""having to sleep in a van"" to get the tabletop icon started",News,1364,124,https://reddit.com/r/Warhammer/comments/1qhxq7p/games_workshop_cofounder_is_shocked_by_the/,General Discussion
1qnii7j,Warhammer,2026-01-26,2026-01,2026,A powerhouse Warsmith leads a new campaign for the Iron Warriors,News,1358,87,https://reddit.com/r/Warhammer/comments/1qnii7j/a_powerhouse_warsmith_leads_a_new_campaign_for/,General Discussion
1kj71bp,Warhammer,2025-05-10,2025-05,2025,How to find hygenic good groups of 40k players,Discussion,1357,205,https://reddit.com/r/Warhammer/comments/1kj71bp/how_to_find_hygenic_good_groups_of_40k_players/,Hobby & Painting
1o8zonz,Warhammer,2025-10-17,2025-10,2025,Warlord titan shoulder pads,Hobby,1360,15,https://reddit.com/r/Warhammer/comments/1o8zonz/warlord_titan_shoulder_pads/,Hobby & Painting
1qjx8kd,Warhammer,2026-01-22,2026-01,2026,Which one wins for you: 30k or 40k?,Hobby,1350,274,https://reddit.com/r/Warhammer/comments/1qjx8kd/which_one_wins_for_you_30k_or_40k/,Hobby & Painting
1nwz5l5,Warhammer,2025-10-03,2025-10,2025,Looks like a phobos kit with a firstborn plasma rifle is on the way. BLUR THOSE LINES!,News,1353,162,https://reddit.com/r/Warhammer/comments/1nwz5l5/looks_like_a_phobos_kit_with_a_firstborn_plasma/,General Discussion
1n8wks5,Warhammer,2025-09-05,2025-09,2025,$15 at secondhand shop,Gaming,1350,46,https://reddit.com/r/Warhammer/comments/1n8wks5/15_at_secondhand_shop/,General Discussion
1q8su6z,Warhammer,2026-01-10,2026-01,2026,It's been an amazing turnaround for the last couple years.,Joke,1346,45,https://reddit.com/r/Warhammer/comments/1q8su6z/its_been_an_amazing_turnaround_for_the_last/,Community & Humour
1jf3vl0,Warhammer,2025-03-19,2025-03,2025,Emperor of Mankind by me,Art,1345,21,https://reddit.com/r/Warhammer/comments/1jf3vl0/emperor_of_mankind_by_me/,Lore & Narrative
1klrw8v,Warhammer,2025-05-13,2025-05,2025,"Richmond, Virginia official Warhammer store is NEVER open!?! Is this par for the course?",Discussion,1346,365,https://reddit.com/r/Warhammer/comments/1klrw8v/richmond_virginia_official_warhammer_store_is/,Store & Retail
1qmkh2u,Warhammer,2026-01-25,2026-01,2026,2nd edition chaos termie,Hobby,1337,22,https://reddit.com/r/Warhammer/comments/1qmkh2u/2nd_edition_chaos_termie/,Hobby & Painting
1jmmhb3,Warhammer,2025-03-29,2025-03,2025,Would you accept him as a Desolator?,Gaming,1333,103,https://reddit.com/r/Warhammer/comments/1jmmhb3/would_you_accept_him_as_a_desolator/,General Discussion
1r2xsg0,Warhammer,2026-02-12,2026-02,2026,Huron Blackheart has arrived – My take on this iconic miniature,Hobby,1331,21,https://reddit.com/r/Warhammer/comments/1r2xsg0/huron_blackheart_has_arrived_my_take_on_this/,Hobby & Painting
1jt815d,Warhammer,2025-04-06,2025-04,2025,I found this guy today.,Joke,1324,61,https://reddit.com/r/Warhammer/comments/1jt815d/i_found_this_guy_today/,Community & Humour
1ou37xd,Warhammer,2025-11-11,2025-11,2025,Gotrek Gurnisson,Hobby,1321,15,https://reddit.com/r/Warhammer/comments/1ou37xd/gotrek_gurnisson/,Hobby & Painting
1oys9pt,Warhammer,2025-11-16,2025-11,2025,Sculpted Chaos Dwarf With Big Hammer,Hobby,1315,18,https://reddit.com/r/Warhammer/comments/1oys9pt/sculpted_chaos_dwarf_with_big_hammer/,Hobby & Painting
1rlxepr,Warhammer,2026-03-05,2026-03,2026,Van life and Warhammer - still gotta make it work,Hobby,1313,76,https://reddit.com/r/Warhammer/comments/1rlxepr/van_life_and_warhammer_still_gotta_make_it_work/,Hobby & Painting
1qhiyv9,Warhammer,2026-01-19,2026-01,2026,Citadel of the Everchosen Chaos Dreadhold,Hobby,1320,27,https://reddit.com/r/Warhammer/comments/1qhiyv9/citadel_of_the_everchosen_chaos_dreadhold/,Hobby & Painting
1kzxaty,Warhammer,2025-05-31,2025-05,2025,Is this a metalic yellow or a warm gold color on his armor ?,Discussion,1318,73,https://reddit.com/r/Warhammer/comments/1kzxaty/is_this_a_metalic_yellow_or_a_warm_gold_color_on/,General Discussion
1jw9dyh,Warhammer,2025-04-10,2025-04,2025,"I'm mostly new to the Warhammer series, what are these types of blood angels? (1&amp;2) They look different than most blood angels (3), mostly in the face and posture. Are they supposed to be an early versions of blood angels, or a different type of space marine?",Discussion,1317,114,https://reddit.com/r/Warhammer/comments/1jw9dyh/im_mostly_new_to_the_warhammer_series_what_are/,New Player / Getting Started
1jsdcer,Warhammer,2025-04-05,2025-04,2025,"""The Imperium is so cool! Praise the Emperor!""",Joke,1314,48,https://reddit.com/r/Warhammer/comments/1jsdcer/the_imperium_is_so_cool_praise_the_emperor/,Community & Humour
1nqzdwn,Warhammer,2025-09-26,2025-09,2025,"Las-Volley Stormtrooper, 15th Blitz Legion",Hobby,1305,38,https://reddit.com/r/Warhammer/comments/1nqzdwn/lasvolley_stormtrooper_15th_blitz_legion/,Hobby & Painting
1riokpy,Warhammer,2026-03-02,2026-03,2026,Genestealer Patriarch done. What do you guys think?,Hobby,1302,41,https://reddit.com/r/Warhammer/comments/1riokpy/genestealer_patriarch_done_what_do_you_guys_think/,Hobby & Painting
1ktqovi,Warhammer,2025-05-23,2025-05,2025,Dropsite Preview - Saturnine Terminators,News,1309,91,https://reddit.com/r/Warhammer/comments/1ktqovi/dropsite_preview_saturnine_terminators/,General Discussion
1m61h52,Warhammer,2025-07-22,2025-07,2025,First model VS most recent! (2.5 year gap),Hobby,1299,24,https://reddit.com/r/Warhammer/comments/1m61h52/first_model_vs_most_recent_25_year_gap/,New Player / Getting Started
1pr1k56,Warhammer,2025-12-20,2025-12,2025,I kitbashed a Dark elf chariot with a small rc car and added blades to the side. Tested on some beastmen.,Hobby,1305,33,https://reddit.com/r/Warhammer/comments/1pr1k56/i_kitbashed_a_dark_elf_chariot_with_a_small_rc/,Hobby & Painting
1n2owhs,Warhammer,2025-08-28,2025-08,2025,A meme i made with an overused template,Hobby,1302,35,https://reddit.com/r/Warhammer/comments/1n2owhs/a_meme_i_made_with_an_overused_template/,Hobby & Painting
1nzijfv,Warhammer,2025-10-06,2025-10,2025,New Battleforces for 40k and AoS revealed!,News,1291,273,https://reddit.com/r/Warhammer/comments/1nzijfv/new_battleforces_for_40k_and_aos_revealed/,New Releases & News
1l3yi05,Warhammer,2025-06-05,2025-06,2025,i painted necron miku,Hobby,1286,31,https://reddit.com/r/Warhammer/comments/1l3yi05/i_painted_necron_miku/,Hobby & Painting
1qhuemv,Warhammer,2026-01-20,2026-01,2026,Three years of hard work,Hobby,1289,58,https://reddit.com/r/Warhammer/comments/1qhuemv/three_years_of_hard_work/,Hobby & Painting
1r8riv3,Warhammer,2026-02-19,2026-02,2026,"Your a space marine, which heavy weapon are you taking",Discussion,1286,327,https://reddit.com/r/Warhammer/comments/1r8riv3/your_a_space_marine_which_heavy_weapon_are_you/,General Discussion
1ncm54o,Warhammer,2025-09-09,2025-09,2025,The Great Angel and Angel,Art,1285,36,https://reddit.com/r/Warhammer/comments/1ncm54o/the_great_angel_and_angel/,General Discussion
1lnujm1,Warhammer,2025-06-30,2025-06,2025,Pondering,Joke,1284,10,https://reddit.com/r/Warhammer/comments/1lnujm1/pondering/,Community & Humour
1pjpebr,Warhammer,2025-12-11,2025-12,2025,What's this giant Tzaangor from this Disciples of Tzeentch artwork?,Discussion,1279,51,https://reddit.com/r/Warhammer/comments/1pjpebr/whats_this_giant_tzaangor_from_this_disciples_of/,General Discussion
1nl9t6i,Warhammer,2025-09-19,2025-09,2025,I just restored and painted up my OLDEST ever GW Mini! (Maybe for Golden Demon??),Hobby,1275,49,https://reddit.com/r/Warhammer/comments/1nl9t6i/i_just_restored_and_painted_up_my_oldest_ever_gw/,Hobby & Painting
1rmoxai,Warhammer,2026-03-06,2026-03,2026,"The warvoss leaks were real, WAAAAGH",News,1272,70,https://reddit.com/r/Warhammer/comments/1rmoxai/the_warvoss_leaks_were_real_waaaagh/,General Discussion
1nup2k4,Warhammer,2025-09-30,2025-09,2025,(Not so) Standard bearer 💅,Hobby,1271,20,https://reddit.com/r/Warhammer/comments/1nup2k4/not_so_standard_bearer/,Hobby & Painting
1rll4v3,Warhammer,2026-03-05,2026-03,2026,My four Horusmen of the Chaos Gods (Demon Primarchs),Hobby,1262,34,https://reddit.com/r/Warhammer/comments/1rll4v3/my_four_horusmen_of_the_chaos_gods_demon_primarchs/,Hobby & Painting
1mw89g1,Warhammer,2025-08-21,2025-08,2025,"“Every knight fights in the name of the Lady, and every strike is a prayer.” 🌙🛡️",Hobby,1270,20,https://reddit.com/r/Warhammer/comments/1mw89g1/every_knight_fights_in_the_name_of_the_lady_and/,Hobby & Painting
1p5j7e0,Warhammer,2025-11-24,2025-11,2025,"Play hide and seek with Shelob™, Gollum™ [IN PLASTIC!], and a new Middle-earth™ journal",News,1257,75,https://reddit.com/r/Warhammer/comments/1p5j7e0/play_hide_and_seek_with_shelob_gollum_in_plastic/,General Discussion
1mcavtk,Warhammer,2025-07-29,2025-07,2025,Community painters vs Saturnine – The Loyalists - Warhammer Community,Hobby,1261,23,https://reddit.com/r/Warhammer/comments/1mcavtk/community_painters_vs_saturnine_the_loyalists/,Hobby & Painting
1rmgehk,Warhammer,2026-03-06,2026-03,2026,Citadel name change,News,1258,286,https://reddit.com/r/Warhammer/comments/1rmgehk/citadel_name_change/,General Discussion
1l3p2h0,Warhammer,2025-06-05,2025-06,2025,What is the Best Model that for some reason is out of print?,Discussion,1256,239,https://reddit.com/r/Warhammer/comments/1l3p2h0/what_is_the_best_model_that_for_some_reason_is/,General Discussion
1msxx8h,Warhammer,2025-08-17,2025-08,2025,halberds,Lore,1258,46,https://reddit.com/r/Warhammer/comments/1msxx8h/halberds/,Lore & Narrative
1l42yjh,Warhammer,2025-06-05,2025-06,2025,My first ever warhammer model!,Art,1245,33,https://reddit.com/r/Warhammer/comments/1l42yjh/my_first_ever_warhammer_model/,General Discussion
1lunc8z,Warhammer,2025-07-08,2025-07,2025,Under pale moonlight - The night watch from a local town investigate the terrible clatter coming from the graveyard.,Hobby,1233,30,https://reddit.com/r/Warhammer/comments/1lunc8z/under_pale_moonlight_the_night_watch_from_a_local/,Hobby & Painting
1qeeqt9,Warhammer,2026-01-16,2026-01,2026,Quick process of painting Titus' cape,Hobby,1236,45,https://reddit.com/r/Warhammer/comments/1qeeqt9/quick_process_of_painting_titus_cape/,Hobby & Painting
1m3e6pm,Warhammer,2025-07-18,2025-07,2025,"Today's solved Rumour Engines, couple sneaky ones at the start but mostly obvious.",News,1232,60,https://reddit.com/r/Warhammer/comments/1m3e6pm/todays_solved_rumour_engines_couple_sneaky_ones/,New Releases & News
1jyzqgb,Warhammer,2025-04-14,2025-04,2025,The Land Raider at 25 – Celebrating THE iconic Warhammer tank - Warhammer Community,Lore,1237,106,https://reddit.com/r/Warhammer/comments/1jyzqgb/the_land_raider_at_25_celebrating_the_iconic/,Lore & Narrative
1nf0shi,Warhammer,2025-09-12,2025-09,2025,"Most Popular Successor Chapters, updated 2025, OC chart by me",Art,1226,178,https://reddit.com/r/Warhammer/comments/1nf0shi/most_popular_successor_chapters_updated_2025_oc/,General Discussion
1o8v119,Warhammer,2025-10-17,2025-10,2025,Latest genestealer,Hobby,1230,23,https://reddit.com/r/Warhammer/comments/1o8v119/latest_genestealer/,Hobby & Painting
1o8lkgp,Warhammer,2025-10-16,2025-10,2025,I finished a squad! (Please clap),Hobby,1232,56,https://reddit.com/r/Warhammer/comments/1o8lkgp/i_finished_a_squad_please_clap/,Hobby & Painting
1p9lqba,Warhammer,2025-11-29,2025-11,2025,Darkwater Nurgle are amazing!,Hobby,1229,20,https://reddit.com/r/Warhammer/comments/1p9lqba/darkwater_nurgle_are_amazing/,Hobby & Painting
1m2567a,Warhammer,2025-07-17,2025-07,2025,Sprue Rampager update,Hobby,1223,34,https://reddit.com/r/Warhammer/comments/1m2567a/sprue_rampager_update/,Hobby & Painting
1qo0k47,Warhammer,2026-01-27,2026-01,2026,A Typing game Was not what I expected,Gaming,1220,61,https://reddit.com/r/Warhammer/comments/1qo0k47/a_typing_game_was_not_what_i_expected/,General Discussion
1jmro6r,Warhammer,2025-03-29,2025-03,2025,An Ushoran diorama I did a while ago!,Hobby,1218,11,https://reddit.com/r/Warhammer/comments/1jmro6r/an_ushoran_diorama_i_did_a_while_ago/,Hobby & Painting
1rjmzmp,Warhammer,2026-03-03,2026-03,2026,Finished my Teenage Mutant Ninja Orruks,Hobby,1208,30,https://reddit.com/r/Warhammer/comments/1rjmzmp/finished_my_teenage_mutant_ninja_orruks/,Hobby & Painting
1mhx1wd,Warhammer,2025-08-05,2025-08,2025,Me when people ask why I dont have meta units like Scouts in my list:,Joke,1212,82,https://reddit.com/r/Warhammer/comments/1mhx1wd/me_when_people_ask_why_i_dont_have_meta_units/,Competitive & Tournaments
1ne2wjc,Warhammer,2025-09-11,2025-09,2025,"Just finished the void dragon, stoked with how he came out in the end 😁",Hobby,1213,32,https://reddit.com/r/Warhammer/comments/1ne2wjc/just_finished_the_void_dragon_stoked_with_how_he/,Hobby & Painting
1ktg2nj,Warhammer,2025-05-23,2025-05,2025,Double trouble tattoos by Gabriele Cardosi,Art,1217,22,https://reddit.com/r/Warhammer/comments/1ktg2nj/double_trouble_tattoos_by_gabriele_cardosi/,General Discussion
1rofwbx,Warhammer,2026-03-08,2026-03,2026,My Gf just painted her first ever mini after being inspired by instagram,Hobby,1212,93,https://reddit.com/r/Warhammer/comments/1rofwbx/my_gf_just_painted_her_first_ever_mini_after/,Hobby & Painting
1plb39x,Warhammer,2025-12-13,2025-12,2025,Secret Santa Gift Exchange,Hobby,1207,58,https://reddit.com/r/Warhammer/comments/1plb39x/secret_santa_gift_exchange/,Hobby & Painting
1lgs8u8,Warhammer,2025-06-21,2025-06,2025,Cathay Jade Warriors,Hobby,1208,29,https://reddit.com/r/Warhammer/comments/1lgs8u8/cathay_jade_warriors/,Hobby & Painting
1qrqiqp,Warhammer,2026-01-31,2026-01,2026,My girlfriend laughed while telling me how her friend roasted my hobby. Need some advice.,Discussion,1203,512,https://reddit.com/r/Warhammer/comments/1qrqiqp/my_girlfriend_laughed_while_telling_me_how_her/,Hobby & Painting
1kloju2,Warhammer,2025-05-13,2025-05,2025,Mom can we have Vulkan? No we have vulkan at home. The vulkan at home:,Joke,1203,83,https://reddit.com/r/Warhammer/comments/1kloju2/mom_can_we_have_vulkan_no_we_have_vulkan_at_home/,Community & Humour
1r25b9e,Warhammer,2026-02-11,2026-02,2026,There is an imposter among us...,Joke,1194,84,https://reddit.com/r/Warhammer/comments/1r25b9e/there_is_an_imposter_among_us/,Community & Humour
1m5lvuw,Warhammer,2025-07-21,2025-07,2025,How would a Space Marine or custodes react to an imperial citizen saving their lives?,Discussion,1189,205,https://reddit.com/r/Warhammer/comments/1m5lvuw/how_would_a_space_marine_or_custodes_react_to_an/,General Discussion
1kcs9hr,Warhammer,2025-05-02,2025-05,2025,"Can other Chaos Space Marines (World Eaters, Emperor’s Children etc) catch Nurgle diseases? Or do the rival gods protect them from infection?",Lore,1187,46,https://reddit.com/r/Warhammer/comments/1kcs9hr/can_other_chaos_space_marines_world_eaters/,Lore & Narrative
1nm0mal,Warhammer,2025-09-20,2025-09,2025,What's this?,Hobby,1181,132,https://reddit.com/r/Warhammer/comments/1nm0mal/whats_this/,Hobby & Painting
1ojea2v,Warhammer,2025-10-29,2025-10,2025,Tis' but a scratch,Hobby,1178,130,https://reddit.com/r/Warhammer/comments/1ojea2v/tis_but_a_scratch/,Hobby & Painting
1q7jvbg,Warhammer,2026-01-08,2026-01,2026,Massive Skaven army,Hobby,1175,52,https://reddit.com/r/Warhammer/comments/1q7jvbg/massive_skaven_army/,Hobby & Painting
1lf7s5l,Warhammer,2025-06-19,2025-06,2025,Do I need to play warhammer 39.999 before warhammer 40.000?,Joke,1180,103,https://reddit.com/r/Warhammer/comments/1lf7s5l/do_i_need_to_play_warhammer_39999_before/,Community & Humour
1q8jtk2,Warhammer,2026-01-09,2026-01,2026,I did a thing,Hobby,1174,52,https://reddit.com/r/Warhammer/comments/1q8jtk2/i_did_a_thing/,Hobby & Painting
1k75z53,Warhammer,2025-04-24,2025-04,2025,What factions/subfactions are primarily Yellow?,Hobby,1171,138,https://reddit.com/r/Warhammer/comments/1k75z53/what_factionssubfactions_are_primarily_yellow/,Hobby & Painting
1p8avdo,Warhammer,2025-11-27,2025-11,2025,Threw my wet pallet away after 8 years of regular use.,Hobby,1169,93,https://reddit.com/r/Warhammer/comments/1p8avdo/threw_my_wet_pallet_away_after_8_years_of_regular/,Hobby & Painting
1n8r4x7,Warhammer,2025-09-05,2025-09,2025,Could anyone identify this mini for me? Particularly the quad chain axe name if it has one.,Discussion,1173,68,https://reddit.com/r/Warhammer/comments/1n8r4x7/could_anyone_identify_this_mini_for_me/,General Discussion
1mlxc4d,Warhammer,2025-08-09,2025-08,2025,Scalpers disgust me,Hobby,1171,311,https://reddit.com/r/Warhammer/comments/1mlxc4d/scalpers_disgust_me/,Hobby & Painting
1kz5s4t,Warhammer,2025-05-30,2025-05,2025,I'm tempted to start an Emperor's Children Kill team....,Hobby,1173,7,https://reddit.com/r/Warhammer/comments/1kz5s4t/im_tempted_to_start_an_emperors_children_kill_team/,Hobby & Painting
1kfz6js,Warhammer,2025-05-06,2025-05,2025,Dad asked me to help him shift his old collection. Feeling very overwhelmed,Discussion,1164,101,https://reddit.com/r/Warhammer/comments/1kfz6js/dad_asked_me_to_help_him_shift_his_old_collection/,New Player / Getting Started
1pvb86k,Warhammer,2025-12-25,2025-12,2025,Abaddon the Despoiler - a love letter to 2nd,Hobby,1167,16,https://reddit.com/r/Warhammer/comments/1pvb86k/abaddon_the_despoiler_a_love_letter_to_2nd/,Hobby & Painting
1pkwd1g,Warhammer,2025-12-12,2025-12,2025,Old vs new: necrons,Discussion,1167,176,https://reddit.com/r/Warhammer/comments/1pkwd1g/old_vs_new_necrons/,General Discussion
1n9b4hy,Warhammer,2025-09-05,2025-09,2025,Does Samus ever show up in 40k?,Discussion,1159,181,https://reddit.com/r/Warhammer/comments/1n9b4hy/does_samus_ever_show_up_in_40k/,General Discussion
1lyu6ek,Warhammer,2025-07-13,2025-07,2025,Well fuck. Now what? The magnet is superglued into a resin model.,Hobby,1165,389,https://reddit.com/r/Warhammer/comments/1lyu6ek/well_fuck_now_what_the_magnet_is_superglued_into/,Hobby & Painting
1mmvoa7,Warhammer,2025-08-10,2025-08,2025,Weighing in on the “my first miniature” controversy. This was my first ever mini 3 years ago.,Discussion,1162,246,https://reddit.com/r/Warhammer/comments/1mmvoa7/weighing_in_on_the_my_first_miniature_controversy/,General Discussion
1qp7524,Warhammer,2026-01-28,2026-01,2026,Emperor's Children maulerfiend conversion,Hobby,1157,40,https://reddit.com/r/Warhammer/comments/1qp7524/emperors_children_maulerfiend_conversion/,Hobby & Painting
1m7axis,Warhammer,2025-07-23,2025-07,2025,Did I mess up?,Discussion,1153,322,https://reddit.com/r/Warhammer/comments/1m7axis/did_i_mess_up/,General Discussion
1nq7fas,Warhammer,2025-09-25,2025-09,2025,Original Factory Sealed Warhammer Edition,Discussion,1151,33,https://reddit.com/r/Warhammer/comments/1nq7fas/original_factory_sealed_warhammer_edition/,General Discussion
1q68zt0,Warhammer,2026-01-07,2026-01,2026,I made this from epoxy resin and wood (watch till the end for the finished project),Art,1152,41,https://reddit.com/r/Warhammer/comments/1q68zt0/i_made_this_from_epoxy_resin_and_wood_watch_till/,General Discussion
1jdbz5k,Warhammer,2025-03-17,2025-03,2025,The Goremongers of Khorne know that Bloodletters are what peak performance really looks like,News,1152,47,https://reddit.com/r/Warhammer/comments/1jdbz5k/the_goremongers_of_khorne_know_that_bloodletters/,General Discussion
1lto1w9,Warhammer,2025-07-07,2025-07,2025,Undead parrot done for my vampire coast,Hobby,1144,45,https://reddit.com/r/Warhammer/comments/1lto1w9/undead_parrot_done_for_my_vampire_coast/,Hobby & Painting
1qd0jqr,Warhammer,2026-01-14,2026-01,2026,What happened to the little army vs army boxes ??,Discussion,1147,142,https://reddit.com/r/Warhammer/comments/1qd0jqr/what_happened_to_the_little_army_vs_army_boxes/,Lore & Narrative
1oi87oq,Warhammer,2025-10-28,2025-10,2025,Date night Diorama for Golden Demon,Hobby,1144,42,https://reddit.com/r/Warhammer/comments/1oi87oq/date_night_diorama_for_golden_demon/,Hobby & Painting
1nzooj3,Warhammer,2025-10-06,2025-10,2025,I love that guy,Discussion,1142,24,https://reddit.com/r/Warhammer/comments/1nzooj3/i_love_that_guy/,General Discussion
1na7xj2,Warhammer,2025-09-06,2025-09,2025,You know it's love when your wife who knows nothing about your nerdy hobby goes out of her way to get you a necron Birthday cake.,Discussion,1146,30,https://reddit.com/r/Warhammer/comments/1na7xj2/you_know_its_love_when_your_wife_who_knows/,Hobby & Painting
1ltursd,Warhammer,2025-07-07,2025-07,2025,Blood Raven member capturing Trazyn Accidentally,Joke,1141,10,https://reddit.com/r/Warhammer/comments/1ltursd/blood_raven_member_capturing_trazyn_accidentally/,Community & Humour
1n24plu,Warhammer,2025-08-28,2025-08,2025,From concept to a game,Hobby,1130,21,https://reddit.com/r/Warhammer/comments/1n24plu/from_concept_to_a_game/,Hobby & Painting
1n7bwvs,Warhammer,2025-09-03,2025-09,2025,"Warhammer 40K Diorama: ""The Last Stand""",Hobby,1127,34,https://reddit.com/r/Warhammer/comments/1n7bwvs/warhammer_40k_diorama_the_last_stand/,Hobby & Painting
1keik8e,Warhammer,2025-05-04,2025-05,2025,Did you know. The Emperor Of Mankind was at Samurai Jack Wedding.,Lore,1129,37,https://reddit.com/r/Warhammer/comments/1keik8e/did_you_know_the_emperor_of_mankind_was_at/,Lore & Narrative
1mlvizi,Warhammer,2025-08-09,2025-08,2025,Just fck up 300€ worth of minis with bad priming please help,Hobby,1128,325,https://reddit.com/r/Warhammer/comments/1mlvizi/just_fck_up_300_worth_of_minis_with_bad_priming/,Hobby & Painting
1kivibd,Warhammer,2025-05-09,2025-05,2025,Won't be transporting this guy anywhere,Hobby,1127,29,https://reddit.com/r/Warhammer/comments/1kivibd/wont_be_transporting_this_guy_anywhere/,Hobby & Painting
1k4z2dz,Warhammer,2025-04-22,2025-04,2025,"Handcrafted. Flawlessly precise.
Brought to life on a forgotten 3D print, rediscovered in the shadows of a closet.",Hobby,1129,23,https://reddit.com/r/Warhammer/comments/1k4z2dz/handcrafted_flawlessly_precise_brought_to_life_on/,Hobby & Painting
1pzl68u,Warhammer,2025-12-30,2025-12,2025,"""The flesh is weak"" (c) Diorama of an Adeptus Mechanicus girl. Almost 20cm (8 inches) 📏",Art,1124,120,https://reddit.com/r/Warhammer/comments/1pzl68u/the_flesh_is_weak_c_diorama_of_an_adeptus/,General Discussion
1pxxrfb,Warhammer,2025-12-28,2025-12,2025,At what point does a miniature stop being a miniature?,Hobby,1122,97,https://reddit.com/r/Warhammer/comments/1pxxrfb/at_what_point_does_a_miniature_stop_being_a/,Hobby & Painting
1kt3bae,Warhammer,2025-05-22,2025-05,2025,Warhammer Gladius is 100% free for a limited time,Gaming,1114,54,https://reddit.com/r/Warhammer/comments/1kt3bae/warhammer_gladius_is_100_free_for_a_limited_time/,General Discussion
1pq1wgj,Warhammer,2025-12-18,2025-12,2025,"In Cavills Warhammer series if they ever have a plot element that requires a flashback sequence to 30k I think David Bradley would be an awesome choice Malcador, what do you think would he be a good casting?",Discussion,1116,116,https://reddit.com/r/Warhammer/comments/1pq1wgj/in_cavills_warhammer_series_if_they_ever_have_a/,General Discussion
1or9ct2,Warhammer,2025-11-07,2025-11,2025,Some fucker used an abominable intelligence to copy Weshammers voice,Discussion,1113,104,https://reddit.com/r/Warhammer/comments/1or9ct2/some_fucker_used_an_abominable_intelligence_to/,General Discussion
1m0lbds,Warhammer,2025-07-15,2025-07,2025,Warhammer at my local library!,Hobby,1119,36,https://reddit.com/r/Warhammer/comments/1m0lbds/warhammer_at_my_local_library/,Hobby & Painting
1psdkgt,Warhammer,2025-12-21,2025-12,2025,Fourth of the Red Wolves. One more to go,Hobby,1112,21,https://reddit.com/r/Warhammer/comments/1psdkgt/fourth_of_the_red_wolves_one_more_to_go/,Hobby & Painting
1rhwzf7,Warhammer,2026-03-01,2026-03,2026,It is ok if Nurgle is god of life and laughter.,Joke,1109,13,https://reddit.com/r/Warhammer/comments/1rhwzf7/it_is_ok_if_nurgle_is_god_of_life_and_laughter/,Community & Humour
1pvlg14,Warhammer,2025-12-25,2025-12,2025,Been 40K curious for a moment. Asked my wife to make the choice of my army for Christmas.,Hobby,1106,71,https://reddit.com/r/Warhammer/comments/1pvlg14/been_40k_curious_for_a_moment_asked_my_wife_to/,Hobby & Painting
1omeh9a,Warhammer,2025-11-02,2025-11,2025,Just brought my very first Warhammer miniatures!,Hobby,1102,77,https://reddit.com/r/Warhammer/comments/1omeh9a/just_brought_my_very_first_warhammer_miniatures/,Hobby & Painting
1jit9n4,Warhammer,2025-03-24,2025-03,2025,Has anyone ever kitbashed a loyalist Abaddon?,Discussion,1100,68,https://reddit.com/r/Warhammer/comments/1jit9n4/has_anyone_ever_kitbashed_a_loyalist_abaddon/,Hobby & Painting
1qf0eeo,Warhammer,2026-01-17,2026-01,2026,I would say shots fired… …but they would go over the 40K shields captains head 😂👉,Joke,1106,53,https://reddit.com/r/Warhammer/comments/1qf0eeo/i_would_say_shots_fired_but_they_would_go_over/,Community & Humour
1lkzrgr,Warhammer,2025-06-26,2025-06,2025,Warbringer finally done,Hobby,1098,20,https://reddit.com/r/Warhammer/comments/1lkzrgr/warbringer_finally_done/,Hobby & Painting
1m8lf20,Warhammer,2025-07-25,2025-07,2025,An eternal covenant For the greater good of all,Joke,1095,51,https://reddit.com/r/Warhammer/comments/1m8lf20/an_eternal_covenant_for_the_greater_good_of_all/,Community & Humour
1qadcfw,Warhammer,2026-01-11,2026-01,2026,GF's first mini,Art,1092,44,https://reddit.com/r/Warhammer/comments/1qadcfw/gfs_first_mini/,General Discussion
1kl4g8j,Warhammer,2025-05-12,2025-05,2025,Ahh yes. The Guilliman and eternal crusade...,Joke,1091,33,https://reddit.com/r/Warhammer/comments/1kl4g8j/ahh_yes_the_guilliman_and_eternal_crusade/,Community & Humour
1n4mfs6,Warhammer,2025-08-31,2025-08,2025,"How relevant/common is mk6 armor in modern Warhammer 40k lore, and is there a lore reason to why raven guard still wear mk6 armor (other than the beak looks cool and raven-like)",Lore,1086,109,https://reddit.com/r/Warhammer/comments/1n4mfs6/how_relevantcommon_is_mk6_armor_in_modern/,Lore & Narrative
1r1oxuh,Warhammer,2026-02-11,2026-02,2026,OLDHAMMER REFERENCE TERMINAL!!,Hobby,1084,42,https://reddit.com/r/Warhammer/comments/1r1oxuh/oldhammer_reference_terminal/,Hobby & Painting
1nhxxj7,Warhammer,2025-09-15,2025-09,2025,Some tree stuff 🌳,Hobby,1087,3,https://reddit.com/r/Warhammer/comments/1nhxxj7/some_tree_stuff/,Hobby & Painting
1o34u84,Warhammer,2025-10-10,2025-10,2025,The evolution of my goblin painting (and youtube vid),Hobby,1085,59,https://reddit.com/r/Warhammer/comments/1o34u84/the_evolution_of_my_goblin_painting_and_youtube/,Hobby & Painting
1n33z51,Warhammer,2025-08-29,2025-08,2025,Consistent crackle? How do I avoid circular pattern?,Hobby,1089,70,https://reddit.com/r/Warhammer/comments/1n33z51/consistent_crackle_how_do_i_avoid_circular_pattern/,Hobby & Painting
1pd9s8u,Warhammer,2025-12-03,2025-12,2025,What keeps me from building 2 daemon prince from one box ?,Hobby,1082,84,https://reddit.com/r/Warhammer/comments/1pd9s8u/what_keeps_me_from_building_2_daemon_prince_from/,Hobby & Painting
1qg93uw,Warhammer,2026-01-18,2026-01,2026,Boss Ross,Hobby,1083,12,https://reddit.com/r/Warhammer/comments/1qg93uw/boss_ross/,Hobby & Painting
1ozgzkr,Warhammer,2025-11-17,2025-11,2025,The Myrmidon Destructor Host prepares to deliver a litany of devastation - Warhammer Community,News,1075,96,https://reddit.com/r/Warhammer/comments/1ozgzkr/the_myrmidon_destructor_host_prepares_to_deliver/,General Discussion
1m4tdrp,Warhammer,2025-07-20,2025-07,2025,i need help (i’m 14 and a dumbass),Hobby,1078,142,https://reddit.com/r/Warhammer/comments/1m4tdrp/i_need_help_im_14_and_a_dumbass/,Hobby & Painting
1m3wy4p,Warhammer,2025-07-19,2025-07,2025,Grimdark Lord of change,Gaming,1070,34,https://reddit.com/r/Warhammer/comments/1m3wy4p/grimdark_lord_of_change/,General Discussion
1px39rj,Warhammer,2025-12-27,2025-12,2025,Raptor Eradicator joins the fight,Art,1070,164,https://reddit.com/r/Warhammer/comments/1px39rj/raptor_eradicator_joins_the_fight/,General Discussion
1kswktx,Warhammer,2025-05-22,2025-05,2025,I know it's not painted but I gotta share my excitement about getting this kit. I had to import it lol,Hobby,1072,101,https://reddit.com/r/Warhammer/comments/1kswktx/i_know_its_not_painted_but_i_gotta_share_my/,Hobby & Painting
1kamntc,Warhammer,2025-04-29,2025-04,2025,Don't let rules stop you from doing stupid things,Hobby,1067,36,https://reddit.com/r/Warhammer/comments/1kamntc/dont_let_rules_stop_you_from_doing_stupid_things/,Hobby & Painting
1m7r3md,Warhammer,2025-07-24,2025-07,2025,Well...it happened,Art,1074,214,https://reddit.com/r/Warhammer/comments/1m7r3md/wellit_happened/,General Discussion
1ordeaz,Warhammer,2025-11-08,2025-11,2025,"World Championships Preview – New champions get stuck into close-range brawls in Warhammer 40,000 - Warhammer Community",News,1062,107,https://reddit.com/r/Warhammer/comments/1ordeaz/world_championships_preview_new_champions_get/,General Discussion
1lx5csz,Warhammer,2025-07-11,2025-07,2025,"I have a soul, but it’s the soul of a war machine.",Hobby,1068,16,https://reddit.com/r/Warhammer/comments/1lx5csz/i_have_a_soul_but_its_the_soul_of_a_war_machine/,Hobby & Painting
1nx0a9p,Warhammer,2025-10-03,2025-10,2025,New power claw prototype,Hobby,1066,21,https://reddit.com/r/Warhammer/comments/1nx0a9p/new_power_claw_prototype/,Hobby & Painting
1paaclq,Warhammer,2025-11-30,2025-11,2025,I own one of the anniversary gold-plated Grombrindal models. How rare is it?,Hobby,1061,70,https://reddit.com/r/Warhammer/comments/1paaclq/i_own_one_of_the_anniversary_goldplated/,Hobby & Painting
1pascuq,Warhammer,2025-11-30,2025-11,2025,My version of the new Gelgus Pust from Darkwater,Hobby,1062,24,https://reddit.com/r/Warhammer/comments/1pascuq/my_version_of_the_new_gelgus_pust_from_darkwater/,Hobby & Painting
1qa8ls5,Warhammer,2026-01-11,2026-01,2026,Was looking into starting a chaos army and... 175 points? I thought he was at the level of a c'tan. This guy really thinks he can become a god?,Joke,1057,118,https://reddit.com/r/Warhammer/comments/1qa8ls5/was_looking_into_starting_a_chaos_army_and_175/,Community & Humour
1qffyuk,Warhammer,2026-01-17,2026-01,2026,"Couldn't resist painting this guy, it's just so good",Hobby,1057,24,https://reddit.com/r/Warhammer/comments/1qffyuk/couldnt_resist_painting_this_guy_its_just_so_good/,Hobby & Painting
1qfezis,Warhammer,2026-01-17,2026-01,2026,I think the spears (without trigger) shoot by twisting the handle.,Discussion,1046,188,https://reddit.com/r/Warhammer/comments/1qfezis/i_think_the_spears_without_trigger_shoot_by/,General Discussion
1nx4n08,Warhammer,2025-10-03,2025-10,2025,Morathi cosplay build,Art,1049,43,https://reddit.com/r/Warhammer/comments/1nx4n08/morathi_cosplay_build/,General Discussion
1rfdbh1,Warhammer,2026-02-26,2026-02,2026,It is ok to drink for the glory of the Emperor!,Joke,1049,35,https://reddit.com/r/Warhammer/comments/1rfdbh1/it_is_ok_to_drink_for_the_glory_of_the_emperor/,Community & Humour
1pgjl79,Warhammer,2025-12-07,2025-12,2025,My finished Ungrim Ironfist from Warhammer the Old World,Hobby,1044,27,https://reddit.com/r/Warhammer/comments/1pgjl79/my_finished_ungrim_ironfist_from_warhammer_the/,Hobby & Painting
1rpvfrj,Warhammer,2026-03-10,2026-03,2026,this was the god emperors will all along,Joke,1036,103,https://reddit.com/r/Warhammer/comments/1rpvfrj/this_was_the_god_emperors_will_all_along/,Community & Humour
1l39afi,Warhammer,2025-06-04,2025-06,2025,Captain Centos returns to celebrate some major Warhammer store milestones - Warhammer Community,News,1033,98,https://reddit.com/r/Warhammer/comments/1l39afi/captain_centos_returns_to_celebrate_some_major/,Store & Retail
1nnlqvn,Warhammer,2025-09-22,2025-09,2025,Assault Terminators are an unstoppable force and an immovable object in one indomitable package - Warhammer Community,News,1037,205,https://reddit.com/r/Warhammer/comments/1nnlqvn/assault_terminators_are_an_unstoppable_force_and/,General Discussion
1ks4rg3,Warhammer,2025-05-21,2025-05,2025,I've recently started Warhammer figure painting,Art,1036,21,https://reddit.com/r/Warhammer/comments/1ks4rg3/ive_recently_started_warhammer_figure_painting/,Hobby & Painting
1qpkeoa,Warhammer,2026-01-28,2026-01,2026,Why does the blade guard hold a skeleton hand?,Lore,1032,151,https://reddit.com/r/Warhammer/comments/1qpkeoa/why_does_the_blade_guard_hold_a_skeleton_hand/,Lore & Narrative
1lb4igt,Warhammer,2025-06-14,2025-06,2025,New Raveners!,Hobby,1030,11,https://reddit.com/r/Warhammer/comments/1lb4igt/new_raveners/,Hobby & Painting
1myniyg,Warhammer,2025-08-24,2025-08,2025,"My best friend who was like a brother to me passed away recently, but he gave me one last gift. I'll miss you brother dont worry ill finish up youre green boys",Hobby,1020,40,https://reddit.com/r/Warhammer/comments/1myniyg/my_best_friend_who_was_like_a_brother_to_me/,Hobby & Painting
1peg5qa,Warhammer,2025-12-05,2025-12,2025,Imperial Palace on Terra is FINISHED!,Hobby,1016,34,https://reddit.com/r/Warhammer/comments/1peg5qa/imperial_palace_on_terra_is_finished/,Hobby & Painting
1jk9cdw,Warhammer,2025-03-26,2025-03,2025,Ork Boss finished!,Hobby,1022,10,https://reddit.com/r/Warhammer/comments/1jk9cdw/ork_boss_finished/,Hobby & Painting
1lhzdgs,Warhammer,2025-06-22,2025-06,2025,True head,Joke,1027,26,https://reddit.com/r/Warhammer/comments/1lhzdgs/true_head/,Community & Humour
1nbx8uz,Warhammer,2025-09-08,2025-09,2025,Does anyone know anything about this Forge World model? 🤔,Discussion,1023,44,https://reddit.com/r/Warhammer/comments/1nbx8uz/does_anyone_know_anything_about_this_forge_world/,General Discussion
1oln2sw,Warhammer,2025-11-01,2025-11,2025,Blast from the past,Lore,1017,67,https://reddit.com/r/Warhammer/comments/1oln2sw/blast_from_the_past/,Lore & Narrative
1mvo58a,Warhammer,2025-08-20,2025-08,2025,"When looking at the Thunder warriors, if they were able to wear the different marks of space marine armour obviously adjusted to their size, how dangerous would they be in the different marks of power armour?",Discussion,1019,60,https://reddit.com/r/Warhammer/comments/1mvo58a/when_looking_at_the_thunder_warriors_if_they_were/,General Discussion
1lj3spq,Warhammer,2025-06-24,2025-06,2025,Black Templar does not approve of this track listing,Hobby,1017,11,https://reddit.com/r/Warhammer/comments/1lj3spq/black_templar_does_not_approve_of_this_track/,Hobby & Painting
1rklf8l,Warhammer,2026-03-04,2026-03,2026,My version of Mortarion,Hobby,1011,12,https://reddit.com/r/Warhammer/comments/1rklf8l/my_version_of_mortarion/,Hobby & Painting
1ne6zgt,Warhammer,2025-09-11,2025-09,2025,12 simple kitbashes that show why the Munitorum Armoured Container is the best in the business - Warhammer Community,Hobby,1004,36,https://reddit.com/r/Warhammer/comments/1ne6zgt/12_simple_kitbashes_that_show_why_the_munitorum/,Hobby & Painting
1lgkiox,Warhammer,2025-06-21,2025-06,2025,"For the People that dislike the Tyranid designs, why exactly?",Art,1000,240,https://reddit.com/r/Warhammer/comments/1lgkiox/for_the_people_that_dislike_the_tyranid_designs/,General Discussion
1ny8z0l,Warhammer,2025-10-04,2025-10,2025,Warhammer art by me,Art,1004,35,https://reddit.com/r/Warhammer/comments/1ny8z0l/warhammer_art_by_me/,General Discussion
1k6pcxi,Warhammer,2025-04-24,2025-04,2025,Evil returns to Middle-earth with the War Drakes of Rhûn and the Umbar Ballista - Warhammer Community,News,998,56,https://reddit.com/r/Warhammer/comments/1k6pcxi/evil_returns_to_middleearth_with_the_war_drakes/,General Discussion
1qj2mus,Warhammer,2026-01-21,2026-01,2026,It's finally taking shape,Hobby,998,20,https://reddit.com/r/Warhammer/comments/1qj2mus/its_finally_taking_shape/,Hobby & Painting
1orc8cd,Warhammer,2025-11-08,2025-11,2025,More Nurgle models for Age of Sigmar [WC 2025 Preview],News,991,64,https://reddit.com/r/Warhammer/comments/1orc8cd/more_nurgle_models_for_age_of_sigmar_wc_2025/,General Discussion
1msc5io,Warhammer,2025-08-17,2025-08,2025,What’s your weird/unpopular 40k opinion,Discussion,987,1178,https://reddit.com/r/Warhammer/comments/1msc5io/whats_your_weirdunpopular_40k_opinion/,General Discussion
1n3fn8s,Warhammer,2025-08-29,2025-08,2025,My fists!,Hobby,989,36,https://reddit.com/r/Warhammer/comments/1n3fn8s/my_fists/,Hobby & Painting
1k31blm,Warhammer,2025-04-19,2025-04,2025,Is it possible to make a horribly designed model look good just with paint???,Discussion,990,102,https://reddit.com/r/Warhammer/comments/1k31blm/is_it_possible_to_make_a_horribly_designed_model/,General Discussion
1k4pb3h,Warhammer,2025-04-21,2025-04,2025,Only in death does duty end. by me!,Art,990,25,https://reddit.com/r/Warhammer/comments/1k4pb3h/only_in_death_does_duty_end_by_me/,General Discussion
1o2y01w,Warhammer,2025-10-10,2025-10,2025,Warhammer art through the years: Aeldari - Warhammer Community,Art,987,45,https://reddit.com/r/Warhammer/comments/1o2y01w/warhammer_art_through_the_years_aeldari_warhammer/,General Discussion
1n3j2po,Warhammer,2025-08-29,2025-08,2025,"Thank You, GW Support",Hobby,984,47,https://reddit.com/r/Warhammer/comments/1n3j2po/thank_you_gw_support/,Hobby & Painting
1ltv3pp,Warhammer,2025-07-07,2025-07,2025,6 months later and I finally have a painted copy of Space Hulk,Hobby,984,22,https://reddit.com/r/Warhammer/comments/1ltv3pp/6_months_later_and_i_finally_have_a_painted_copy/,Hobby & Painting
1q1u0zr,Warhammer,2026-01-02,2026-01,2026,Tried a Tron-like glow on my Space Marine – how did I do?,Hobby,982,29,https://reddit.com/r/Warhammer/comments/1q1u0zr/tried_a_tronlike_glow_on_my_space_marine_how_did/,Hobby & Painting
1l6ise9,Warhammer,2025-06-08,2025-06,2025,My boyfriend makes beautiful warhammers 😍,Hobby,984,37,https://reddit.com/r/Warhammer/comments/1l6ise9/my_boyfriend_makes_beautiful_warhammers/,Hobby & Painting
1qbuges,Warhammer,2026-01-13,2026-01,2026,My kind of Repentia Cosplay,Hobby,980,52,https://reddit.com/r/Warhammer/comments/1qbuges/my_kind_of_repentia_cosplay/,Hobby & Painting
1jkunro,Warhammer,2025-03-27,2025-03,2025,All the newly announced Space wolf models,News,977,136,https://reddit.com/r/Warhammer/comments/1jkunro/all_the_newly_announced_space_wolf_models/,General Discussion
1jfobym,Warhammer,2025-03-20,2025-03,2025,Middle-earth Strategy Battle Game – Give the enemies of Azog™ a taste of boulder with the Gundabad Catapult Troll™. - Warhammer Community,News,975,42,https://reddit.com/r/Warhammer/comments/1jfobym/middleearth_strategy_battle_game_give_the_enemies/,General Discussion
1laidx0,Warhammer,2025-06-13,2025-06,2025,WIP Father’s Day Gift: Desk Clock with hourly lore quotes,Art,980,50,https://reddit.com/r/Warhammer/comments/1laidx0/wip_fathers_day_gift_desk_clock_with_hourly_lore/,Hobby & Painting
1l2o39n,Warhammer,2025-06-03,2025-06,2025,Who would you choose?,Discussion,976,147,https://reddit.com/r/Warhammer/comments/1l2o39n/who_would_you_choose/,General Discussion
1l5sgb1,Warhammer,2025-06-07,2025-06,2025,And it begins,Hobby,968,63,https://reddit.com/r/Warhammer/comments/1l5sgb1/and_it_begins/,Hobby & Painting
1nsdlhq,Warhammer,2025-09-28,2025-09,2025,Wild find,Hobby,976,46,https://reddit.com/r/Warhammer/comments/1nsdlhq/wild_find/,Hobby & Painting
1lidkw3,Warhammer,2025-06-23,2025-06,2025,The Execrator will make sure you keep your vow to kill absurd amounts of heretics - Warhammer Community,News,975,122,https://reddit.com/r/Warhammer/comments/1lidkw3/the_execrator_will_make_sure_you_keep_your_vow_to/,General Discussion
1jhfszk,Warhammer,2025-03-22,2025-03,2025,"Is there a deity that is ""The Most Powerful"" in Warhammer or just not?",Discussion,968,269,https://reddit.com/r/Warhammer/comments/1jhfszk/is_there_a_deity_that_is_the_most_powerful_in/,General Discussion
1red1xb,Warhammer,2026-02-25,2026-02,2026,"Mortarion conversion, inspired by his first Epic model",Hobby,970,27,https://reddit.com/r/Warhammer/comments/1red1xb/mortarion_conversion_inspired_by_his_first_epic/,Hobby & Painting
1olxomu,Warhammer,2025-11-01,2025-11,2025,Little guy with a big flag and a big attitude,Hobby,963,20,https://reddit.com/r/Warhammer/comments/1olxomu/little_guy_with_a_big_flag_and_a_big_attitude/,Hobby & Painting
1ngnvjs,Warhammer,2025-09-14,2025-09,2025,Knight with the Biggest Irons,Hobby,964,26,https://reddit.com/r/Warhammer/comments/1ngnvjs/knight_with_the_biggest_irons/,Hobby & Painting
1pf5830,Warhammer,2025-12-05,2025-12,2025,My version of Mulgoth from Darkwater!,Hobby,957,21,https://reddit.com/r/Warhammer/comments/1pf5830/my_version_of_mulgoth_from_darkwater/,Hobby & Painting
1nzlx9q,Warhammer,2025-10-06,2025-10,2025,A new Warhammer quest appears!,News,952,201,https://reddit.com/r/Warhammer/comments/1nzlx9q/a_new_warhammer_quest_appears/,Video Games & Digital
1r0ss90,Warhammer,2026-02-10,2026-02,2026,"Winter was supposed to end.
But Chaos has other plans.",Hobby,955,9,https://reddit.com/r/Warhammer/comments/1r0ss90/winter_was_supposed_to_end_but_chaos_has_other/,Hobby & Painting
1p7bdrv,Warhammer,2025-11-26,2025-11,2025,Is this the greatest lego creation of all time?,Art,950,25,https://reddit.com/r/Warhammer/comments/1p7bdrv/is_this_the_greatest_lego_creation_of_all_time/,General Discussion
1nofcu4,Warhammer,2025-09-23,2025-09,2025,Took the plunge and painted my first eyes on a helmetless mini,Hobby,946,92,https://reddit.com/r/Warhammer/comments/1nofcu4/took_the_plunge_and_painted_my_first_eyes_on_a/,Hobby & Painting
1jugn9r,Warhammer,2025-04-08,2025-04,2025,What would you pay for this level of painting? (Please read text),Art,946,154,https://reddit.com/r/Warhammer/comments/1jugn9r/what_would_you_pay_for_this_level_of_painting/,Hobby & Painting
1kfijc0,Warhammer,2025-05-05,2025-05,2025,I have a feeling these are no longer my inquisitorial agents,Joke,950,22,https://reddit.com/r/Warhammer/comments/1kfijc0/i_have_a_feeling_these_are_no_longer_my/,Community & Humour
1obh1qc,Warhammer,2025-10-20,2025-10,2025,Felpower is strong,Hobby,947,13,https://reddit.com/r/Warhammer/comments/1obh1qc/felpower_is_strong/,Hobby & Painting
1p0sz9b,Warhammer,2025-11-19,2025-11,2025,"Thinking about reading the Horus heresy books, but are there really 54 books in this series? Or is it like a bunch of spin off titles after the main story wrapped up?",Discussion,940,300,https://reddit.com/r/Warhammer/comments/1p0sz9b/thinking_about_reading_the_horus_heresy_books_but/,Lore & Narrative
1mxbd3b,Warhammer,2025-08-22,2025-08,2025,The whole week up until game night,Joke,945,20,https://reddit.com/r/Warhammer/comments/1mxbd3b/the_whole_week_up_until_game_night/,Community & Humour
zndiix,Warhammer,2022-12-16,2022-12,2022,Henry Cavill’s Announcement,News,62289,2342,https://reddit.com/r/Warhammer/comments/zndiix/henry_cavills_announcement/,New Releases & News
1geqlss,Warhammer,2024-10-29,2024-10,2024,any ideas for halloween? (photo credit: Killhunger),Hobby,21906,318,https://reddit.com/r/Warhammer/comments/1geqlss/any_ideas_for_halloween_photo_credit_killhunger/,Hobby & Painting
1gik9pa,Warhammer,2024-11-03,2024-11,2024,Noise marine armour,Hobby,12937,236,https://reddit.com/r/Warhammer/comments/1gik9pa/noise_marine_armour/,Hobby & Painting
1gsn3ph,Warhammer,2024-11-16,2024-11,2024,"BY THE GOD EMPEROR, HE’S GOT A STEEL CHAIR",Hobby,11581,196,https://reddit.com/r/Warhammer/comments/1gsn3ph/by_the_god_emperor_hes_got_a_steel_chair/,Hobby & Painting
1g6wub7,Warhammer,2024-10-19,2024-10,2024,5th chaos god,Joke,10881,169,https://reddit.com/r/Warhammer/comments/1g6wub7/5th_chaos_god/,Community & Humour
1cmn1nv,Warhammer,2024-05-07,2024-05,2024,How it feels lately,Joke,10801,558,https://reddit.com/r/Warhammer/comments/1cmn1nv/how_it_feels_lately/,Community & Humour
1gduj3l,Warhammer,2024-10-28,2024-10,2024,What Colors do i need for this?,Discussion,8693,96,https://reddit.com/r/Warhammer/comments/1gduj3l/what_colors_do_i_need_for_this/,General Discussion
1fwfwx2,Warhammer,2024-10-05,2024-10,2024,So.. immersive,Joke,8395,165,https://reddit.com/r/Warhammer/comments/1fwfwx2/so_immersive/,Community & Humour
1fcnpaw,Warhammer,2024-09-09,2024-09,2024,I made a wearable Squig!,Art,7777,182,https://reddit.com/r/Warhammer/comments/1fcnpaw/i_made_a_wearable_squig/,General Discussion
1gytuj2,Warhammer,2024-11-24,2024-11,2024,Finally finished the sculpting on my Saturn/Vashtor,Hobby,7189,155,https://reddit.com/r/Warhammer/comments/1gytuj2/finally_finished_the_sculpting_on_my_saturnvashtor/,Hobby & Painting
xcg51z,Warhammer,2022-09-12,2022-09,2022,The Adeptus,Joke,6344,169,https://reddit.com/r/Warhammer/comments/xcg51z/the_adeptus/,Community & Humour
11z6ug6,Warhammer,2023-03-23,2023-03,2023,Lion El'Johnson revealed,News,6292,494,https://reddit.com/r/Warhammer/comments/11z6ug6/lion_eljohnson_revealed/,New Releases & News
1fs0973,Warhammer,2024-09-29,2024-09,2024,Run for your life ,Art,6281,180,https://reddit.com/r/Warhammer/comments/1fs0973/run_for_your_life/,General Discussion
1fq0niy,Warhammer,2024-09-26,2024-09,2024,gotta start 'em young,Joke,6043,133,https://reddit.com/r/Warhammer/comments/1fq0niy/gotta_start_em_young/,Community & Humour
1edceve,Warhammer,2024-07-27,2024-07,2024,The art is going in a really bad direction lately,Hobby,5898,409,https://reddit.com/r/Warhammer/comments/1edceve/the_art_is_going_in_a_really_bad_direction_lately/,Hobby & Painting
1flm7gp,Warhammer,2024-09-20,2024-09,2024,HE EXISTS!!! 😳,Joke,5885,62,https://reddit.com/r/Warhammer/comments/1flm7gp/he_exists/,Community & Humour
1in2qdl,Warhammer,2025-02-11,2025-02,2025,Reminder: The Monster Merchants are scalper scum and not hobby friendly,Hobby,5809,230,https://reddit.com/r/Warhammer/comments/1in2qdl/reminder_the_monster_merchants_are_scalper_scum/,Hobby & Painting
11zkrir,Warhammer,2023-03-23,2023-03,2023,"10th edition got me feeling like,",Joke,5688,361,https://reddit.com/r/Warhammer/comments/11zkrir/10th_edition_got_me_feeling_like/,Community & Humour
zxd8wq,Warhammer,2022-12-28,2022-12,2022,Bob Ross on painting,Joke,5619,47,https://reddit.com/r/Warhammer/comments/zxd8wq/bob_ross_on_painting/,Hobby & Painting
1en71fx,Warhammer,2024-08-08,2024-08,2024,Lore accurate Dreadnaught (Space Marine 2),Gaming,5517,348,https://reddit.com/r/Warhammer/comments/1en71fx/lore_accurate_dreadnaught_space_marine_2/,Lore & Narrative
zn1fd3,Warhammer,2022-12-16,2022-12,2022,Amazon is trying to get the rights for a ‘WARHAMMER 40K’ project. They are also attempting to get Henry Cavill to star in the project.,News,5348,515,https://reddit.com/r/Warhammer/comments/zn1fd3/amazon_is_trying_to_get_the_rights_for_a/,General Discussion
1gb6lvl,Warhammer,2024-10-24,2024-10,2024,"I Met A ""That Guy"" At My Local Warhammer Store",Discussion,5126,765,https://reddit.com/r/Warhammer/comments/1gb6lvl/i_met_a_that_guy_at_my_local_warhammer_store/,Store & Retail
1fvbs53,Warhammer,2024-10-03,2024-10,2024,There can only be WAAAAGH,Joke,5114,85,https://reddit.com/r/Warhammer/comments/1fvbs53/there_can_only_be_waaaagh/,Community & Humour
xvy1xn,Warhammer,2022-10-05,2022-10,2022,40k Skirmish in a Nutshell,Joke,4917,165,https://reddit.com/r/Warhammer/comments/xvy1xn/40k_skirmish_in_a_nutshell/,Community & Humour
1avecjp,Warhammer,2024-02-20,2024-02,2024,Yesterday i made a mistake and id like to apologize and rectify that mistake,Hobby,4765,169,https://reddit.com/r/Warhammer/comments/1avecjp/yesterday_i_made_a_mistake_and_id_like_to/,Hobby & Painting
uc6zbj,Warhammer,2022-04-26,2022-04,2022,life as a Warhammer painter,Joke,4747,276,https://reddit.com/r/Warhammer/comments/uc6zbj/life_as_a_warhammer_painter/,Community & Humour
1go2hrf,Warhammer,2024-11-10,2024-11,2024,Almost 2000hrs,Hobby,4672,94,https://reddit.com/r/Warhammer/comments/1go2hrf/almost_2000hrs/,Hobby & Painting
xm0lnv,Warhammer,2022-09-23,2022-09,2022,Not long now for Orktober…,Joke,4672,47,https://reddit.com/r/Warhammer/comments/xm0lnv/not_long_now_for_orktober/,Community & Humour
13frcfx,Warhammer,2023-05-12,2023-05,2023,The Emperor of Mankind,Art,4643,179,https://reddit.com/r/Warhammer/comments/13frcfx/the_emperor_of_mankind/,Lore & Narrative
1hl0gla,Warhammer,2024-12-23,2024-12,2024,Saw this on X. Any truth to it?,Lore,4547,522,https://reddit.com/r/Warhammer/comments/1hl0gla/saw_this_on_x_any_truth_to_it/,Lore & Narrative
t59loj,Warhammer,2022-03-02,2022-03,2022,"Had to flee Russia. Here's what I took with me: 75% of my suitcases are warhammer minies, sprues, paints and instruments. I already miss my terrain. Let's have all our wars in imaginary worlds only. Слава Украине!",Hobby,4535,140,https://reddit.com/r/Warhammer/comments/t59loj/had_to_flee_russia_heres_what_i_took_with_me_75/,Hobby & Painting
13i6oa7,Warhammer,2023-05-15,2023-05,2023,Epic moment,Joke,4503,174,https://reddit.com/r/Warhammer/comments/13i6oa7/epic_moment/,Community & Humour
10zvejg,Warhammer,2023-02-11,2023-02,2023,I converted the new Angron model into Daemon Russ,Hobby,4480,102,https://reddit.com/r/Warhammer/comments/10zvejg/i_converted_the_new_angron_model_into_daemon_russ/,Hobby & Painting
xgukmf,Warhammer,2022-09-17,2022-09,2022,💰,Joke,4439,59,https://reddit.com/r/Warhammer/comments/xgukmf/_/,Community & Humour
1hisi47,Warhammer,2024-12-20,2024-12,2024,Are they match?,Joke,4368,284,https://reddit.com/r/Warhammer/comments/1hisi47/are_they_match/,Community & Humour
18gcf68,Warhammer,2023-12-12,2023-12,2023,Have a meme,Joke,4363,124,https://reddit.com/r/Warhammer/comments/18gcf68/have_a_meme/,Community & Humour
12mv05c,Warhammer,2023-04-15,2023-04,2023,My Swarmlord cosplay,Hobby,4335,77,https://reddit.com/r/Warhammer/comments/12mv05c/my_swarmlord_cosplay/,Hobby & Painting
1dvf1hd,Warhammer,2024-07-04,2024-07,2024,Any Zimbabwean 40k players?,Gaming,4289,155,https://reddit.com/r/Warhammer/comments/1dvf1hd/any_zimbabwean_40k_players/,Hobby & Painting
110fqu8,Warhammer,2023-02-12,2023-02,2023,"Im a tattoo artist and I also collect 40k, I like tattooing frogs. I combined it all together.",Art,4264,361,https://reddit.com/r/Warhammer/comments/110fqu8/im_a_tattoo_artist_and_i_also_collect_40k_i_like/,General Discussion
1djjo03,Warhammer,2024-06-19,2024-06,2024,Games Workshop shares £18 million ($22.9 million) of profits with staff as business booms for Warhammer maker,News,4240,574,https://reddit.com/r/Warhammer/comments/1djjo03/games_workshop_shares_18_million_229_million_of/,General Discussion
18wy98i,Warhammer,2024-01-02,2024-01,2024,Good advice from the chaos gods,Joke,4232,100,https://reddit.com/r/Warhammer/comments/18wy98i/good_advice_from_the_chaos_gods/,Lore & Narrative
1alvewv,Warhammer,2024-02-08,2024-02,2024,Warhammer cosplays,Hobby,4222,120,https://reddit.com/r/Warhammer/comments/1alvewv/warhammer_cosplays/,Hobby & Painting
12akemc,Warhammer,2023-04-03,2023-04,2023,New Space Marine Lieutenant. The Tyranid bits on his armour are awesome.,News,4213,216,https://reddit.com/r/Warhammer/comments/12akemc/new_space_marine_lieutenant_the_tyranid_bits_on/,General Discussion
yfp6i6,Warhammer,2022-10-28,2022-10,2022,Mind blowing distorition effect by gubbinzpainta. Sorry if it's been posted before but it's amazing 🤯,Art,4162,71,https://reddit.com/r/Warhammer/comments/yfp6i6/mind_blowing_distorition_effect_by_gubbinzpainta/,General Discussion
ymn3gi,Warhammer,2022-11-05,2022-11,2022,Mortal Wounds. Some are just a little different. My latest comic! I hope you enjoy!,Joke,4105,56,https://reddit.com/r/Warhammer/comments/ymn3gi/mortal_wounds_some_are_just_a_little_different_my/,Community & Humour
1fmzvca,Warhammer,2024-09-22,2024-09,2024,this cost me 38$ 😭😭😭😭,Hobby,4076,573,https://reddit.com/r/Warhammer/comments/1fmzvca/this_cost_me_38/,Hobby & Painting
1dtrq5m,Warhammer,2024-07-02,2024-07,2024,Vertical gaming table,Hobby,3985,197,https://reddit.com/r/Warhammer/comments/1dtrq5m/vertical_gaming_table/,Hobby & Painting
10mm485,Warhammer,2023-01-27,2023-01,2023,What happened man,Joke,3964,376,https://reddit.com/r/Warhammer/comments/10mm485/what_happened_man/,Community & Humour
1gtd6t0,Warhammer,2024-11-17,2024-11,2024,Irresistible ,Joke,3965,163,https://reddit.com/r/Warhammer/comments/1gtd6t0/irresistible/,Community & Humour
1fr8ik5,Warhammer,2024-09-28,2024-09,2024,The reality ,Joke,3954,169,https://reddit.com/r/Warhammer/comments/1fr8ik5/the_reality/,Community & Humour
x4n9pq,Warhammer,2022-09-03,2022-09,2022,And they shall know no fear? My latest comic hope you enjoy!,Joke,3868,64,https://reddit.com/r/Warhammer/comments/x4n9pq/and_they_shall_know_no_fear_my_latest_comic_hope/,Community & Humour
1fojsqa,Warhammer,2024-09-24,2024-09,2024,Even in debt I still serve ,Joke,3867,31,https://reddit.com/r/Warhammer/comments/1fojsqa/even_in_debt_i_still_serve/,Community & Humour
13wnf7b,Warhammer,2023-05-31,2023-05,2023,Neat,Joke,3858,82,https://reddit.com/r/Warhammer/comments/13wnf7b/neat/,Community & Humour
znyji1,Warhammer,2022-12-17,2022-12,2022,Regarding the doomsayers,Joke,3855,308,https://reddit.com/r/Warhammer/comments/znyji1/regarding_the_doomsayers/,Community & Humour
10q0tmy,Warhammer,2023-01-31,2023-01,2023,Female Space Marine,Hobby,3842,356,https://reddit.com/r/Warhammer/comments/10q0tmy/female_space_marine/,Hobby & Painting
11asw84,Warhammer,2023-02-24,2023-02,2023,Bought a Warlord Titan! This is just one of its guns. Dramatic cat for scale,Hobby,3833,71,https://reddit.com/r/Warhammer/comments/11asw84/bought_a_warlord_titan_this_is_just_one_of_its/,Hobby & Painting
12l7bau,Warhammer,2023-04-13,2023-04,2023,"I was messing around, but now im unsure if i even wanna glue the face on...",Hobby,3829,132,https://reddit.com/r/Warhammer/comments/12l7bau/i_was_messing_around_but_now_im_unsure_if_i_even/,Hobby & Painting
133pa7r,Warhammer,2023-04-30,2023-04,2023,Bretonnian Paladin,News,3819,332,https://reddit.com/r/Warhammer/comments/133pa7r/bretonnian_paladin/,General Discussion
1imt4tw,Warhammer,2025-02-11,2025-02,2025,The Evolution of Chaos God's Imagery,Art,3794,124,https://reddit.com/r/Warhammer/comments/1imt4tw/the_evolution_of_chaos_gods_imagery/,General Discussion
1dfupam,Warhammer,2024-06-14,2024-06,2024,Imperial troops at Warhammerlarp,Hobby,3793,107,https://reddit.com/r/Warhammer/comments/1dfupam/imperial_troops_at_warhammerlarp/,Hobby & Painting
1fuo303,Warhammer,2024-10-02,2024-10,2024,WAAGHH,Hobby,3780,16,https://reddit.com/r/Warhammer/comments/1fuo303/waaghh/,Hobby & Painting
1fzg5t3,Warhammer,2024-10-09,2024-10,2024,This one is complicated 😅,Discussion,3772,267,https://reddit.com/r/Warhammer/comments/1fzg5t3/this_one_is_complicated/,General Discussion
1bb5dg5,Warhammer,2024-03-10,2024-03,2024,The Monster Merchants are awful outright scalpers,Discussion,3755,306,https://reddit.com/r/Warhammer/comments/1bb5dg5/the_monster_merchants_are_awful_outright_scalpers/,General Discussion
ygbytl,Warhammer,2022-10-29,2022-10,2022,"What if, some primarch brothers returned? I love doing facial expressions, so I had to do this one! I hope you all like it!",Joke,3753,261,https://reddit.com/r/Warhammer/comments/ygbytl/what_if_some_primarch_brothers_returned_i_love/,Lore & Narrative
144ypum,Warhammer,2023-06-09,2023-06,2023,Incoming!,News,3746,69,https://reddit.com/r/Warhammer/comments/144ypum/incoming/,General Discussion
1g4nhz5,Warhammer,2024-10-16,2024-10,2024,Ork Trukk spotted.,Art,3700,75,https://reddit.com/r/Warhammer/comments/1g4nhz5/ork_trukk_spotted/,General Discussion
xwd8jp,Warhammer,2022-10-05,2022-10,2022,full paper necron,Hobby,3692,84,https://reddit.com/r/Warhammer/comments/xwd8jp/full_paper_necron/,Hobby & Painting
yafwjz,Warhammer,2022-10-22,2022-10,2022,"Priorities.. I've seen the comments, had to make a comic :D I hope you all enjoy!",Joke,3666,48,https://reddit.com/r/Warhammer/comments/yafwjz/priorities_ive_seen_the_comments_had_to_make_a/,Community & Humour
tul0lr,Warhammer,2022-04-02,2022-04,2022,Squats are back for real! Rebranded as the Leagues of Votann,News,3643,389,https://reddit.com/r/Warhammer/comments/tul0lr/squats_are_back_for_real_rebranded_as_the_leagues/,General Discussion
1gpvla0,Warhammer,2024-11-12,2024-11,2024,All I can say is “trust the process” Wip Lamenter Thunderhawk “Malakims Wrath” ,Art,3630,78,https://reddit.com/r/Warhammer/comments/1gpvla0/all_i_can_say_is_trust_the_process_wip_lamenter/,Hobby & Painting
xg545a,Warhammer,2022-09-16,2022-09,2022,"Just found this wonderful tidbit from GW circa 2006. Who knew, even then, they were so political? (/s)",Discussion,3635,314,https://reddit.com/r/Warhammer/comments/xg545a/just_found_this_wonderful_tidbit_from_gw_circa/,General Discussion
1j5wcnc,Warhammer,2025-03-07,2025-03,2025,Whats your hobby space like,Discussion,3551,616,https://reddit.com/r/Warhammer/comments/1j5wcnc/whats_your_hobby_space_like/,Hobby & Painting
11tg2tk,Warhammer,2023-03-17,2023-03,2023,Another one painted statue :),Discussion,3541,114,https://reddit.com/r/Warhammer/comments/11tg2tk/another_one_painted_statue/,Hobby & Painting
1hmcpwt,Warhammer,2024-12-26,2024-12,2024,So what do we think of 40k snekboy vs 30k snekboy?,Discussion,3531,367,https://reddit.com/r/Warhammer/comments/1hmcpwt/so_what_do_we_think_of_40k_snekboy_vs_30k_snekboy/,General Discussion
1j8pe8g,Warhammer,2025-03-11,2025-03,2025,"Not with a whimper, but with thunder - the last of the thunder warriors make a stand atop Mt. Ararat as their replacements, the astartes, close in. C&amp;C welcome!",Hobby,3525,141,https://reddit.com/r/Warhammer/comments/1j8pe8g/not_with_a_whimper_but_with_thunder_the_last_of/,Hobby & Painting
vhau9o,Warhammer,2022-06-21,2022-06,2022,I'm pretty broke right now and can't afford a single original miniature so i made these by my hands using polymer clay and some acrylic paints. I know they are a bit (a lot) wry but i did my best making them a year ago,Hobby,3521,159,https://reddit.com/r/Warhammer/comments/vhau9o/im_pretty_broke_right_now_and_cant_afford_a/,Hobby & Painting
1daua70,Warhammer,2024-06-08,2024-06,2024,Could they make horus smile?,Joke,3507,43,https://reddit.com/r/Warhammer/comments/1daua70/could_they_make_horus_smile/,Community & Humour
12toz6x,Warhammer,2023-04-21,2023-04,2023,Bella the xeno exterminator.,Joke,3498,16,https://reddit.com/r/Warhammer/comments/12toz6x/bella_the_xeno_exterminator/,Community & Humour
11s8a8h,Warhammer,2023-03-15,2023-03,2023,Dante was just leaked,News,3506,235,https://reddit.com/r/Warhammer/comments/11s8a8h/dante_was_just_leaked/,New Releases & News
wj8cn2,Warhammer,2022-08-08,2022-08,2022,Texture Rolling some Troggoth Bases,Hobby,3499,24,https://reddit.com/r/Warhammer/comments/wj8cn2/texture_rolling_some_troggoth_bases/,Hobby & Painting
18uoeqx,Warhammer,2023-12-30,2023-12,2023,RIP Bryan Ansell,News,3502,116,https://reddit.com/r/Warhammer/comments/18uoeqx/rip_bryan_ansell/,General Discussion
1ctss5q,Warhammer,2024-05-17,2024-05,2024,AOS is Incredible,News,3464,380,https://reddit.com/r/Warhammer/comments/1ctss5q/aos_is_incredible/,General Discussion
1f5vknt,Warhammer,2024-08-31,2024-08,2024,Absolutely not,Joke,3451,93,https://reddit.com/r/Warhammer/comments/1f5vknt/absolutely_not/,Community & Humour
1ho2zoc,Warhammer,2024-12-28,2024-12,2024,Power claw final! ,Hobby,3448,67,https://reddit.com/r/Warhammer/comments/1ho2zoc/power_claw_final/,Hobby & Painting
100ki3c,Warhammer,2023-01-01,2023-01,2023,Looks about right 😂,Joke,3447,118,https://reddit.com/r/Warhammer/comments/100ki3c/looks_about_right/,Community & Humour
124wh57,Warhammer,2023-03-28,2023-03,2023,Slaan was cooking,Joke,3425,41,https://reddit.com/r/Warhammer/comments/124wh57/slaan_was_cooking/,Community & Humour
1darev4,Warhammer,2024-06-08,2024-06,2024,Attack of mutants and beastmen at Warhammerlarp,Hobby,3417,141,https://reddit.com/r/Warhammer/comments/1darev4/attack_of_mutants_and_beastmen_at_warhammerlarp/,Hobby & Painting
1d4yuxl,Warhammer,2024-05-31,2024-05,2024,What Happened?,News,3409,315,https://reddit.com/r/Warhammer/comments/1d4yuxl/what_happened/,General Discussion
143f9ch,Warhammer,2023-06-07,2023-06,2023,What 9 years of Warhammer looks like in outdated rules,Gaming,3397,262,https://reddit.com/r/Warhammer/comments/143f9ch/what_9_years_of_warhammer_looks_like_in_outdated/,General Discussion
wifxtb,Warhammer,2022-08-07,2022-08,2022,Warhammer Art based on AI generated images (swipe for more),Art,3394,112,https://reddit.com/r/Warhammer/comments/wifxtb/warhammer_art_based_on_ai_generated_images_swipe/,Hobby & Painting
13t13z3,Warhammer,2023-05-27,2023-05,2023,A green knight? Forestwalking? Appearing when the situation is dire? HMMMMMMMMMMMMMMMMMMMM,Joke,3381,121,https://reddit.com/r/Warhammer/comments/13t13z3/a_green_knight_forestwalking_appearing_when_the/,Community & Humour
1c4m5ow,Warhammer,2024-04-15,2024-04,2024,I feel like this is as pertinent today as it was a couple years ago,Discussion,3354,835,https://reddit.com/r/Warhammer/comments/1c4m5ow/i_feel_like_this_is_as_pertinent_today_as_it_was/,General Discussion
19ds4rf,Warhammer,2024-01-23,2024-01,2024,Does this read as old bronze?,Hobby,3347,160,https://reddit.com/r/Warhammer/comments/19ds4rf/does_this_read_as_old_bronze/,Hobby & Painting
1foy9q5,Warhammer,2024-09-25,2024-09,2024,For the Emperor,Joke,3338,51,https://reddit.com/r/Warhammer/comments/1foy9q5/for_the_emperor/,Lore & Narrative
xskjxi,Warhammer,2022-10-01,2022-10,2022,Does anyone know which Warhammer video(s) is used in this video?,Lore,3326,108,https://reddit.com/r/Warhammer/comments/xskjxi/does_anyone_know_which_warhammer_videos_is_used/,Lore & Narrative
1grbra1,Warhammer,2024-11-14,2024-11,2024,Even the Ultramarines are assholes when a Salamander is around,Joke,3317,64,https://reddit.com/r/Warhammer/comments/1grbra1/even_the_ultramarines_are_assholes_when_a/,Community & Humour
zajpd3,Warhammer,2022-12-02,2022-12,2022,The ultramarines veteran helmets look weirdly familiar,Joke,3301,91,https://reddit.com/r/Warhammer/comments/zajpd3/the_ultramarines_veteran_helmets_look_weirdly/,Community & Humour
1hlyqdx,Warhammer,2024-12-25,2024-12,2024,New Fulgrim pictures,News,3287,175,https://reddit.com/r/Warhammer/comments/1hlyqdx/new_fulgrim_pictures/,General Discussion
1ei4jpi,Warhammer,2024-08-02,2024-08,2024,"Why hasn't the imperium thought of this, are they stupid?",Joke,3281,120,https://reddit.com/r/Warhammer/comments/1ei4jpi/why_hasnt_the_imperium_thought_of_this_are_they/,Community & Humour
1i3q786,Warhammer,2025-01-17,2025-01,2025,"When you don't take your helmet off for 10,000 years",Joke,3274,24,https://reddit.com/r/Warhammer/comments/1i3q786/when_you_dont_take_your_helmet_off_for_10000_years/,Community & Humour
veaqsr,Warhammer,2022-06-17,2022-06,2022,"""Blood Angels"" Primaris Reiver",Hobby,3274,80,https://reddit.com/r/Warhammer/comments/veaqsr/blood_angels_primaris_reiver/,Hobby & Painting
1f9ifri,Warhammer,2024-09-05,2024-09,2024,Incredible cosplays in a RPG stream from a French streamer,Hobby,3269,35,https://reddit.com/r/Warhammer/comments/1f9ifri/incredible_cosplays_in_a_rpg_stream_from_a_french/,Hobby & Painting
1j6hmxe,Warhammer,2025-03-08,2025-03,2025,There are literally dozens of us...DOZENS! But seriously here's to my fellow Warhammer women 🥂,Hobby,3254,117,https://reddit.com/r/Warhammer/comments/1j6hmxe/there_are_literally_dozens_of_usdozens_but/,Hobby & Painting
vuetn6,Warhammer,2022-07-08,2022-07,2022,Angron Revealed!,News,3231,280,https://reddit.com/r/Warhammer/comments/vuetn6/angron_revealed/,New Releases & News
1gb3qry,Warhammer,2024-10-24,2024-10,2024,"Why do Nurgle minis have more ""change"" than Tzeench??",Discussion,3229,305,https://reddit.com/r/Warhammer/comments/1gb3qry/why_do_nurgle_minis_have_more_change_than_tzeench/,General Discussion
1f8o2s5,Warhammer,2024-09-04,2024-09,2024,What does a skeleton and Taylor Swift have in common?,Art,3226,102,https://reddit.com/r/Warhammer/comments/1f8o2s5/what_does_a_skeleton_and_taylor_swift_have_in/,General Discussion
1g4fq36,Warhammer,2024-10-15,2024-10,2024,Landraider lotd theme almost done ,Hobby,3203,96,https://reddit.com/r/Warhammer/comments/1g4fq36/landraider_lotd_theme_almost_done/,Hobby & Painting
1eqc70t,Warhammer,2024-08-12,2024-08,2024,Just a small comparison...,Discussion,3201,474,https://reddit.com/r/Warhammer/comments/1eqc70t/just_a_small_comparison/,General Discussion
1034p4v,Warhammer,2023-01-04,2023-01,2023,New Cadian Upgrade sprue,News,3174,182,https://reddit.com/r/Warhammer/comments/1034p4v/new_cadian_upgrade_sprue/,General Discussion
1haxpka,Warhammer,2024-12-10,2024-12,2024,"Because some people need to see it to believe it, Cavill still working on the WH Amazon project. Rumors otherwise were just clickbait.",News,3158,190,https://reddit.com/r/Warhammer/comments/1haxpka/because_some_people_need_to_see_it_to_believe_it/,General Discussion
12qhfmq,Warhammer,2023-04-18,2023-04,2023,Came across this on my phone.,Discussion,3150,61,https://reddit.com/r/Warhammer/comments/12qhfmq/came_across_this_on_my_phone/,General Discussion
x6x39r,Warhammer,2022-09-06,2022-09,2022,We spotted a hugh-value target,Joke,3138,54,https://reddit.com/r/Warhammer/comments/x6x39r/we_spotted_a_hughvalue_target/,Community & Humour
1ismwcw,Warhammer,2025-02-18,2025-02,2025,Praise the Omnissiah,Art,3133,66,https://reddit.com/r/Warhammer/comments/1ismwcw/praise_the_omnissiah/,Lore & Narrative
1j23n0c,Warhammer,2025-03-02,2025-03,2025,When forge worlds are taken by chaos,Art,3127,22,https://reddit.com/r/Warhammer/comments/1j23n0c/when_forge_worlds_are_taken_by_chaos/,General Discussion
1195u5u,Warhammer,2023-02-22,2023-02,2023,Monty Python x Warhammer - King Arthur the Undead,Hobby,3132,78,https://reddit.com/r/Warhammer/comments/1195u5u/monty_python_x_warhammer_king_arthur_the_undead/,Hobby & Painting
1gd41m6,Warhammer,2024-10-27,2024-10,2024,My local Warhammer shop keeps stock behind the counter—does anyone else find it uncomfortable to keep asking to see items up close?,Discussion,3120,359,https://reddit.com/r/Warhammer/comments/1gd41m6/my_local_warhammer_shop_keeps_stock_behind_the/,General Discussion
u4c5dx,Warhammer,2022-04-15,2022-04,2022,Who said Warhammer couldn’t be cultured? Cursed city zombie painted by the wife!,Hobby,3120,30,https://reddit.com/r/Warhammer/comments/u4c5dx/who_said_warhammer_couldnt_be_cultured_cursed/,Hobby & Painting
1drimb6,Warhammer,2024-06-29,2024-06,2024,Greenskins before the Warhammerlarp game,Hobby,3118,72,https://reddit.com/r/Warhammer/comments/1drimb6/greenskins_before_the_warhammerlarp_game/,Hobby & Painting
12xajwq,Warhammer,2023-04-24,2023-04,2023,The Gate Crushers – LGBT themed Space Marines squad (+ paint recipe for the main colors),Hobby,3109,346,https://reddit.com/r/Warhammer/comments/12xajwq/the_gate_crushers_lgbt_themed_space_marines_squad/,Hobby & Painting
1g88sbk,Warhammer,2024-10-20,2024-10,2024,"Indeed, he rules",Joke,3110,77,https://reddit.com/r/Warhammer/comments/1g88sbk/indeed_he_rules/,Community & Humour
12d4bjb,Warhammer,2023-04-06,2023-04,2023,Artist spotlight: @fancykelvin (insta),Art,3110,34,https://reddit.com/r/Warhammer/comments/12d4bjb/artist_spotlight_fancykelvin_insta/,General Discussion
1exxh86,Warhammer,2024-08-21,2024-08,2024,One of the best faces I've ever painted!,Hobby,3108,64,https://reddit.com/r/Warhammer/comments/1exxh86/one_of_the_best_faces_ive_ever_painted/,Hobby & Painting
1grakys,Warhammer,2024-11-14,2024-11,2024,So they’ve reduced the size but increased the price? Wtf GW,Discussion,3090,434,https://reddit.com/r/Warhammer/comments/1grakys/so_theyve_reduced_the_size_but_increased_the/,General Discussion
12gchuq,Warhammer,2023-04-09,2023-04,2023,"My friend is leaving the country and sadly he'll have to leave his beloved cat ""Keh"" behind with his family. I wanted to paint this Mindstealer Sphiranx for him to take on his travels.",Hobby,3082,37,https://reddit.com/r/Warhammer/comments/12gchuq/my_friend_is_leaving_the_country_and_sadly_hell/,Hobby & Painting
1ginyts,Warhammer,2024-11-03,2024-11,2024,Champion of the emperor nmm,Hobby,3070,48,https://reddit.com/r/Warhammer/comments/1ginyts/champion_of_the_emperor_nmm/,Hobby & Painting
1g00im5,Warhammer,2024-10-09,2024-10,2024,Rate my gift to my boyfriend for our 2 year anniversary ,Gaming,3059,267,https://reddit.com/r/Warhammer/comments/1g00im5/rate_my_gift_to_my_boyfriend_for_our_2_year/,General Discussion
zhm3ui,Warhammer,2022-12-10,2022-12,2022,"Standards. My latest comic, I hope you enjoy!",Joke,3062,259,https://reddit.com/r/Warhammer/comments/zhm3ui/standards_my_latest_comic_i_hope_you_enjoy/,Community & Humour
1de87a8,Warhammer,2024-06-12,2024-06,2024,Photography and Reality,Discussion,3045,198,https://reddit.com/r/Warhammer/comments/1de87a8/photography_and_reality/,General Discussion
1gkyclt,Warhammer,2024-11-06,2024-11,2024,GW’s Votann vs My Nighthaunt Votann,Hobby,3037,41,https://reddit.com/r/Warhammer/comments/1gkyclt/gws_votann_vs_my_nighthaunt_votann/,Hobby & Painting
x9wvt2,Warhammer,2022-09-09,2022-09,2022,Dragonbreath!,Hobby,3031,63,https://reddit.com/r/Warhammer/comments/x9wvt2/dragonbreath/,Hobby & Painting
13g9zv0,Warhammer,2023-05-13,2023-05,2023,"Sticking to the plan! my latest comic, I hope y'all enjoy!",Art,3033,75,https://reddit.com/r/Warhammer/comments/13g9zv0/sticking_to_the_plan_my_latest_comic_i_hope_yall/,General Discussion
1fkxmp7,Warhammer,2024-09-19,2024-09,2024,An f-bomb in The Tithes,Lore,3014,208,https://reddit.com/r/Warhammer/comments/1fkxmp7/an_fbomb_in_the_tithes/,Lore & Narrative
yj28d6,Warhammer,2022-11-01,2022-11,2022,The REAL lord solar we deserve,Joke,3012,80,https://reddit.com/r/Warhammer/comments/yj28d6/the_real_lord_solar_we_deserve/,Community & Humour
z12piz,Warhammer,2022-11-21,2022-11,2022,Those surgeon gloves.... man Eavy metal team is gud!,News,3003,95,https://reddit.com/r/Warhammer/comments/z12piz/those_surgeon_gloves_man_eavy_metal_team_is_gud/,General Discussion
13lxssr,Warhammer,2023-05-19,2023-05,2023,The flood in italy hit my house and the only thing i manage to save was one of my first miniatures. For Sigmar!,Hobby,2987,95,https://reddit.com/r/Warhammer/comments/13lxssr/the_flood_in_italy_hit_my_house_and_the_only/,Hobby & Painting
104vdm1,Warhammer,2023-01-06,2023-01,2023,Very novice painter but really pleased with how this turned out!,Hobby,2991,100,https://reddit.com/r/Warhammer/comments/104vdm1/very_novice_painter_but_really_pleased_with_how/,Hobby & Painting
1dbgkhv,Warhammer,2024-06-09,2024-06,2024,A dastardly skaven attack on the imperial settlement in Warhammerlarp,Hobby,2981,104,https://reddit.com/r/Warhammer/comments/1dbgkhv/a_dastardly_skaven_attack_on_the_imperial/,Hobby & Painting
v6npok,Warhammer,2022-06-07,2022-06,2022,Finished Teclis' cape! 🌌,Hobby,2950,49,https://reddit.com/r/Warhammer/comments/v6npok/finished_teclis_cape/,Hobby & Painting
sbr58s,Warhammer,2022-01-24,2022-01,2022,My teacher won all of this for my school warhammer club through doing a survey,Hobby,2936,109,https://reddit.com/r/Warhammer/comments/sbr58s/my_teacher_won_all_of_this_for_my_school/,Hobby & Painting
13qh434,Warhammer,2023-05-24,2023-05,2023,Someone had to get the truth out there,Art,2931,64,https://reddit.com/r/Warhammer/comments/13qh434/someone_had_to_get_the_truth_out_there/,General Discussion
12ph1m4,Warhammer,2023-04-17,2023-04,2023,New Terminator Librarian,News,2925,180,https://reddit.com/r/Warhammer/comments/12ph1m4/new_terminator_librarian/,General Discussion
1fs76ik,Warhammer,2024-09-29,2024-09,2024,This fully mechanical (rubber band powered) printed foam dart blaster,Art,2904,36,https://reddit.com/r/Warhammer/comments/1fs76ik/this_fully_mechanical_rubber_band_powered_printed/,General Discussion
1inxozv,Warhammer,2025-02-12,2025-02,2025,Nice to see a small local shop selling warhammer,Discussion,2893,109,https://reddit.com/r/Warhammer/comments/1inxozv/nice_to_see_a_small_local_shop_selling_warhammer/,General Discussion
10v8rft,Warhammer,2023-02-06,2023-02,2023,New Seraphon Astrolith Bearer,News,2885,96,https://reddit.com/r/Warhammer/comments/10v8rft/new_seraphon_astrolith_bearer/,General Discussion
1g0ebah,Warhammer,2024-10-10,2024-10,2024,"Iron Within, Iron Without",Hobby,2890,50,https://reddit.com/r/Warhammer/comments/1g0ebah/iron_within_iron_without/,Hobby & Painting
v9s8rb,Warhammer,2022-06-11,2022-06,2022,A comic I made! I'll be posting one every 2 weeks-ish for people to enjoy :D,Joke,2877,39,https://reddit.com/r/Warhammer/comments/v9s8rb/a_comic_i_made_ill_be_posting_one_every_2/,Community & Humour
1hq8gc7,Warhammer,2024-12-31,2024-12,2024,Laughing God Cegorach!,Hobby,2873,61,https://reddit.com/r/Warhammer/comments/1hq8gc7/laughing_god_cegorach/,Hobby & Painting
vk9ex7,Warhammer,2022-06-25,2022-06,2022,GOTTA GO FAST! My latest comic and I hope it's to your liking.,Joke,2871,55,https://reddit.com/r/Warhammer/comments/vk9ex7/gotta_go_fast_my_latest_comic_and_i_hope_its_to/,Community & Humour
zt04p2,Warhammer,2022-12-22,2022-12,2022,Anyone else hate dropper bottles? 😤,Discussion,2849,263,https://reddit.com/r/Warhammer/comments/zt04p2/anyone_else_hate_dropper_bottles/,General Discussion
1fszqyx,Warhammer,2024-09-30,2024-09,2024,Vermintide straight out of London ,Art,2841,22,https://reddit.com/r/Warhammer/comments/1fszqyx/vermintide_straight_out_of_london/,General Discussion
1gsqeiq,Warhammer,2024-11-16,2024-11,2024,Close to a month away,Joke,2831,16,https://reddit.com/r/Warhammer/comments/1gsqeiq/close_to_a_month_away/,Community & Humour
12decbr,Warhammer,2023-04-06,2023-04,2023,Its true ...all of it,Joke,2826,185,https://reddit.com/r/Warhammer/comments/12decbr/its_true_all_of_it/,Community & Humour
xzhose,Warhammer,2022-10-09,2022-10,2022,wait a minute,Discussion,2824,136,https://reddit.com/r/Warhammer/comments/xzhose/wait_a_minute/,General Discussion
t8axo8,Warhammer,2022-03-06,2022-03,2022,Warhammer World 25th Anniversary Today - 30 Mins - Keep what you build (this was amazing),Hobby,2824,101,https://reddit.com/r/Warhammer/comments/t8axo8/warhammer_world_25th_anniversary_today_30_mins/,Hobby & Painting
1967h9n,Warhammer,2024-01-14,2024-01,2024,Need some advice here. Does the shield read as metal? I’ve been told it doesn’t. Any suggestions?,Hobby,2813,235,https://reddit.com/r/Warhammer/comments/1967h9n/need_some_advice_here_does_the_shield_read_as/,Hobby & Painting
10jdgs4,Warhammer,2023-01-23,2023-01,2023,R-VR Cyber-mastiff revealed,News,2820,87,https://reddit.com/r/Warhammer/comments/10jdgs4/rvr_cybermastiff_revealed/,New Releases & News
wwhxj5,Warhammer,2022-08-24,2022-08,2022,"Behold, my stuff! 80k Points of Imperium, 966 Painted Models.",Hobby,2811,127,https://reddit.com/r/Warhammer/comments/wwhxj5/behold_my_stuff_80k_points_of_imperium_966/,Hobby & Painting
12fj3on,Warhammer,2023-04-08,2023-04,2023,Colour scheme test for 30k Fists (used a spare Primaris model),Hobby,2806,51,https://reddit.com/r/Warhammer/comments/12fj3on/colour_scheme_test_for_30k_fists_used_a_spare/,Hobby & Painting
zqivgl,Warhammer,2022-12-20,2022-12,2022,"Got new Skaven sleeve this year, it took 16 hours in two sessions",Art,2806,62,https://reddit.com/r/Warhammer/comments/zqivgl/got_new_skaven_sleeve_this_year_it_took_16_hours/,General Discussion
1fe3aj8,Warhammer,2024-09-11,2024-09,2024,“Do you wish to set Google Chrome as your default Space Marine?”,Joke,2792,61,https://reddit.com/r/Warhammer/comments/1fe3aj8/do_you_wish_to_set_google_chrome_as_your_default/,Community & Humour
13hf7dt,Warhammer,2023-05-14,2023-05,2023,It do be like that sometimes.,Joke,2786,81,https://reddit.com/r/Warhammer/comments/13hf7dt/it_do_be_like_that_sometimes/,Community & Humour
