post_id,subreddit,date,month,title,score,num_comments,url,flair
100x5dz,Warhammer,2023-01-01,2023-01,"Hey reddit, anyone know of a flgs in the Scarborough to Brisbane area (Queensland, AUS) that has a younger (teenage) group that plays Kill team or other tabletop games, looking for a place to play, any suggestions welcome.",1,2,https://reddit.com/r/Warhammer/comments/100x5dz/hey_reddit_anyone_know_of_a_flgs_in_the/,Gaming
101gq0u,Warhammer,2023-01-02,2023-01,Wrapped up this Invictarus Suzerain unit for my Ultramarines in Horus Heresy. This unit was the final models I painted in 2022 and were painted as an example entry for a painting contest I'm helping run at my LGS in Chicago.,10,0,https://reddit.com/r/Warhammer/comments/101gq0u/wrapped_up_this_invictarus_suzerain_unit_for_my/,Hobby
102o5sp,Warhammer,2023-01-04,2023-01,my husband and I went to a game store today that's closing down so everything was 25%. I can't believe I was able to find the Sorrowmourn Choir! Really excited to start playing Warhammer with my ghosties!,74,11,https://reddit.com/r/Warhammer/comments/102o5sp/my_husband_and_i_went_to_a_game_store_today_thats/,Gaming
1049x57,Warhammer,2023-01-05,2023-01,A skink ambush on a high elf patrol - my entry to a monthly painting contest held by our local GW store,12,0,https://reddit.com/r/Warhammer/comments/1049x57/a_skink_ambush_on_a_high_elf_patrol_my_entry_to_a/,Hobby
105yhws,Warhammer,2023-01-07,2023-01,Can anyone help my girlfriend and I identify this treasure chest? We found it in a bitz box at our FLGS.,61,9,https://reddit.com/r/Warhammer/comments/105yhws/can_anyone_help_my_girlfriend_and_i_identify_this/,Hobby
108dc06,Warhammer,2023-01-10,2023-01,This Ultramarines Spartan is the first model I painted in 2023 and was painted as an example entry for a painting contest I'm helping run at my LGS in Chicago.,74,0,https://reddit.com/r/Warhammer/comments/108dc06/this_ultramarines_spartan_is_the_first_model_i/,Hobby
10en3rk,Warhammer,2023-01-17,2023-01,$10 Holy Grail in a small town hobby shop,2446,65,https://reddit.com/r/Warhammer/comments/10en3rk/10_holy_grail_in_a_small_town_hobby_shop/,Hobby
10m60xv,Warhammer,2023-01-26,2023-01,The Warhammer Store in Olympia Washington is a joke.,0,2,https://reddit.com/r/Warhammer/comments/10m60xv/the_warhammer_store_in_olympia_washington_is_a/,Joke
10mwmi1,Warhammer,2023-01-27,2023-01,Small game shop in Michigan!,1,0,https://reddit.com/r/Warhammer/comments/10mwmi1/small_game_shop_in_michigan/,News
10nd2dj,Warhammer,2023-01-28,2023-01,Great find at my local charity store.,48,6,https://reddit.com/r/Warhammer/comments/10nd2dj/great_find_at_my_local_charity_store/,Hobby
10oixbl,Warhammer,2023-01-29,2023-01,Found this at a hobby shop loaded with relics of the past,228,20,https://reddit.com/r/Warhammer/comments/10oixbl/found_this_at_a_hobby_shop_loaded_with_relics_of/,Hobby
10tug45,Warhammer,2023-02-04,2023-02,What were some unique events that your FLGS did?,4,1,https://reddit.com/r/Warhammer/comments/10tug45/what_were_some_unique_events_that_your_flgs_did/,Discussion
110aly9,Warhammer,2023-02-12,2023-02,"Mutie the Pig, Owner and Operator of Mutie the Pig Slaving Co. (LLC) - outcast gang leader for Necromunda Ash Wastes Campaign at FLGS",7,0,https://reddit.com/r/Warhammer/comments/110aly9/mutie_the_pig_owner_and_operator_of_mutie_the_pig/,Hobby
118lwhv,Warhammer,2023-02-22,2023-02,"Last Saturday, I ran an attrition styled Horus Heresy Narrative Gaming Day at my LGS in Chicago. Here's some photos of some of the games we played!",31,2,https://reddit.com/r/Warhammer/comments/118lwhv/last_saturday_i_ran_an_attrition_styled_horus/,Gaming
11a1008,Warhammer,2023-02-23,2023-02,Is it worth it? Found in local game store and I haven’t started my collection yet. Are Grey Knights a relatively easy army to play? Point value when I looked it up is near 500 points.,453,158,https://reddit.com/r/Warhammer/comments/11a1008/is_it_worth_it_found_in_local_game_store_and_i/,Hobby
11bql8a,Warhammer,2023-02-25,2023-02,"So GW screwed me good, as I opened my box of gaunts and only found 11 bases. My local nerd store had a spare base the same size, but how do I make the hole?",67,53,https://reddit.com/r/Warhammer/comments/11bql8a/so_gw_screwed_me_good_as_i_opened_my_box_of/,Hobby
11br597,Warhammer,2023-02-25,2023-02,"So GW screwed me good, as I opened my box of gaunts and only found 11 bases. My local nerd store had a spare base the same size, but how do I make the hole?",0,3,https://reddit.com/r/Warhammer/comments/11br597/so_gw_screwed_me_good_as_i_opened_my_box_of/,Hobby
11ed8s3,Warhammer,2023-02-28,2023-02,Just completed this 13th Legion Praetorian Breacher Squad for my Horus Heresy army. This unit was painted as an example entry for a painting contest I'm helping run at my LGS in Chicago.,12,2,https://reddit.com/r/Warhammer/comments/11ed8s3/just_completed_this_13th_legion_praetorian/,Hobby
11eeptp,Warhammer,2023-02-28,2023-02,*Shitpost* A guy at my local game store kept taking boxes off shelves and trying to convince me how good different bad units are. He kept talking about how awesome Land Raiders and Heldrakes are. I later discovered he's the son of the owner and he just hangs out there trying to talk up trash models,0,4,https://reddit.com/r/Warhammer/comments/11eeptp/shitpost_a_guy_at_my_local_game_store_kept_taking/,Joke
11oonv1,Warhammer,2023-03-11,2023-03,"Got these as a gift when randomly visiting a Warhammer store. I don't know anything Warhammer, but I'd love to try painting these guys. Any tips for absolute beginners at painting minitures?",58,19,https://reddit.com/r/Warhammer/comments/11oonv1/got_these_as_a_gift_when_randomly_visiting_a/,Discussion
11ob9fh,Warhammer,2023-03-11,2023-03,anyone know who this is? model of the month of Feb for my local wh store,13,2,https://reddit.com/r/Warhammer/comments/11ob9fh/anyone_know_who_this_is_model_of_the_month_of_feb/,Discussion
11r1t7i,Warhammer,2023-03-14,2023-03,what happened to my FLGS and what do I do,1,0,https://reddit.com/r/Warhammer/comments/11r1t7i/what_happened_to_my_flgs_and_what_do_i_do/,Gaming
11ucezb,Warhammer,2023-03-18,2023-03,"Hello all! This is my first chaos knight I got as a lgs rescue as it’s got some bits missing, I know I’m not the best painter so go easy on me, I tried doing a grim dark scheme on this custom household of chaos knight",2,0,https://reddit.com/r/Warhammer/comments/11ucezb/hello_all_this_is_my_first_chaos_knight_i_got_as/,Hobby
11wjzpb,Warhammer,2023-03-20,2023-03,"I won a Primaris Chaplain on Bike at my FLGS, now what?",0,0,https://reddit.com/r/Warhammer/comments/11wjzpb/i_won_a_primaris_chaplain_on_bike_at_my_flgs_now/,Gaming
12aqhjp,Warhammer,2023-04-03,2023-04,Completed three Ultramarines Predators with Volkite Macro-Sakers as an example entry for a painting contest I'm helping run at my LGS in Chicago.,35,0,https://reddit.com/r/Warhammer/comments/12aqhjp/completed_three_ultramarines_predators_with/,Hobby
12bvh2s,Warhammer,2023-04-04,2023-04,question about painting in warhammer store,3,6,https://reddit.com/r/Warhammer/comments/12bvh2s/question_about_painting_in_warhammer_store/,Discussion
12bz8g1,Warhammer,2023-04-04,2023-04,Did I find a possible warhammer fantasy goldmine at my local store ?,12,11,https://reddit.com/r/Warhammer/comments/12bz8g1/did_i_find_a_possible_warhammer_fantasy_goldmine/,Hobby
12d4936,Warhammer,2023-04-06,2023-04,Recently Finished My First Commission and Largest Project Ever for My FLGS,26,7,https://reddit.com/r/Warhammer/comments/12d4936/recently_finished_my_first_commission_and_largest/,Hobby
12f3dyt,Warhammer,2023-04-07,2023-04,can someone help me identify this? found it in a box of used models at my LGS,1,0,https://reddit.com/r/Warhammer/comments/12f3dyt/can_someone_help_me_identify_this_found_it_in_a/,Hobby
12g164z,Warhammer,2023-04-08,2023-04,"Just wanted to share my recent project, Megaboss on Mawcrusha, on the 1 year Anniversary of my local Warhammer Store and the anniversary of me getting into the hobby!",2,0,https://reddit.com/r/Warhammer/comments/12g164z/just_wanted_to_share_my_recent_project_megaboss/,Hobby
12hxy6a,Warhammer,2023-04-10,2023-04,Went to a new LGS and picked up some cool new Oldhammer projects!,10,0,https://reddit.com/r/Warhammer/comments/12hxy6a/went_to_a_new_lgs_and_picked_up_some_cool_new/,Hobby
12l1jnp,Warhammer,2023-04-13,2023-04,"Local thrift store score of the day! Found for only $20, still sealed!",498,22,https://reddit.com/r/Warhammer/comments/12l1jnp/local_thrift_store_score_of_the_day_found_for/,Hobby
12smuzn,Warhammer,2023-04-20,2023-04,Gunpla/Gundam and fine art person who has been curious about Warhammer and minis since I was eight I just went into the hobby and game store to just look and swore to my fiancé and mom I would not get addicted and buy more stuff. this is how THAT went.,0,1,https://reddit.com/r/Warhammer/comments/12smuzn/gunplagundam_and_fine_art_person_who_has_been/,Joke
131pv5l,Warhammer,2023-04-28,2023-04,Poll for army I use (based on the armies I own) at last 9th Edition event at my local store.,1,1,https://reddit.com/r/Warhammer/comments/131pv5l/poll_for_army_i_use_based_on_the_armies_i_own_at/,Gaming
132zp6l,Warhammer,2023-04-29,2023-04,Hosting our yearly Horus Heresy Apocalypse game at my LGS in Chicago. We are celebrating a great year for our Heresy community. Here is what deployment looks like!,92,6,https://reddit.com/r/Warhammer/comments/132zp6l/hosting_our_yearly_horus_heresy_apocalypse_game/,Gaming
135qm7n,Warhammer,2023-05-02,2023-05,"On Saturday, we hosted a roughly 30,000 point Horus Heresy Apocalypse Game at my LGS in Chicago. This game was to celebrate the first year with the rules (off by a little due to scheduling) and our communities growth since the new rules dropping!",38,3,https://reddit.com/r/Warhammer/comments/135qm7n/on_saturday_we_hosted_a_roughly_30000_point_horus/,Gaming
136xjop,Warhammer,2023-05-03,2023-05,Got a free Ironbreaker from my LGS the other day. Finished him up just now.,277,7,https://reddit.com/r/Warhammer/comments/136xjop/got_a_free_ironbreaker_from_my_lgs_the_other_day/,Hobby
13dtczy,Warhammer,2023-05-10,2023-05,Completed these three Ultramarines Javelin Attack Speeders recently as an example entry for a monthly painting contest I'm helping run at my LGS in Chicago.,23,0,https://reddit.com/r/Warhammer/comments/13dtczy/completed_these_three_ultramarines_javelin_attack/,Hobby
13gtewz,Warhammer,2023-05-13,2023-05,Finished a funky boy today for a warhammer store competition,144,3,https://reddit.com/r/Warhammer/comments/13gtewz/finished_a_funky_boy_today_for_a_warhammer_store/,Hobby
13irl7g,Warhammer,2023-05-16,2023-05,"POV: It's the summer of 2000, you just grabbed the new Codex: Armageddon from your FLGS, and you're leafing through it to check out all the new Steel Legion models",50,4,https://reddit.com/r/Warhammer/comments/13irl7g/pov_its_the_summer_of_2000_you_just_grabbed_the/,Hobby
13j0use,Warhammer,2023-05-16,2023-05,"Current progress on my first ever mini commission 😁 request is storm clouds and lightning on the wing topsides of 2 Stormdrakes. Happy so far! Clouds will be begun tomorrow, after I restock a few paint colours (local store not open today) bio-titan photos included 😝",30,2,https://reddit.com/r/Warhammer/comments/13j0use/current_progress_on_my_first_ever_mini_commission/,Hobby
13lnsqn,Warhammer,2023-05-19,2023-05,Warhammer store in London,4,6,https://reddit.com/r/Warhammer/comments/13lnsqn/warhammer_store_in_london/,Hobby
13lsbf4,Warhammer,2023-05-19,2023-05,Warhammer store,36,6,https://reddit.com/r/Warhammer/comments/13lsbf4/warhammer_store/,Discussion
13o30ic,Warhammer,2023-05-21,2023-05,Mr MLG tells you about the latest Games Workshop announcements of pre orders #warhammer #warhammerAOS #aos #flgs #lgs #gwnews #gamesWorkshop,0,4,https://reddit.com/r/Warhammer/comments/13o30ic/mr_mlg_tells_you_about_the_latest_games_workshop/,Discussion
13o9dhc,Warhammer,2023-05-21,2023-05,"Today we hosted a ~20,000 points Zone Mortalis Horus Heresy Megabattle at my LGS in Chicago. This game was a farewell party to one of our community members who's moving away. Here's deployment!",750,18,https://reddit.com/r/Warhammer/comments/13o9dhc/today_we_hosted_a_20000_points_zone_mortalis/,Gaming
13pwcim,Warhammer,2023-05-23,2023-05,Cadia Stands! (at my local grocery store),3,2,https://reddit.com/r/Warhammer/comments/13pwcim/cadia_stands_at_my_local_grocery_store/,Joke
13qwe0m,Warhammer,2023-05-24,2023-05,"Last weekend my LGS in Chicago hosted a ~20,000 point Zone Mortalis Megabattle to say goodbye to a community members who's moving. We got 6 full turns in and had a great time, here's some photos of the game!",17,1,https://reddit.com/r/Warhammer/comments/13qwe0m/last_weekend_my_lgs_in_chicago_hosted_a_20000/,Gaming
13rx0u5,Warhammer,2023-05-25,2023-05,The Beastlord - Finished Entry for Local GW Store Golden Troll Competition,104,5,https://reddit.com/r/Warhammer/comments/13rx0u5/the_beastlord_finished_entry_for_local_gw_store/,Hobby
13yp9ip,Warhammer,2023-06-02,2023-06,Help me open a game store,1,0,https://reddit.com/r/Warhammer/comments/13yp9ip/help_me_open_a_game_store/,Gaming
13zgg5d,Warhammer,2023-06-03,2023-06,Local store Armies on Parade - what do these challenges mean?,2,2,https://reddit.com/r/Warhammer/comments/13zgg5d/local_store_armies_on_parade_what_do_these/,Hobby
146rw7d,Warhammer,2023-06-11,2023-06,unboxing and painting Lady Annika for Warhammer Age Of Sigmar #warhammer #aos #flgs #lgs #warhammercommunity #paintingMiniatures,2,1,https://reddit.com/r/Warhammer/comments/146rw7d/unboxing_and_painting_lady_annika_for_warhammer/,Hobby
1497wtk,Warhammer,2023-06-14,2023-06,Warhammer store etiquette,183,72,https://reddit.com/r/Warhammer/comments/1497wtk/warhammer_store_etiquette/,Discussion
14afddx,Warhammer,2023-06-15,2023-06,Midnight launch of Leviathan at my FLGS. Should this be my outfit? (Winter here),1,0,https://reddit.com/r/Warhammer/comments/14afddx/midnight_launch_of_leviathan_at_my_flgs_should/,Joke
14cnfre,Warhammer,2023-06-18,2023-06,"Managed to grab this in local store, last sealed box they had!",36,0,https://reddit.com/r/Warhammer/comments/14cnfre/managed_to_grab_this_in_local_store_last_sealed/,Hobby
14ed3xd,Warhammer,2023-06-20,2023-06,Just completed this Ultramarines Praetor as an example entry for a monthly painting contest I help run at my LGS in Chicago.,110,3,https://reddit.com/r/Warhammer/comments/14ed3xd/just_completed_this_ultramarines_praetor_as_an/,Hobby
14guet3,Warhammer,2023-06-23,2023-06,"My FLGS had a painting competition themed on ""movie references"", here's my entry !",21,2,https://reddit.com/r/Warhammer/comments/14guet3/my_flgs_had_a_painting_competition_themed_on/,Hobby
14h6uir,Warhammer,2023-06-23,2023-06,Leviathan terminator WIP for my FLGS promo box,5,1,https://reddit.com/r/Warhammer/comments/14h6uir/leviathan_terminator_wip_for_my_flgs_promo_box/,Hobby
14hxxyu,Warhammer,2023-06-24,2023-06,Looking for a FLGS around central Florida,3,4,https://reddit.com/r/Warhammer/comments/14hxxyu/looking_for_a_flgs_around_central_florida/,Gaming
14hx5xw,Warhammer,2023-06-24,2023-06,"To celebrate 10th Editions launch we are hosting a farewell to 9th Edition Apocalypse game at my LGS in Chicago. There’s roughly 111,000 points at play with 18 players.",1321,68,https://reddit.com/r/Warhammer/comments/14hx5xw/to_celebrate_10th_editions_launch_we_are_hosting/,Gaming
14i8wu0,Warhammer,2023-06-25,2023-06,"After 9 hours of gaming, and getting 3 full turns of play in, here's a final look at our farewell to 9th Edition Apocalypse Game at my LGS in Chicago. Ultimately both teams miraculously tied.",1244,64,https://reddit.com/r/Warhammer/comments/14i8wu0/after_9_hours_of_gaming_and_getting_3_full_turns/,Gaming
14jwss6,Warhammer,2023-06-26,2023-06,farewell to 9th Edition Apocalypse game at my LGS in Chicago. we welcomed in 10th with massive game over 111k points.,47,4,https://reddit.com/r/Warhammer/comments/14jwss6/farewell_to_9th_edition_apocalypse_game_at_my_lgs/,Gaming
14l1vi2,Warhammer,2023-06-28,2023-06,"Does anyone know how to transport big miniatures, such as a tank or dreadnought, to a place like a hobby shop where you play games of warhammer. Without the miniature getting broken?",2,8,https://reddit.com/r/Warhammer/comments/14l1vi2/does_anyone_know_how_to_transport_big_miniatures/,Discussion
14od5d3,Warhammer,2023-07-02,2023-07,Do u guys get forge world items at your local game store or do u have to buy it off the website.,2,8,https://reddit.com/r/Warhammer/comments/14od5d3/do_u_guys_get_forge_world_items_at_your_local/,Discussion
14v419m,Warhammer,2023-07-09,2023-07,anyone else's FLGS having trouble getting shipments?,9,8,https://reddit.com/r/Warhammer/comments/14v419m/anyone_elses_flgs_having_trouble_getting_shipments/,Discussion
14w3sgb,Warhammer,2023-07-10,2023-07,POV: The only Warhammer store you can get to (3 1/2hrs away) closed early that day.,596,138,https://reddit.com/r/Warhammer/comments/14w3sgb/pov_the_only_warhammer_store_you_can_get_to_3/,Discussion
14xcwuj,Warhammer,2023-07-12,2023-07,What characters are these? They’re used at my LGS,250,53,https://reddit.com/r/Warhammer/comments/14xcwuj/what_characters_are_these_theyre_used_at_my_lgs/,Discussion
150u8bb,Warhammer,2023-07-16,2023-07,Battle for the Warrens (Horus Heresy Tallarn Campaign) FLGS Horus Heresy Demo Day - link to more pics on imgur in first image,6,0,https://reddit.com/r/Warhammer/comments/150u8bb/battle_for_the_warrens_horus_heresy_tallarn/,Gaming
152vbv2,Warhammer,2023-07-18,2023-07,Lgs had this last sternguard box laying around,44,3,https://reddit.com/r/Warhammer/comments/152vbv2/lgs_had_this_last_sternguard_box_laying_around/,Hobby
155z7bd,Warhammer,2023-07-21,2023-07,Just opened my own Warhammer store :),1721,23,https://reddit.com/r/Warhammer/comments/155z7bd/just_opened_my_own_warhammer_store/,Discussion
156ky5u,Warhammer,2023-07-22,2023-07,Mini of the month requires assembly in Warhammer store?,59,118,https://reddit.com/r/Warhammer/comments/156ky5u/mini_of_the_month_requires_assembly_in_warhammer/,Hobby
156wwae,Warhammer,2023-07-22,2023-07,POV: You just walked into a GW/Warhammer Store,6,1,https://reddit.com/r/Warhammer/comments/156wwae/pov_you_just_walked_into_a_gwwarhammer_store/,Joke
157mqx6,Warhammer,2023-07-23,2023-07,My angels of redemption infernus marine I painted for a competition at my local game shop,89,5,https://reddit.com/r/Warhammer/comments/157mqx6/my_angels_of_redemption_infernus_marine_i_painted/,Hobby
15efy0z,Warhammer,2023-07-31,2023-07,Just finished up this squad of Ultramarines Indomtius Terminators from the Leviathan boxset. These models were painted as part of an example entry for a painting contest I'm helping run at my LGS in Chicago.,58,4,https://reddit.com/r/Warhammer/comments/15efy0z/just_finished_up_this_squad_of_ultramarines/,Hobby
161sd6f,Warhammer,2023-08-26,2023-08,Went to my nearest game store and bought a few things,12,3,https://reddit.com/r/Warhammer/comments/161sd6f/went_to_my_nearest_game_store_and_bought_a_few/,Hobby
1642fom,Warhammer,2023-08-28,2023-08,"On Saturday, I help run a Horus Heresy Narrative Gaming Day at my LGS in Chicago. The special event rules were based on Food Network's ""Cutthroat Kitchen"" and everyone had a blast. Here are some photos from the event.",20,2,https://reddit.com/r/Warhammer/comments/1642fom/on_saturday_i_help_run_a_horus_heresy_narrative/,Gaming
166y9kv,Warhammer,2023-09-01,2023-09,What is this thing? Spotted at my local Games Workshop store,496,28,https://reddit.com/r/Warhammer/comments/166y9kv/what_is_this_thing_spotted_at_my_local_games/,Hobby
168pld8,Warhammer,2023-09-03,2023-09,"Did your local store also ruled this as ""buy""",0,4,https://reddit.com/r/Warhammer/comments/168pld8/did_your_local_store_also_ruled_this_as_buy/,Discussion
169wg95,Warhammer,2023-09-04,2023-09,"Painted up some 7th Company Infernus Marines for my Ultramarines, this unit was painted as an example entry for a monthly painting contest I help run at my LGS in Chicago.",38,0,https://reddit.com/r/Warhammer/comments/169wg95/painted_up_some_7th_company_infernus_marines_for/,Hobby
16an2be,Warhammer,2023-09-05,2023-09,"Any FLGS's in St. Petersburg, FL, U.S.?",0,0,https://reddit.com/r/Warhammer/comments/16an2be/any_flgss_in_st_petersburg_fl_us/,Gaming
16c5z70,Warhammer,2023-09-07,2023-09,How do you store and transport your warhammer 40k miniatures?,0,15,https://reddit.com/r/Warhammer/comments/16c5z70/how_do_you_store_and_transport_your_warhammer_40k/,Discussion
16e1qtt,Warhammer,2023-09-09,2023-09,Local store had a 20% discount,0,24,https://reddit.com/r/Warhammer/comments/16e1qtt/local_store_had_a_20_discount/,Hobby
16g2thm,Warhammer,2023-09-11,2023-09,Make a assumption on what kind of Person i am based on my Warhammer store purchase today.,359,195,https://reddit.com/r/Warhammer/comments/16g2thm/make_a_assumption_on_what_kind_of_person_i_am/,Joke
16jlk8f,Warhammer,2023-09-15,2023-09,Would you go to a game shop next to a gun store?,239,351,https://reddit.com/r/Warhammer/comments/16jlk8f/would_you_go_to_a_game_shop_next_to_a_gun_store/,Gaming
16k5btz,Warhammer,2023-09-16,2023-09,LGS painting comp - sketchy or stupid?,0,23,https://reddit.com/r/Warhammer/comments/16k5btz/lgs_painting_comp_sketchy_or_stupid/,Discussion
16n3ga3,Warhammer,2023-09-19,2023-09,Finding a freindly local game store or a place to play,1,5,https://reddit.com/r/Warhammer/comments/16n3ga3/finding_a_freindly_local_game_store_or_a_place_to/,Gaming
16pv1an,Warhammer,2023-09-23,2023-09,Almost got banned from the Warhammer Store,967,386,https://reddit.com/r/Warhammer/comments/16pv1an/almost_got_banned_from_the_warhammer_store/,Discussion
16rzi37,Warhammer,2023-09-25,2023-09,"Over the weekend, I help host the largest 40K Tournament at my LGS in Chicago to ring in the new edition, below is some photos from the event!",20,0,https://reddit.com/r/Warhammer/comments/16rzi37/over_the_weekend_i_help_host_the_largest_40k/,Gaming
16tl63h,Warhammer,2023-09-27,2023-09,SHOUTOUT TO MY LGS 😎😎😎,3,4,https://reddit.com/r/Warhammer/comments/16tl63h/shoutout_to_my_lgs/,Hobby
16zp8ke,Warhammer,2023-10-04,2023-10,Wrapped up these characters from the Leviathan Boxset recently. These models were painted as example entries for a monthly painting contest I help run at my LGS in Chicago.,50,0,https://reddit.com/r/Warhammer/comments/16zp8ke/wrapped_up_these_characters_from_the_leviathan/,Hobby
1797bc2,Warhammer,2023-10-16,2023-10,"Over the weekend I hosted a roughly 13,200 points Adeptus Titanicus Apocalypse Game at my LGS in Chicago, to celebrate the great year of Titanicus we've had at our club, below are some photos of the game.",7,2,https://reddit.com/r/Warhammer/comments/1797bc2/over_the_weekend_i_hosted_a_roughly_13200_points/,Gaming
17kme8d,Warhammer,2023-10-31,2023-10,"Finished up this Land Speeder Storm for my Ultramarines, this model was painted as an example entry for a painting contest I'm helping un at my LGS in Chicago.",32,0,https://reddit.com/r/Warhammer/comments/17kme8d/finished_up_this_land_speeder_storm_for_my/,Hobby
17mc0op,Warhammer,2023-11-02,2023-11,Was helping clear out the basement of my FLGS today and the owners were kind enough to let me snag 30 of these beautiful lads!,257,11,https://reddit.com/r/Warhammer/comments/17mc0op/was_helping_clear_out_the_basement_of_my_flgs/,Hobby
17o5wef,Warhammer,2023-11-05,2023-11,Update on the game shop next to gun store!,40,18,https://reddit.com/r/Warhammer/comments/17o5wef/update_on_the_game_shop_next_to_gun_store/,Discussion
17rpc9p,Warhammer,2023-11-09,2023-11,"Found this Swarmlord at the LGS, how can I remove the damaged bits?",16,1,https://reddit.com/r/Warhammer/comments/17rpc9p/found_this_swarmlord_at_the_lgs_how_can_i_remove/,Hobby
17yy8a9,Warhammer,2023-11-19,2023-11,Armies on Parade local store winner,1262,78,https://reddit.com/r/Warhammer/comments/17yy8a9/armies_on_parade_local_store_winner/,Hobby
17zfomm,Warhammer,2023-11-20,2023-11,My Armies on Parade board won at my local store!,273,6,https://reddit.com/r/Warhammer/comments/17zfomm/my_armies_on_parade_board_won_at_my_local_store/,Hobby
186irx1,Warhammer,2023-11-29,2023-11,is it just me or is it super hard to get a game in at your lgs. i left the hobby a few years back. and have come back to find it hard to find anyone who wants to play tabletop.,1,0,https://reddit.com/r/Warhammer/comments/186irx1/is_it_just_me_or_is_it_super_hard_to_get_a_game/,Discussion
186it84,Warhammer,2023-11-29,2023-11,is it just me or is it super hard to get a game in at your lgs. i left the hobby a few years back. and have come back to find it hard to find anyone who wants to play tabletop.,1,0,https://reddit.com/r/Warhammer/comments/186it84/is_it_just_me_or_is_it_super_hard_to_get_a_game/,Discussion
186itlp,Warhammer,2023-11-29,2023-11,is it just me or is it super hard to get a game in at your lgs. i left the hobby a few years back. and have come back to find it hard to find anyone who wants to play tabletop.,1,1,https://reddit.com/r/Warhammer/comments/186itlp/is_it_just_me_or_is_it_super_hard_to_get_a_game/,Discussion
186uqr7,Warhammer,2023-11-29,2023-11,LGS in San Francisco,2,2,https://reddit.com/r/Warhammer/comments/186uqr7/lgs_in_san_francisco/,Hobby
187tm1u,Warhammer,2023-11-30,2023-11,"I’m 17 and looking for a part time job, is working at my local warhammer store a good idea?",1,22,https://reddit.com/r/Warhammer/comments/187tm1u/im_17_and_looking_for_a_part_time_job_is_working/,Discussion
18bduyl,Warhammer,2023-12-05,2023-12,GW Response Time To FLGS,1,32,https://reddit.com/r/Warhammer/comments/18bduyl/gw_response_time_to_flgs/,Discussion
18bhloc,Warhammer,2023-12-05,2023-12,Last month I painted these 4 Apothecaries for my Ultramarines forces in 40K and Horus Heresy. These models were painted as example entries for a painting contest I help run at my LGS in Chicago.,1,0,https://reddit.com/r/Warhammer/comments/18bhloc/last_month_i_painted_these_4_apothecaries_for_my/,Hobby
18eicve,Warhammer,2023-12-09,2023-12,"Our 5th annual End of the Year Apocalypse Game for 40K at my LGS in Chicago. There's roughly 120,000 points on the table. This is the board layout after the attacking team's movement phase.",1,3,https://reddit.com/r/Warhammer/comments/18eicve/our_5th_annual_end_of_the_year_apocalypse_game/,Gaming
18fb5mq,Warhammer,2023-12-10,2023-12,Nervous to go play game In store,16,30,https://reddit.com/r/Warhammer/comments/18fb5mq/nervous_to_go_play_game_in_store/,Discussion
18g1872,Warhammer,2023-12-11,2023-12,"Last weekend, I hosted a ~120,000 points Apocalypse Game at my LGS in Chicago. Here’s some photos of the madness!",346,14,https://reddit.com/r/Warhammer/comments/18g1872/last_weekend_i_hosted_a_120000_points_apocalypse/,Gaming
18uowrc,Warhammer,2023-12-30,2023-12,"Supporting FLGS on holiday - Imperium Games, Somerset West, South Africa",1,1,https://reddit.com/r/Warhammer/comments/18uowrc/supporting_flgs_on_holiday_imperium_games/,Hobby
18udiny,Warhammer,2023-12-30,2023-12,Warhammer Store Paris,1,0,https://reddit.com/r/Warhammer/comments/18udiny/warhammer_store_paris/,Discussion
191zir8,Warhammer,2024-01-08,2024-01,Central Texas Warhammer store,1,1,https://reddit.com/r/Warhammer/comments/191zir8/central_texas_warhammer_store/,Gaming
1946ehn,Warhammer,2024-01-11,2024-01,"Finished up some Chaplain models last month for my Ultramarines collection. These models were painted as example entries for a monthly painting contest I run at my LGS in Chicago. The theme was ""o come all ye faithful"".",14,0,https://reddit.com/r/Warhammer/comments/1946ehn/finished_up_some_chaplain_models_last_month_for/,Hobby
198hmav,Warhammer,2024-01-16,2024-01,"Hey all, I'm looking at starting a nice LGS and I'd love some honest feedback on my survey about the idea and what your interactions with your LGS look like! Thanks in advance",1,10,https://reddit.com/r/Warhammer/comments/198hmav/hey_all_im_looking_at_starting_a_nice_lgs_and_id/,Hobby
198uxpa,Warhammer,2024-01-17,2024-01,Can’t login to the warhammer web store at all,1,2,https://reddit.com/r/Warhammer/comments/198uxpa/cant_login_to_the_warhammer_web_store_at_all/,Discussion
199w4wo,Warhammer,2024-01-18,2024-01,"Charity shop find today, love this game!",247,45,https://reddit.com/r/Warhammer/comments/199w4wo/charity_shop_find_today_love_this_game/,Gaming
199ccyz,Warhammer,2024-01-18,2024-01,Have You Checked Out The Official Warhammer Merchandise Store? (Video),1,1,https://reddit.com/r/Warhammer/comments/199ccyz/have_you_checked_out_the_official_warhammer/,Discussion
19ax1p6,Warhammer,2024-01-19,2024-01,Found this bad boy at my LGS,6,6,https://reddit.com/r/Warhammer/comments/19ax1p6/found_this_bad_boy_at_my_lgs/,Gaming
1acchto,Warhammer,2024-01-27,2024-01,Order damaged and being return to sender. Should I just buy my box at LGS while I can?,1,3,https://reddit.com/r/Warhammer/comments/1acchto/order_damaged_and_being_return_to_sender_should_i/,Discussion
1aetmrq,Warhammer,2024-01-30,2024-01,Wrapped up my first painted Knight. This Cerastus Knight Lancer is painted in House Vornherr colors and was painted as an example entry for a painting contest I run at my LGS in Chicago.,12,0,https://reddit.com/r/Warhammer/comments/1aetmrq/wrapped_up_my_first_painted_knight_this_cerastus/,Hobby
1aerqh9,Warhammer,2024-01-30,2024-01,Warhammer store etiquette?,348,117,https://reddit.com/r/Warhammer/comments/1aerqh9/warhammer_store_etiquette/,Hobby
1aj6y1z,Warhammer,2024-02-05,2024-02,Warhammer Store Age Requirement,1,3,https://reddit.com/r/Warhammer/comments/1aj6y1z/warhammer_store_age_requirement/,Discussion
1ajvx4n,Warhammer,2024-02-06,2024-02,Painting Rats of Unusual Size underworld warband for my FLGS.,32,2,https://reddit.com/r/Warhammer/comments/1ajvx4n/painting_rats_of_unusual_size_underworld_warband/,Hobby
1asuaxe,Warhammer,2024-02-17,2024-02,Went to my local Warhammer store and got an awesome set for free!,259,25,https://reddit.com/r/Warhammer/comments/1asuaxe/went_to_my_local_warhammer_store_and_got_an/,News
1atxvsj,Warhammer,2024-02-18,2024-02,Going to the flgs to play for first time in 15 years -I’m cleaned up - here’s hoping my opponent is too.  😁,1,3,https://reddit.com/r/Warhammer/comments/1atxvsj/going_to_the_flgs_to_play_for_first_time_in_15/,Gaming
1axbca0,Warhammer,2024-02-22,2024-02,Anyone had problems with their local store?,1,33,https://reddit.com/r/Warhammer/comments/1axbca0/anyone_had_problems_with_their_local_store/,Discussion
1bge2ci,Warhammer,2024-03-16,2024-03,Is the Warhammer store down?,1,2,https://reddit.com/r/Warhammer/comments/1bge2ci/is_the_warhammer_store_down/,Discussion
1bo4gkh,Warhammer,2024-03-26,2024-03,How far away is your local Warhammer store/ FLGS? ,74,253,https://reddit.com/r/Warhammer/comments/1bo4gkh/how_far_away_is_your_local_warhammer_store_flgs/,Discussion
1bs8s7q,Warhammer,2024-03-31,2024-03,I'm looking to both proxy and modify minis by sculpting. These were the tools aviable in my hobby shop. Are these enough or am I missing something?,26,14,https://reddit.com/r/Warhammer/comments/1bs8s7q/im_looking_to_both_proxy_and_modify_minis_by/,Discussion
1bvrnn6,Warhammer,2024-04-04,2024-04,"Dear GW, I like your stuff, but you gotta send it to my LGS",44,23,https://reddit.com/r/Warhammer/comments/1bvrnn6/dear_gw_i_like_your_stuff_but_you_gotta_send_it/,Discussion
1bvnxg7,Warhammer,2024-04-04,2024-04,Biggest/best Warhammer store in Berlin?,1,2,https://reddit.com/r/Warhammer/comments/1bvnxg7/biggestbest_warhammer_store_in_berlin/,Hobby
1bwqkhb,Warhammer,2024-04-05,2024-04,Can't paint in my local Warhammer store,713,338,https://reddit.com/r/Warhammer/comments/1bwqkhb/cant_paint_in_my_local_warhammer_store/,Hobby
1bx8v9g,Warhammer,2024-04-06,2024-04,A global campaign where you represent your Warhammer store and your city sounds like a good reason to paint some CoS.,31,1,https://reddit.com/r/Warhammer/comments/1bx8v9g/a_global_campaign_where_you_represent_your/,Hobby
1bxd9vb,Warhammer,2024-04-06,2024-04,Finally painted my steelhelms (with a few free extras from my local store),86,1,https://reddit.com/r/Warhammer/comments/1bxd9vb/finally_painted_my_steelhelms_with_a_few_free/,Hobby
1c29npv,Warhammer,2024-04-12,2024-04,"FLGS says warhammer is for everyone, except if you're poor",0,21,https://reddit.com/r/Warhammer/comments/1c29npv/flgs_says_warhammer_is_for_everyone_except_if/,Joke
1c2ibed,Warhammer,2024-04-12,2024-04,Playing this army for the camapaign at my LGS. Help Please.,3,0,https://reddit.com/r/Warhammer/comments/1c2ibed/playing_this_army_for_the_camapaign_at_my_lgs/,Gaming
1c9mqhu,Warhammer,2024-04-21,2024-04,Working at a Game Store?,372,200,https://reddit.com/r/Warhammer/comments/1c9mqhu/working_at_a_game_store/,Discussion
1cab73l,Warhammer,2024-04-22,2024-04,"PSA: Don't despair over online pre-order shenanigans, remember to check with your LGS for hot item releases.",0,0,https://reddit.com/r/Warhammer/comments/1cab73l/psa_dont_despair_over_online_preorder_shenanigans/,Discussion
1cbjta1,Warhammer,2024-04-23,2024-04,"Entered my first painting contest at my FLGS, any critiques thus far? Decided Nurgle would give me more opportunities for details.",10,0,https://reddit.com/r/Warhammer/comments/1cbjta1/entered_my_first_painting_contest_at_my_flgs_any/,Art
1cmg81f,Warhammer,2024-05-07,2024-05,LGS in the Local Area,0,4,https://reddit.com/r/Warhammer/comments/1cmg81f/lgs_in_the_local_area/,Discussion
1d0k0yh,Warhammer,2024-05-25,2024-05,Found some Warhammer books at the thrift store day 50 USD,0,13,https://reddit.com/r/Warhammer/comments/1d0k0yh/found_some_warhammer_books_at_the_thrift_store/,Hobby
1d3iqdr,Warhammer,2024-05-29,2024-05,"Last Saturday, we hosted an Apocalypse game at my LGS in Chicago, celebrating the 7th anniversary of our club with an over 80,000 pts, 16 player mega battle! Here's some photos of the game.",28,0,https://reddit.com/r/Warhammer/comments/1d3iqdr/last_saturday_we_hosted_an_apocalypse_game_at_my/,Gaming
1d3p9hc,Warhammer,2024-05-29,2024-05,Looking for suggestions on how to store Warhammer bits,2,6,https://reddit.com/r/Warhammer/comments/1d3p9hc/looking_for_suggestions_on_how_to_store_warhammer/,Hobby
1d5nhug,Warhammer,2024-06-01,2024-06,LGS League Advice.,3,4,https://reddit.com/r/Warhammer/comments/1d5nhug/lgs_league_advice/,Gaming
1darrkr,Warhammer,2024-06-08,2024-06,I recently came across what I believe is half of a Strike Squad in the LGS bits box - I'd like to convert them to Primaris scale but am not sure the best way to do that. Should I look for some printed Primaris legs? Or some whole bodies and just use the arms/heads?,1,0,https://reddit.com/r/Warhammer/comments/1darrkr/i_recently_came_across_what_i_believe_is_half_of/,Hobby
1dart0v,Warhammer,2024-06-08,2024-06,I recently came across what I believe is half of a Grey Knights Strike Squad in the LGS bits box - I'd like to convert them to Primaris scale but am not sure the best way to do that. Should I look for some printed Primaris legs? Or some whole bodies and just use the arms/heads?,2,0,https://reddit.com/r/Warhammer/comments/1dart0v/i_recently_came_across_what_i_believe_is_half_of/,Hobby
1dk1dps,Warhammer,2024-06-20,2024-06,"If I order from an flgs, how long will GW take to deliver?",0,8,https://reddit.com/r/Warhammer/comments/1dk1dps/if_i_order_from_an_flgs_how_long_will_gw_take_to/,Hobby
1drpf2w,Warhammer,2024-06-30,2024-06,Need some help identifying models seen at the LGS - are they old models? Kitbashes?,73,13,https://reddit.com/r/Warhammer/comments/1drpf2w/need_some_help_identifying_models_seen_at_the_lgs/,Hobby
1dtbeuu,Warhammer,2024-07-02,2024-07,Do you know any Warhammer store near Burbank ?,0,9,https://reddit.com/r/Warhammer/comments/1dtbeuu/do_you_know_any_warhammer_store_near_burbank/,Hobby
1dwgjzz,Warhammer,2024-07-06,2024-07,"Found this guy at my local game store, can someone identify him",45,4,https://reddit.com/r/Warhammer/comments/1dwgjzz/found_this_guy_at_my_local_game_store_can_someone/,Hobby
1dxqkho,Warhammer,2024-07-07,2024-07,How often do you visit your local hobby store?,4,36,https://reddit.com/r/Warhammer/comments/1dxqkho/how_often_do_you_visit_your_local_hobby_store/,Discussion
1e1i62c,Warhammer,2024-07-12,2024-07,Saw this in a local store,146,12,https://reddit.com/r/Warhammer/comments/1e1i62c/saw_this_in_a_local_store/,Discussion
1e3lblx,Warhammer,2024-07-15,2024-07,Stormcast I painted up after getting it for a Age of Sigmar Event from my FLGS.,24,1,https://reddit.com/r/Warhammer/comments/1e3lblx/stormcast_i_painted_up_after_getting_it_for_a_age/,Hobby
1e7t82i,Warhammer,2024-07-20,2024-07,Sometimes it pays off to visit your local store once in a while,746,50,https://reddit.com/r/Warhammer/comments/1e7t82i/sometimes_it_pays_off_to_visit_your_local_store/,Hobby
1e92g1k,Warhammer,2024-07-22,2024-07,"Sunday morning heresy... ""Nibbles worthy yes-yes?""...Painted one for my LGS skaventide event.",183,8,https://reddit.com/r/Warhammer/comments/1e92g1k/sunday_morning_heresy_nibbles_worthy/,Hobby
1eh63sl,Warhammer,2024-08-01,2024-08,Diorama for my local store,6,0,https://reddit.com/r/Warhammer/comments/1eh63sl/diorama_for_my_local_store/,Hobby
1enhv0g,Warhammer,2024-08-08,2024-08,Is it weird to go into a warhammer store every day? ,888,161,https://reddit.com/r/Warhammer/comments/1enhv0g/is_it_weird_to_go_into_a_warhammer_store_every_day/,Discussion
1eoe1pv,Warhammer,2024-08-09,2024-08,My local non-wargame hobby store has some new Warhammer books from 2001/2002,27,2,https://reddit.com/r/Warhammer/comments/1eoe1pv/my_local_nonwargame_hobby_store_has_some_new/,Hobby
1eo0i97,Warhammer,2024-08-09,2024-08,"My local GW store is doing a painting completion, tips?",2,0,https://reddit.com/r/Warhammer/comments/1eo0i97/my_local_gw_store_is_doing_a_painting_completion/,Hobby
1esx38e,Warhammer,2024-08-15,2024-08,Games Workshop / Warhammer store anniversary 2024 book,2,4,https://reddit.com/r/Warhammer/comments/1esx38e/games_workshop_warhammer_store_anniversary_2024/,Hobby
1etv2ik,Warhammer,2024-08-16,2024-08,I couldn’t find these two online at any price and they were sitting in my local store,32,19,https://reddit.com/r/Warhammer/comments/1etv2ik/i_couldnt_find_these_two_online_at_any_price_and/,Hobby
1expgxi,Warhammer,2024-08-21,2024-08,Old Slaves to Darkness Army Set in my local store,4,4,https://reddit.com/r/Warhammer/comments/1expgxi/old_slaves_to_darkness_army_set_in_my_local_store/,Hobby
1f3cmqq,Warhammer,2024-08-28,2024-08,Waiting for my LGS to open so I can pick up my new models.,0,0,https://reddit.com/r/Warhammer/comments/1f3cmqq/waiting_for_my_lgs_to_open_so_i_can_pick_up_my/,Hobby
1f7g7mo,Warhammer,2024-09-02,2024-09,"Sports fans, make some noise for your 2024 Frozen Tundra Tyrants! Commission for FLGS owner in Central Oregon",1,0,https://reddit.com/r/Warhammer/comments/1f7g7mo/sports_fans_make_some_noise_for_your_2024_frozen/,Hobby
1f7gk6t,Warhammer,2024-09-02,2024-09,"Sports fans, make some noise for your 2024 Frozen Tundra Tyrants! Commission team complete for FLGS owner in Central Oregon",8,0,https://reddit.com/r/Warhammer/comments/1f7gk6t/sports_fans_make_some_noise_for_your_2024_frozen/,Hobby
1f7kqyu,Warhammer,2024-09-02,2024-09,"Remember to support your FLGS! Got both of these boxes for 245 USD, absolutely thrilled.",339,38,https://reddit.com/r/Warhammer/comments/1f7kqyu/remember_to_support_your_flgs_got_both_of_these/,Hobby
1fb0ug3,Warhammer,2024-09-07,2024-09,Just picked up this dreadnought and the hobby shop I got it from threw in a marine on the house,275,21,https://reddit.com/r/Warhammer/comments/1fb0ug3/just_picked_up_this_dreadnought_and_the_hobby/,Hobby
1fg0umr,Warhammer,2024-09-13,2024-09,LGS has Skaventide for $170,0,14,https://reddit.com/r/Warhammer/comments/1fg0umr/lgs_has_skaventide_for_170/,Hobby
1fgq9bp,Warhammer,2024-09-14,2024-09,How do I deal with toxicity at my lgs?,300,121,https://reddit.com/r/Warhammer/comments/1fgq9bp/how_do_i_deal_with_toxicity_at_my_lgs/,Gaming
1fm9gyh,Warhammer,2024-09-21,2024-09,Weird kitbash that was made in a kitbash contest on a local hobby store,8,0,https://reddit.com/r/Warhammer/comments/1fm9gyh/weird_kitbash_that_was_made_in_a_kitbash_contest/,Hobby
1fsasyq,Warhammer,2024-09-29,2024-09,Won 3rd place in Armies on Parade in my local store. Making this was great fun,187,10,https://reddit.com/r/Warhammer/comments/1fsasyq/won_3rd_place_in_armies_on_parade_in_my_local/,Hobby
1fytnyu,Warhammer,2024-10-08,2024-10,LGS in Dublin,0,3,https://reddit.com/r/Warhammer/comments/1fytnyu/lgs_in_dublin/,Hobby
1g8h1ir,Warhammer,2024-10-21,2024-10,Just won my local Warhammer store's mini-of-the-month newcomers painting competition! My 3rd ever model (first two were Space Wolves intercessors).,29,1,https://reddit.com/r/Warhammer/comments/1g8h1ir/just_won_my_local_warhammer_stores_miniofthemonth/,Hobby
1g9s3ho,Warhammer,2024-10-22,2024-10,Argyle Market Warhammer Store,0,0,https://reddit.com/r/Warhammer/comments/1g9s3ho/argyle_market_warhammer_store/,Hobby
1g9x7o9,Warhammer,2024-10-23,2024-10,Soooooo.... I did a thing... again....and I don't even play 40k.. I just can't help but spend money at my lgs.,0,7,https://reddit.com/r/Warhammer/comments/1g9x7o9/soooooo_i_did_a_thing_againand_i_dont_even_play/,Discussion
1g9x8c4,Warhammer,2024-10-23,2024-10,Soooooo.... I did a thing... again....and I don't even play 40k.. I just can't help but spend money at my lgs. Am I alone on just buying them to buy them?,0,8,https://reddit.com/r/Warhammer/comments/1g9x8c4/soooooo_i_did_a_thing_againand_i_dont_even_play/,Hobby
1gb6lvl,Warhammer,2024-10-24,2024-10,"I Met A ""That Guy"" At My Local Warhammer Store",4360,641,https://reddit.com/r/Warhammer/comments/1gb6lvl/i_met_a_that_guy_at_my_local_warhammer_store/,Discussion
1ggi9am,Warhammer,2024-10-31,2024-10,Just picked this up from a local game shop collective (think flea market for all things nerdy). So psyched!,25,20,https://reddit.com/r/Warhammer/comments/1ggi9am/just_picked_this_up_from_a_local_game_shop/,Hobby
1gh3klb,Warhammer,2024-11-01,2024-11,A cool find at my FLGS,449,12,https://reddit.com/r/Warhammer/comments/1gh3klb/a_cool_find_at_my_flgs/,Art
1gjnixp,Warhammer,2024-11-04,2024-11,Any LGS around Miami people might recommend to get some supplies?,1,0,https://reddit.com/r/Warhammer/comments/1gjnixp/any_lgs_around_miami_people_might_recommend_to/,Hobby
1gjjk26,Warhammer,2024-11-04,2024-11,Cruelboy mini of the month. Got Gold for this in local Warhammer store painting comp.,55,2,https://reddit.com/r/Warhammer/comments/1gjjk26/cruelboy_mini_of_the_month_got_gold_for_this_in/,Hobby
1gkdx1q,Warhammer,2024-11-05,2024-11,"So it would cost me less to buy a box of whatever the mini of the month is online then to get to my nearest store, but there's 3 logs that stock Warhammer in my town. Surely this doesn't get more people in the stores...",0,7,https://reddit.com/r/Warhammer/comments/1gkdx1q/so_it_would_cost_me_less_to_buy_a_box_of_whatever/,Discussion
1glaea2,Warhammer,2024-11-06,2024-11,Exceptional experience at a Warhammer store,125,8,https://reddit.com/r/Warhammer/comments/1glaea2/exceptional_experience_at_a_warhammer_store/,Hobby
1gpc5uk,Warhammer,2024-11-12,2024-11,Chicagoland area groups and lgs,2,2,https://reddit.com/r/Warhammer/comments/1gpc5uk/chicagoland_area_groups_and_lgs/,Discussion
1grbemf,Warhammer,2024-11-14,2024-11,A skaven diorama from my local GW store(also a 30k NL vs WS),16,4,https://reddit.com/r/Warhammer/comments/1grbemf/a_skaven_diorama_from_my_local_gw_storealso_a_30k/,Hobby
1gss0ck,Warhammer,2024-11-16,2024-11,Local store Armies on Parade,16,0,https://reddit.com/r/Warhammer/comments/1gss0ck/local_store_armies_on_parade/,Hobby
1gu9bus,Warhammer,2024-11-18,2024-11,Why does my local GW store always have so much less stock than any of the LGS nearby,1,0,https://reddit.com/r/Warhammer/comments/1gu9bus/why_does_my_local_gw_store_always_have_so_much/,Discussion
1gww4ay,Warhammer,2024-11-22,2024-11,What does your FLGS need to stock?,0,19,https://reddit.com/r/Warhammer/comments/1gww4ay/what_does_your_flgs_need_to_stock/,Discussion
1gy2ykz,Warhammer,2024-11-23,2024-11,Christmas cake early! Big thanks to my FLGS for grabbing these at 30% discount ,50,7,https://reddit.com/r/Warhammer/comments/1gy2ykz/christmas_cake_early_big_thanks_to_my_flgs_for/,Hobby
1h1ml4m,Warhammer,2024-11-28,2024-11,Infernus Marine painted for a comp at my FLGS,133,0,https://reddit.com/r/Warhammer/comments/1h1ml4m/infernus_marine_painted_for_a_comp_at_my_flgs/,Hobby
1h2ukx5,Warhammer,2024-11-29,2024-11,Gotta love LGS,49,7,https://reddit.com/r/Warhammer/comments/1h2ukx5/gotta_love_lgs/,Hobby
1h5otz0,Warhammer,2024-12-03,2024-12,My local Warhammer store doesn't want people hanging out,1155,460,https://reddit.com/r/Warhammer/comments/1h5otz0/my_local_warhammer_store_doesnt_want_people/,Discussion
1h951kf,Warhammer,2024-12-07,2024-12,"LGS Closing, Gifted Me The Throne",442,6,https://reddit.com/r/Warhammer/comments/1h951kf/lgs_closing_gifted_me_the_throne/,Hobby
1ha4n5w,Warhammer,2024-12-09,2024-12,How much do the Warhammer Store Opening exclusive minis tend to cost?,0,5,https://reddit.com/r/Warhammer/comments/1ha4n5w/how_much_do_the_warhammer_store_opening_exclusive/,Hobby
1ha7d48,Warhammer,2024-12-09,2024-12,Painted this fella for a painting competition at my local store :) c&c appreciated,1,0,https://reddit.com/r/Warhammer/comments/1ha7d48/painted_this_fella_for_a_painting_competition_at/,Hobby
1hbwa0a,Warhammer,2024-12-11,2024-12,"This past Saturday, I hosted an Apocalypse Game at my LGS in Chicago that say close to 120,000 points on the table. This event was to celebrate another great year of 40K at our club.",590,51,https://reddit.com/r/Warhammer/comments/1hbwa0a/this_past_saturday_i_hosted_an_apocalypse_game_at/,Gaming
1hc56kz,Warhammer,2024-12-11,2024-12,Do you shop at the Warhammer Store?,1,29,https://reddit.com/r/Warhammer/comments/1hc56kz/do_you_shop_at_the_warhammer_store/,Hobby
1he0ogt,Warhammer,2024-12-14,2024-12,Black Templar display for Armies on parade at my local store.,32,2,https://reddit.com/r/Warhammer/comments/1he0ogt/black_templar_display_for_armies_on_parade_at_my/,Hobby
1hk2mxj,Warhammer,2024-12-22,2024-12,"Well after my last post on space marines, I went to my local Warhammer store and the dude was super cool, I had talked to one of my work friends about Warhammer and she suggested I ask about the mini of the month to see if I liked it, and I did! What do you think, did I do a good job or not? ",115,66,https://reddit.com/r/Warhammer/comments/1hk2mxj/well_after_my_last_post_on_space_marines_i_went/,Hobby
1hpoxr7,Warhammer,2024-12-30,2024-12,Sneak off with a free Striking Scorpion and grab a Golden Demon coin from your Warhammer store in January,18,2,https://reddit.com/r/Warhammer/comments/1hpoxr7/sneak_off_with_a_free_striking_scorpion_and_grab/,News
1hs095k,Warhammer,2025-01-02,2025-01,Local Store is a Ghost Town,0,13,https://reddit.com/r/Warhammer/comments/1hs095k/local_store_is_a_ghost_town/,Discussion
1hsshdc,Warhammer,2025-01-03,2025-01,Hello all. Just a quick paintjob on this month motm form warhammer store. Tiny bit of play with true metallics and reds Also exercise on eavy metal style. ,63,2,https://reddit.com/r/Warhammer/comments/1hsshdc/hello_all_just_a_quick_paintjob_on_this_month/,Hobby
1htrl8h,Warhammer,2025-01-04,2025-01,Local store appreciation thread,9,2,https://reddit.com/r/Warhammer/comments/1htrl8h/local_store_appreciation_thread/,Hobby
1hy8hom,Warhammer,2025-01-10,2025-01,Should I Run Another Warcry Event at My GW Store or Switch to an FLGS?,1,0,https://reddit.com/r/Warhammer/comments/1hy8hom/should_i_run_another_warcry_event_at_my_gw_store/,Hobby
1hy8jvy,Warhammer,2025-01-10,2025-01,Should I run another Warcry event at my GW store or switch to an FLGS?,42,9,https://reddit.com/r/Warhammer/comments/1hy8jvy/should_i_run_another_warcry_event_at_my_gw_store/,Hobby
1i3yxc7,Warhammer,2025-01-18,2025-01,"FYI, new 3rd Party online store opening this month in Australia aiming to sell Warhammer at 23% discount",170,17,https://reddit.com/r/Warhammer/comments/1i3yxc7/fyi_new_3rd_party_online_store_opening_this_month/,Hobby
1i6m7x6,Warhammer,2025-01-21,2025-01,Just finished up this Cerastus Knight Acheron painted in House Vornherr colors. This model was painted as an example entry for a monthly painting contest I run at my LGS.,3,0,https://reddit.com/r/Warhammer/comments/1i6m7x6/just_finished_up_this_cerastus_knight_acheron/,Hobby
1ib89s5,Warhammer,2025-01-27,2025-01,Join the horde with a Skaven miniature and Imperium coin at your local store this month,8,4,https://reddit.com/r/Warhammer/comments/1ib89s5/join_the_horde_with_a_skaven_miniature_and/,News
1id1pc4,Warhammer,2025-01-29,2025-01,Is someone attending the Warhammer World store 25th anniversary this next march 1-2?,1,2,https://reddit.com/r/Warhammer/comments/1id1pc4/is_someone_attending_the_warhammer_world_store/,Hobby
1ig7hg3,Warhammer,2025-02-02,2025-02,Got my first bit of warhammer today. Also built and painted an Age of Sigmar Liberator at the warhammer store in Dublin. Any good pointers? I have already done a lot of model planes and tanks with special attention to the pilot figures that led me towards warhammer,17,25,https://reddit.com/r/Warhammer/comments/1ig7hg3/got_my_first_bit_of_warhammer_today_also_built/,Hobby
1igpaca,Warhammer,2025-02-03,2025-02,A friendly reminder from my local game store,1848,44,https://reddit.com/r/Warhammer/comments/1igpaca/a_friendly_reminder_from_my_local_game_store/,Hobby
1ij4r4u,Warhammer,2025-02-06,2025-02,"Ran a ~60,000 points Horus Heresy, Battle for Pluto Zone Mortalis Apocalypse event for at my LGS in Chicago, last Saturday, to mark the start of our Siege of Terra campaign and event series.",25,0,https://reddit.com/r/Warhammer/comments/1ij4r4u/ran_a_60000_points_horus_heresy_battle_for_pluto/,Gaming
1ik7slw,Warhammer,2025-02-07,2025-02,Found this model at my LGS,29,0,https://reddit.com/r/Warhammer/comments/1ik7slw/found_this_model_at_my_lgs/,Hobby
1imzj14,Warhammer,2025-02-11,2025-02,Can you help me figure out this pin I got from the Warhammer Store?,0,15,https://reddit.com/r/Warhammer/comments/1imzj14/can_you_help_me_figure_out_this_pin_i_got_from/,Discussion
1imx6ay,Warhammer,2025-02-11,2025-02,"My local store has had its preorders for the new Eldar delayed, so I can't play with the new toys yet sadly - in the meantime, here's Jain Zar painted up!",56,0,https://reddit.com/r/Warhammer/comments/1imx6ay/my_local_store_has_had_its_preorders_for_the_new/,Hobby
1io7fzu,Warhammer,2025-02-13,2025-02,Local store in Grimsby UK,1012,94,https://reddit.com/r/Warhammer/comments/1io7fzu/local_store_in_grimsby_uk/,Gaming
1j02t2p,Warhammer,2025-02-28,2025-02,Thank the emperor I have a FLGS that gives good discounts,395,62,https://reddit.com/r/Warhammer/comments/1j02t2p/thank_the_emperor_i_have_a_flgs_that_gives_good/,Hobby
1j0720j,Warhammer,2025-02-28,2025-02,Warhammer Relics – Brilliant new gear from the Warhammer merch store,259,26,https://reddit.com/r/Warhammer/comments/1j0720j/warhammer_relics_brilliant_new_gear_from_the/,News
1j632yi,Warhammer,2025-03-07,2025-03,Game Shop Question,0,0,https://reddit.com/r/Warhammer/comments/1j632yi/game_shop_question/,Hobby
1jdivpe,Warhammer,2025-03-17,2025-03,My work now on Display at my local Scifi store.,783,18,https://reddit.com/r/Warhammer/comments/1jdivpe/my_work_now_on_display_at_my_local_scifi_store/,Hobby
1jiaows,Warhammer,2025-03-23,2025-03,Odd request from a game shop - what is the bare minimum standard for battle ready?,44,29,https://reddit.com/r/Warhammer/comments/1jiaows/odd_request_from_a_game_shop_what_is_the_bare/,Hobby
1jjqucp,Warhammer,2025-03-25,2025-03,"Today I was at my local Warhammer store for the first time and the nice Employee gave me this and told me what it is, however I forgot and can't seem to find it on the internet so I'd be grateful if you could help me with that.",857,32,https://reddit.com/r/Warhammer/comments/1jjqucp/today_i_was_at_my_local_warhammer_store_for_the/,Hobby
1jo3vj3,Warhammer,2025-03-31,2025-03,March down to your Warhammer store for a Death Korps of Krieg miniature and coin - Warhammer Community,708,39,https://reddit.com/r/Warhammer/comments/1jo3vj3/march_down_to_your_warhammer_store_for_a_death/,News
1jsf426,Warhammer,2025-04-05,2025-04,Can't sit at my local GW Store? No Chairs allowed?,318,104,https://reddit.com/r/Warhammer/comments/1jsf426/cant_sit_at_my_local_gw_store_no_chairs_allowed/,Hobby
1jtkbr3,Warhammer,2025-04-07,2025-04,LGS in Stade Germany???!,1,0,https://reddit.com/r/Warhammer/comments/1jtkbr3/lgs_in_stade_germany/,Discussion
1jvtwy1,Warhammer,2025-04-10,2025-04,Any French LGS that ship pre-orders early?,0,1,https://reddit.com/r/Warhammer/comments/1jvtwy1/any_french_lgs_that_ship_preorders_early/,Discussion
1jz8bbt,Warhammer,2025-04-14,2025-04,"I’m going to be in Dublin Ireland shortly, and I’d like to visit a warhammer store while there, any suggestions as to where to visit?",0,2,https://reddit.com/r/Warhammer/comments/1jz8bbt/im_going_to_be_in_dublin_ireland_shortly_and_id/,Hobby
1k0ybxh,Warhammer,2025-04-16,2025-04,Found a sale at my local store,512,65,https://reddit.com/r/Warhammer/comments/1k0ybxh/found_a_sale_at_my_local_store/,Hobby
1k1gt27,Warhammer,2025-04-17,2025-04,Went to a warhammer store for the first time while traveling in Oxford,621,48,https://reddit.com/r/Warhammer/comments/1k1gt27/went_to_a_warhammer_store_for_the_first_time/,Hobby
1k37e4n,Warhammer,2025-04-19,2025-04,Somehow I seem to have won the intermediate category at my local Warhammer Store's painting competition,86,3,https://reddit.com/r/Warhammer/comments/1k37e4n/somehow_i_seem_to_have_won_the_intermediate/,Hobby
1k8ky9u,Warhammer,2025-04-26,2025-04,Thank you local store lmao,10,1,https://reddit.com/r/Warhammer/comments/1k8ky9u/thank_you_local_store_lmao/,Hobby
1kcosfz,Warhammer,2025-05-02,2025-05,Us there a website or list of something to find local players! I really do want to play the game but my social anxiety at my local game store pretends me to asn for a match. It sucks. Are there any websites or groups where 0 experience people can play some games without being ßlasted by a meta build,10,14,https://reddit.com/r/Warhammer/comments/1kcosfz/us_there_a_website_or_list_of_something_to_find/,Gaming
1kdux9w,Warhammer,2025-05-03,2025-05,How the lgs employee looks at you after charging you 19.99 for a packet of green stuff,0,2,https://reddit.com/r/Warhammer/comments/1kdux9w/how_the_lgs_employee_looks_at_you_after_charging/,Joke
1kg61vg,Warhammer,2025-05-06,2025-05,"I bought these inks, a couple days later a worker at an art store said that these wouldn’t work well on plastic cause their Indian inks, anyone tired to/had used these and do they work for warhammer?",9,6,https://reddit.com/r/Warhammer/comments/1kg61vg/i_bought_these_inks_a_couple_days_later_a_worker/,Hobby
1klay2s,Warhammer,2025-05-13,2025-05,Are the mugs from the Warhammer Merch store supposed to be blurry?,2,4,https://reddit.com/r/Warhammer/comments/1klay2s/are_the_mugs_from_the_warhammer_merch_store/,Discussion
1klrw8v,Warhammer,2025-05-13,2025-05,"Richmond, Virginia official Warhammer store is NEVER open!?! Is this par for the course?",1287,357,https://reddit.com/r/Warhammer/comments/1klrw8v/richmond_virginia_official_warhammer_store_is/,Discussion
1kw41ha,Warhammer,2025-05-26,2025-05,Chaos champion of Khorne I found at my LGS,61,1,https://reddit.com/r/Warhammer/comments/1kw41ha/chaos_champion_of_khorne_i_found_at_my_lgs/,Hobby
1kzll4t,Warhammer,2025-05-31,2025-05,Picked this up at local store. Is there any specific book I should read before this one? Is it even good?,19,26,https://reddit.com/r/Warhammer/comments/1kzll4t/picked_this_up_at_local_store_is_there_any/,Lore
1l14nn0,Warhammer,2025-06-02,2025-06,So I painted up Lhykhis for my local store's Golden Troll...,92,3,https://reddit.com/r/Warhammer/comments/1l14nn0/so_i_painted_up_lhykhis_for_my_local_stores/,Hobby
1l39afi,Warhammer,2025-06-04,2025-06,Captain Centos returns to celebrate some major Warhammer store milestones - Warhammer Community,1003,92,https://reddit.com/r/Warhammer/comments/1l39afi/captain_centos_returns_to_celebrate_some_major/,News
1l6nfm5,Warhammer,2025-06-08,2025-06,Lynnwood WA Warhammer store,1,0,https://reddit.com/r/Warhammer/comments/1l6nfm5/lynnwood_wa_warhammer_store/,Discussion
1lgcen2,Warhammer,2025-06-20,2025-06,Ogor Hunter painted up for a painting comp in my lgs,85,4,https://reddit.com/r/Warhammer/comments/1lgcen2/ogor_hunter_painted_up_for_a_painting_comp_in_my/,Hobby
1ljtiqt,Warhammer,2025-06-25,2025-06,There is a store near my home thats just dedicated to Warhammer thought id share it here,2744,376,https://reddit.com/r/Warhammer/comments/1ljtiqt/there_is_a_store_near_my_home_thats_just/,Discussion
1lmv7x6,Warhammer,2025-06-28,2025-06,"Warhammer Store founding Challenge, Celebration & Miniatures",5,3,https://reddit.com/r/Warhammer/comments/1lmv7x6/warhammer_store_founding_challenge_celebration/,Discussion
1lqya5f,Warhammer,2025-07-03,2025-07,My local games workshop store makes me feel uneasy,1449,446,https://reddit.com/r/Warhammer/comments/1lqya5f/my_local_games_workshop_store_makes_me_feel_uneasy/,Discussion
1lr8nt6,Warhammer,2025-07-04,2025-07,Just picked up my drop pods from my FLGS!,5,1,https://reddit.com/r/Warhammer/comments/1lr8nt6/just_picked_up_my_drop_pods_from_my_flgs/,Hobby
1lrswxj,Warhammer,2025-07-04,2025-07,"Grandma used to run a hobby/comic book store 20 years ago in Kokomo, IN and heard I was getting back into Warhammer in my 30s. Did I hit the nostalgia jackpot? (Not selling, just for collecting/proxying!)",3734,235,https://reddit.com/r/Warhammer/comments/1lrswxj/grandma_used_to_run_a_hobbycomic_book_store_20/,Hobby
1lses7m,Warhammer,2025-07-05,2025-07,I found a leviathan box for $211 at my local comic store. Would it be worth picking up to expand my army?,2,24,https://reddit.com/r/Warhammer/comments/1lses7m/i_found_a_leviathan_box_for_211_at_my_local_comic/,Hobby
1ltymxa,Warhammer,2025-07-07,2025-07,FLGS First Painting Competition,1,0,https://reddit.com/r/Warhammer/comments/1ltymxa/flgs_first_painting_competition/,Hobby
1ltgevk,Warhammer,2025-07-07,2025-07,Warhammer store in Stuttgart Germany,1,0,https://reddit.com/r/Warhammer/comments/1ltgevk/warhammer_store_in_stuttgart_germany/,Hobby
1m5l6f7,Warhammer,2025-07-21,2025-07,Global Warhammer store celebration – Mark huge milestones with Captain Centos - Warhammer Community,60,3,https://reddit.com/r/Warhammer/comments/1m5l6f7/global_warhammer_store_celebration_mark_huge/,News
1m5xwlr,Warhammer,2025-07-21,2025-07,Warhammer store free mini I painted,80,4,https://reddit.com/r/Warhammer/comments/1m5xwlr/warhammer_store_free_mini_i_painted/,Art
1m5ydxr,Warhammer,2025-07-21,2025-07,Local store owner says it costs $500 to start playing Warhammer 40k. Is he right?,0,30,https://reddit.com/r/Warhammer/comments/1m5ydxr/local_store_owner_says_it_costs_500_to_start/,Hobby
1m86pxo,Warhammer,2025-07-24,2025-07,My LGS held a colour competition for Berserkers as Army of the Month for my LGS.,1,0,https://reddit.com/r/Warhammer/comments/1m86pxo/my_lgs_held_a_colour_competition_for_berserkers/,Hobby
1m86u3o,Warhammer,2025-07-24,2025-07,My LGS hosted Berzerkers as Army of the month Painting Competition.,10,0,https://reddit.com/r/Warhammer/comments/1m86u3o/my_lgs_hosted_berzerkers_as_army_of_the_month/,Hobby
1m9jldk,Warhammer,2025-07-26,2025-07,What did I just buy (local game store) not warhammer store ft,0,7,https://reddit.com/r/Warhammer/comments/1m9jldk/what_did_i_just_buy_local_game_store_not/,Hobby
1mfjfbm,Warhammer,2025-08-02,2025-08,Walked into my FLGS for a Lord Kakophonist and ended up buying Saturnine. I quite enjoyed building this first bit and reading the rules makes me nostalgic for late 90s 40K,37,8,https://reddit.com/r/Warhammer/comments/1mfjfbm/walked_into_my_flgs_for_a_lord_kakophonist_and/,Hobby
1mhqwr1,Warhammer,2025-08-04,2025-08,Planning new community focused Warhammer store & need your input!,3,16,https://reddit.com/r/Warhammer/comments/1mhqwr1/planning_new_community_focused_warhammer_store/,Hobby
1mnymro,Warhammer,2025-08-12,2025-08,LGS Tourneys,1,2,https://reddit.com/r/Warhammer/comments/1mnymro/lgs_tourneys/,Discussion
1msw7et,Warhammer,2025-08-17,2025-08,"Have my first game with houndpack lance later today at my FLGS, wondering if I should change anything.",1,0,https://reddit.com/r/Warhammer/comments/1msw7et/have_my_first_game_with_houndpack_lance_later/,Gaming
1msr0zk,Warhammer,2025-08-17,2025-08,"Went to the warhammer store for the first time, bought some stuff and did some painting.",14,4,https://reddit.com/r/Warhammer/comments/1msr0zk/went_to_the_warhammer_store_for_the_first_time/,Gaming
1msr13n,Warhammer,2025-08-17,2025-08,"Went to the warhammer store for the first time, bought some stuff and did some painting.",8,2,https://reddit.com/r/Warhammer/comments/1msr13n/went_to_the_warhammer_store_for_the_first_time/,Gaming
1mti2d3,Warhammer,2025-08-18,2025-08,My Local Hobby Store is Using My Emperor’s Children in Their Warhammer Ads – Feeling Pretty Chuffed!,224,3,https://reddit.com/r/Warhammer/comments/1mti2d3/my_local_hobby_store_is_using_my_emperors/,Hobby
1mw2ejm,Warhammer,2025-08-21,2025-08,My Salamanders made it to the display case at my local game store! 🔥🐉,650,8,https://reddit.com/r/Warhammer/comments/1mw2ejm/my_salamanders_made_it_to_the_display_case_at_my/,Hobby
1mw7q11,Warhammer,2025-08-21,2025-08,My Black Templars army on parade at the local Warhammer store,42,0,https://reddit.com/r/Warhammer/comments/1mw7q11/my_black_templars_army_on_parade_at_the_local/,Hobby
1mxhaxv,Warhammer,2025-08-22,2025-08,So I'm visiting the Warhammer Store in Tokyo...,0,3,https://reddit.com/r/Warhammer/comments/1mxhaxv/so_im_visiting_the_warhammer_store_in_tokyo/,Discussion
1n52x3l,Warhammer,2025-08-31,2025-08,"I hosted a charity Apocalypse game yesterday at my FLGS - over 70,000 points of figures on the table. We raised $200 and 2 full 70 gallon bins of food for the local food bank!",363,11,https://reddit.com/r/Warhammer/comments/1n52x3l/i_hosted_a_charity_apocalypse_game_yesterday_at/,Gaming
1n614bz,Warhammer,2025-09-01,2025-09,"Wanting to join a Crusade Campaign at my LGS, trying to see if this will work?",1,0,https://reddit.com/r/Warhammer/comments/1n614bz/wanting_to_join_a_crusade_campaign_at_my_lgs/,Gaming
1na63yj,Warhammer,2025-09-06,2025-09,Is it normal a warhammer store wont give a paying customer the MOTM?,609,164,https://reddit.com/r/Warhammer/comments/1na63yj/is_it_normal_a_warhammer_store_wont_give_a_paying/,Discussion
1ne1ud6,Warhammer,2025-09-11,2025-09,Went to a cool Warhammer Hobby shop,0,8,https://reddit.com/r/Warhammer/comments/1ne1ud6/went_to_a_cool_warhammer_hobby_shop/,Discussion
1nejz3z,Warhammer,2025-09-11,2025-09,Working at a Warhammer hobby shop...,340,105,https://reddit.com/r/Warhammer/comments/1nejz3z/working_at_a_warhammer_hobby_shop/,Discussion
1nf4oro,Warhammer,2025-09-12,2025-09,FLGS Recommendations Glasgow,1,2,https://reddit.com/r/Warhammer/comments/1nf4oro/flgs_recommendations_glasgow/,Discussion
1ngygne,Warhammer,2025-09-14,2025-09,Local Game Store Sale,73,22,https://reddit.com/r/Warhammer/comments/1ngygne/local_game_store_sale/,Hobby
1nh753t,Warhammer,2025-09-15,2025-09,A local game store near me posted the prices of the stuff that's about to go in pre order Saturday if anyone is interested,48,20,https://reddit.com/r/Warhammer/comments/1nh753t/a_local_game_store_near_me_posted_the_prices_of/,Discussion
1nnpcuq,Warhammer,2025-09-22,2025-09,"Finally found my ""the one that got away"" project at a local store. This terrain masterpiece, Skullvane Manse, is about the size of my torso.",1797,78,https://reddit.com/r/Warhammer/comments/1nnpcuq/finally_found_my_the_one_that_got_away_project_at/,Hobby
1nx5nya,Warhammer,2025-10-03,2025-10,Found this Grey Knight in my local Hobbie store.,113,6,https://reddit.com/r/Warhammer/comments/1nx5nya/found_this_grey_knight_in_my_local_hobbie_store/,Hobby
1ny1n5d,Warhammer,2025-10-04,2025-10,"The story of when I played in a Game's Workshop store, a long time ago.",113,32,https://reddit.com/r/Warhammer/comments/1ny1n5d/the_story_of_when_i_played_in_a_games_workshop/,Hobby
1ny3nde,Warhammer,2025-10-04,2025-10,Does anyone know the rules for the Beast Feast in store game?,1,0,https://reddit.com/r/Warhammer/comments/1ny3nde/does_anyone_know_the_rules_for_the_beast_feast_in/,Gaming
1nybzoz,Warhammer,2025-10-05,2025-10,Quick diorama I threw together for Armies on Parade at my LGS,1,1,https://reddit.com/r/Warhammer/comments/1nybzoz/quick_diorama_i_threw_together_for_armies_on/,Gaming
1nz4gho,Warhammer,2025-10-06,2025-10,World Eaters for the local store Armies on Parade,498,13,https://reddit.com/r/Warhammer/comments/1nz4gho/world_eaters_for_the_local_store_armies_on_parade/,Hobby
1o1gtp9,Warhammer,2025-10-08,2025-10,Game shop employee looking to make warhammer friends!,7,1,https://reddit.com/r/Warhammer/comments/1o1gtp9/game_shop_employee_looking_to_make_warhammer/,Hobby
1o3jk5n,Warhammer,2025-10-11,2025-10,Lord V ready for Beast Feast at my local store next week,5,0,https://reddit.com/r/Warhammer/comments/1o3jk5n/lord_v_ready_for_beast_feast_at_my_local_store/,Hobby
1o66fet,Warhammer,2025-10-14,2025-10,Any LGS owners or people who work at LGSs here? Asking for advice on a LGS I frequent.,14,39,https://reddit.com/r/Warhammer/comments/1o66fet/any_lgs_owners_or_people_who_work_at_lgss_here/,Hobby
1oawljh,Warhammer,2025-10-19,2025-10,Which Warhammer Store should I visit in Wien?,0,2,https://reddit.com/r/Warhammer/comments/1oawljh/which_warhammer_store_should_i_visit_in_wien/,Hobby
1obgvlj,Warhammer,2025-10-20,2025-10,My Nagash got Voted as Third Best Painted at My Local Warhammer Store Event,27,0,https://reddit.com/r/Warhammer/comments/1obgvlj/my_nagash_got_voted_as_third_best_painted_at_my/,Hobby
1obnzf7,Warhammer,2025-10-20,2025-10,I got to display one of my minis in a officiel Warhammer store!,140,2,https://reddit.com/r/Warhammer/comments/1obnzf7/i_got_to_display_one_of_my_minis_in_a_officiel/,Hobby
1oh9z7f,Warhammer,2025-10-27,2025-10,"More progress on Mr Man. He'll be entered into a little painting comp at the local store, which requires painting one of the current blind box heroes.",128,3,https://reddit.com/r/Warhammer/comments/1oh9z7f/more_progress_on_mr_man_hell_be_entered_into_a/,Hobby
1oiwx9y,Warhammer,2025-10-29,2025-10,Went to my local game store in my armor,6118,113,https://reddit.com/r/Warhammer/comments/1oiwx9y/went_to_my_local_game_store_in_my_armor/,Hobby
1ontck8,Warhammer,2025-11-04,2025-11,The wife and I are ready for our local store's armies on parade this weekend!,168,7,https://reddit.com/r/Warhammer/comments/1ontck8/the_wife_and_i_are_ready_for_our_local_stores/,Hobby
1oqb4si,Warhammer,2025-11-06,2025-11,Can I order Online Only from GW and still support my local store?,2,15,https://reddit.com/r/Warhammer/comments/1oqb4si/can_i_order_online_only_from_gw_and_still_support/,Hobby
1otzylo,Warhammer,2025-11-11,2025-11,A Local Game Store Has The Art of War in the Wargaming Section,1,1,https://reddit.com/r/Warhammer/comments/1otzylo/a_local_game_store_has_the_art_of_war_in_the/,Joke
1ox4quz,Warhammer,2025-11-14,2025-11,Can't order anything on the warhammer store,5,6,https://reddit.com/r/Warhammer/comments/1ox4quz/cant_order_anything_on_the_warhammer_store/,Hobby
1p5vy86,Warhammer,2025-11-24,2025-11,LGS Recommendations North East England,0,2,https://reddit.com/r/Warhammer/comments/1p5vy86/lgs_recommendations_north_east_england/,Hobby
1p9thfl,Warhammer,2025-11-29,2025-11,Stormcast Eternal i made for a local in-store competition,99,3,https://reddit.com/r/Warhammer/comments/1p9thfl/stormcast_eternal_i_made_for_a_local_instore/,Hobby
1pgvrri,Warhammer,2025-12-07,2025-12,LGS at 100% to 125% prices.,184,151,https://reddit.com/r/Warhammer/comments/1pgvrri/lgs_at_100_to_125_prices/,Hobby
1pj3j5p,Warhammer,2025-12-10,2025-12,Painting contest local Warhammer store,172,33,https://reddit.com/r/Warhammer/comments/1pj3j5p/painting_contest_local_warhammer_store/,Hobby
1pjwi31,Warhammer,2025-12-11,2025-12,Nabbed this sweet army painter rack from the FLGS,55,2,https://reddit.com/r/Warhammer/comments/1pjwi31/nabbed_this_sweet_army_painter_rack_from_the_flgs/,Hobby
1pkmpgh,Warhammer,2025-12-12,2025-12,Im kinda new to warhammer and I went to a warhammer store to buy a book and they gave me a free mini and i was hoping someone here could identify it with these pics so I can look up how to paint it,117,47,https://reddit.com/r/Warhammer/comments/1pkmpgh/im_kinda_new_to_warhammer_and_i_went_to_a/,Discussion
1pkdtjg,Warhammer,2025-12-12,2025-12,look what i won at my local 40k store,28,2,https://reddit.com/r/Warhammer/comments/1pkdtjg/look_what_i_won_at_my_local_40k_store/,Art
1pl0e9i,Warhammer,2025-12-12,2025-12,Found at my local antique store,370,30,https://reddit.com/r/Warhammer/comments/1pl0e9i/found_at_my_local_antique_store/,Hobby
1pm7rby,Warhammer,2025-12-14,2025-12,Warhammer store in Akihabara,17,0,https://reddit.com/r/Warhammer/comments/1pm7rby/warhammer_store_in_akihabara/,Hobby
1puchc1,Warhammer,2025-12-24,2025-12,"""Chaos Paint"" Event at Local WH Store",15,0,https://reddit.com/r/Warhammer/comments/1puchc1/chaos_paint_event_at_local_wh_store/,Hobby
1q1mslz,Warhammer,2026-01-02,2026-01,Six Months In — Time to upgrade and I accidentally bought some minis at the hobby shop,0,1,https://reddit.com/r/Warhammer/comments/1q1mslz/six_months_in_time_to_upgrade_and_i_accidentally/,Hobby
1q8ag7p,Warhammer,2026-01-09,2026-01,Always support your flgs lol,406,41,https://reddit.com/r/Warhammer/comments/1q8ag7p/always_support_your_flgs_lol/,Hobby
1qi1ean,Warhammer,2026-01-20,2026-01,Found this on IG - Atticus Ross (Nine Inch Nails) visits a Warhammer store,348,20,https://reddit.com/r/Warhammer/comments/1qi1ean/found_this_on_ig_atticus_ross_nine_inch_nails/,Hobby
1qnj7fn,Warhammer,2026-01-26,2026-01,Snagged this at a FLGS,82,11,https://reddit.com/r/Warhammer/comments/1qnj7fn/snagged_this_at_a_flgs/,Gaming
1qpb89v,Warhammer,2026-01-28,2026-01,"Cleaning house and found this gift i got like 10 years ago but i’m not into warhammer. I feel bad just throwing it out, can i donate it to a game shop or maybe its even worth something after all this time?",710,66,https://reddit.com/r/Warhammer/comments/1qpb89v/cleaning_house_and_found_this_gift_i_got_like_10/,Hobby
1qslzs2,Warhammer,2026-02-01,2026-02,Deff dread game store find. Had to improvise a missing bit. Ready for priming.,3,0,https://reddit.com/r/Warhammer/comments/1qslzs2/deff_dread_game_store_find_had_to_improvise_a/,Hobby
1qttdnc,Warhammer,2026-02-02,2026-02,Applying for a job at Warhammer store?,174,82,https://reddit.com/r/Warhammer/comments/1qttdnc/applying_for_a_job_at_warhammer_store/,Discussion
1qw2sxo,Warhammer,2026-02-04,2026-02,Just picked this up at my local GW store,311,30,https://reddit.com/r/Warhammer/comments/1qw2sxo/just_picked_this_up_at_my_local_gw_store/,Hobby
1rl7aoc,Warhammer,2026-03-05,2026-03,Finished my first competition model for my FLGS,60,2,https://reddit.com/r/Warhammer/comments/1rl7aoc/finished_my_first_competition_model_for_my_flgs/,Hobby
1rrbdag,Warhammer,2026-03-12,2026-03,Warhammer store issue,1,0,https://reddit.com/r/Warhammer/comments/1rrbdag/warhammer_store_issue/,Discussion
1rt54ao,Warhammer,2026-03-14,2026-03,AITA for getting removed from my local hobby store?,1,0,https://reddit.com/r/Warhammer/comments/1rt54ao/aita_for_getting_removed_from_my_local_hobby_store/,Discussion
101goql,Warhammer40k,2023-01-02,2023-01,Finished up this Invictarus Suzerain squad as my final painted unit of 2022. This unit was painted as an example entry for a painting contest I'm helping run at my LGS in Chicago.,16,0,https://reddit.com/r/Warhammer40k/comments/101goql/finished_up_this_invictarus_suzerain_squad_as_my/,Hobby & Painting
101lb08,Warhammer40k,2023-01-02,2023-01,Best (Affordable) Terrain for a Game Store?,3,8,https://reddit.com/r/Warhammer40k/comments/101lb08/best_affordable_terrain_for_a_game_store/,New Starter Help
101oczt,Warhammer40k,2023-01-02,2023-01,Can you only get this model at an official GW store or can you get it at a local store that sells GW items?,9,9,https://reddit.com/r/Warhammer40k/comments/101oczt/can_you_only_get_this_model_at_an_official_gw/,Misc
102p9y0,Warhammer40k,2023-01-04,2023-01,What are some full-table terrain scenes that are iconic to the Warhammer 40k Universe? I'd like to build something for my FLGS.,4,2,https://reddit.com/r/Warhammer40k/comments/102p9y0/what_are_some_fulltable_terrain_scenes_that_are/,Hobby & Painting
103ieiq,Warhammer40k,2023-01-04,2023-01,"If you're thinking of buying these from your LGS, get disposable eyeliner brushes instead. Save some money.",7,1,https://reddit.com/r/Warhammer40k/comments/103ieiq/if_youre_thinking_of_buying_these_from_your_lgs/,Hobby & Painting
103ix01,Warhammer40k,2023-01-04,2023-01,"Basing to be done, but got some more Dread Opossums ready for the game store tomorrow!",12,1,https://reddit.com/r/Warhammer40k/comments/103ix01/basing_to_be_done_but_got_some_more_dread/,Hobby & Painting
102t3wp,Warhammer40k,2023-01-04,2023-01,Me and my sisters first minis which we did at a GW Warhammer store C and C appreciated | mine is on the right and my sisters is on the left.,35,8,https://reddit.com/r/Warhammer40k/comments/102t3wp/me_and_my_sisters_first_minis_which_we_did_at_a/,Hobby & Painting
108dac4,Warhammer40k,2023-01-10,2023-01,"Finished up this Spartan as the first model completed for 2023, this model was painted as an example entry in a monthly painting contest I help run at my LGS in Chicago.",32,0,https://reddit.com/r/Warhammer40k/comments/108dac4/finished_up_this_spartan_as_the_first_model/,Hobby & Painting
108txwn,Warhammer40k,2023-01-11,2023-01,One last question for k head to bed where do I buy sets that aren't from the local board game shop?,0,2,https://reddit.com/r/Warhammer40k/comments/108txwn/one_last_question_for_k_head_to_bed_where_do_i/,Hobby & Painting
10cat3x,Warhammer40k,2023-01-15,2023-01,"when your LGS is having a closing sale and you were really wanting a new trukk... Introducing Tha GAAAHlioth, my first kitbashed vehicle",7,0,https://reddit.com/r/Warhammer40k/comments/10cat3x/when_your_lgs_is_having_a_closing_sale_and_you/,Hobby & Painting
10ccyo8,Warhammer40k,2023-01-15,2023-01,"My pieces in the Warhammer store got so many compliments and are now in the center of the center display! (Manhattan Beach, CA USA)",222,11,https://reddit.com/r/Warhammer40k/comments/10ccyo8/my_pieces_in_the_warhammer_store_got_so_many/,Hobby & Painting
10en4rq,Warhammer40k,2023-01-17,2023-01,$10 Holy Grail in a small town hobby shop,104,14,https://reddit.com/r/Warhammer40k/comments/10en4rq/10_holy_grail_in_a_small_town_hobby_shop/,Hobby & Painting
10fqloy,Warhammer40k,2023-01-19,2023-01,How long takes GW to delivery to a Warhammer Store?,0,10,https://reddit.com/r/Warhammer40k/comments/10fqloy/how_long_takes_gw_to_delivery_to_a_warhammer_store/,Misc
10ftd5k,Warhammer40k,2023-01-19,2023-01,Look what they had in stock at my local Warhammer store!,4,0,https://reddit.com/r/Warhammer40k/comments/10ftd5k/look_what_they_had_in_stock_at_my_local_warhammer/,Hobby & Painting
10g5o3k,Warhammer40k,2023-01-19,2023-01,Found this set in a local store never saw it is it good?,1867,91,https://reddit.com/r/Warhammer40k/comments/10g5o3k/found_this_set_in_a_local_store_never_saw_it_is/,Hobby & Painting
10h5cge,Warhammer40k,2023-01-20,2023-01,FLGS Overcharging?,0,30,https://reddit.com/r/Warhammer40k/comments/10h5cge/flgs_overcharging/,New Starter Help
10gv3e0,Warhammer40k,2023-01-20,2023-01,"Remember to support your LGS guys, went into mine last night to play YuGiOh and this was sat on the shelf staring at me with a discount off RRP...",456,59,https://reddit.com/r/Warhammer40k/comments/10gv3e0/remember_to_support_your_lgs_guys_went_into_mine/,Misc
10h9csk,Warhammer40k,2023-01-20,2023-01,Blood raven for display at a Warhammer store,23,2,https://reddit.com/r/Warhammer40k/comments/10h9csk/blood_raven_for_display_at_a_warhammer_store/,Hobby & Painting
10kipg3,Warhammer40k,2023-01-24,2023-01,Games Workshop and FLGS Shipping Issues (US),1,5,https://reddit.com/r/Warhammer40k/comments/10kipg3/games_workshop_and_flgs_shipping_issues_us/,Misc
10kywdy,Warhammer40k,2023-01-25,2023-01,Some photos from a game at my FLGS. Had a lot of fun playing against a Nightlords army. Very close game too.,29,1,https://reddit.com/r/Warhammer40k/comments/10kywdy/some_photos_from_a_game_at_my_flgs_had_a_lot_of/,Misc
10loqwo,Warhammer40k,2023-01-26,2023-01,Going for 'best painted' at my LGS this weekend with my guard - are they looking good?,58,8,https://reddit.com/r/Warhammer40k/comments/10loqwo/going_for_best_painted_at_my_lgs_this_weekend/,Hobby & Painting
10mt7zy,Warhammer40k,2023-01-27,2023-01,Got these 3 Warhammer Books from a local store. Only one's I have. Am I in the middle of anything?,9,9,https://reddit.com/r/Warhammer40k/comments/10mt7zy/got_these_3_warhammer_books_from_a_local_store/,New Starter Help
10o3pa3,Warhammer40k,2023-01-29,2023-01,Never add up what you've spent at your FLGS!,1,10,https://reddit.com/r/Warhammer40k/comments/10o3pa3/never_add_up_what_youve_spent_at_your_flgs/,Hobby & Painting
10prxi0,Warhammer40k,2023-01-31,2023-01,Yesterday I had my first ever painting tutorial at my LGS!,10,2,https://reddit.com/r/Warhammer40k/comments/10prxi0/yesterday_i_had_my_first_ever_painting_tutorial/,Hobby & Painting
10svgi6,Warhammer40k,2023-02-03,2023-02,WIP for my first competition model at my LGS. C&C always welcome,113,6,https://reddit.com/r/Warhammer40k/comments/10svgi6/wip_for_my_first_competition_model_at_my_lgs_cc/,Hobby & Painting
10uln1i,Warhammer40k,2023-02-05,2023-02,Look what i found in my local game store!,679,70,https://reddit.com/r/Warhammer40k/comments/10uln1i/look_what_i_found_in_my_local_game_store/,Hobby & Painting
10uvv2n,Warhammer40k,2023-02-06,2023-02,Seeing some amazing army's on here! Just started 40k and starting my first army Grey Knights. Attended my first event at my local game store to observe and learn how to play which was fun. looking forward to my first game. Here is my first try at building and painting them! Dreadknight not done yet.,51,3,https://reddit.com/r/Warhammer40k/comments/10uvv2n/seeing_some_amazing_armys_on_here_just_started/,New Starter Help
10w924a,Warhammer40k,2023-02-07,2023-02,Next set for local LGS,35,0,https://reddit.com/r/Warhammer40k/comments/10w924a/next_set_for_local_lgs/,Hobby & Painting
10waa93,Warhammer40k,2023-02-07,2023-02,Can I get miniature of the month in my LGS or only in official GW store?,47,11,https://reddit.com/r/Warhammer40k/comments/10waa93/can_i_get_miniature_of_the_month_in_my_lgs_or/,Hobby & Painting
10wbwgn,Warhammer40k,2023-02-07,2023-02,"Found this head in a bits box at my lgs, anyone know what it is/from?",36,7,https://reddit.com/r/Warhammer40k/comments/10wbwgn/found_this_head_in_a_bits_box_at_my_lgs_anyone/,Misc
10wlh8s,Warhammer40k,2023-02-08,2023-02,"First Competition piece completed for my LGS, magnetized weapons and chassis",47,6,https://reddit.com/r/Warhammer40k/comments/10wlh8s/first_competition_piece_completed_for_my_lgs/,Hobby & Painting
10y1zl7,Warhammer40k,2023-02-09,2023-02,FLGS in Edinburgh?,5,2,https://reddit.com/r/Warhammer40k/comments/10y1zl7/flgs_in_edinburgh/,Misc
10ypn47,Warhammer40k,2023-02-10,2023-02,Support your FLGS - they are working hard for you!,778,80,https://reddit.com/r/Warhammer40k/comments/10ypn47/support_your_flgs_they_are_working_hard_for_you/,Misc
10ys8bg,Warhammer40k,2023-02-10,2023-02,People seem to be MAD about Angron ( delivery at my Lgs),1561,126,https://reddit.com/r/Warhammer40k/comments/10ys8bg/people_seem_to_be_mad_about_angron_delivery_at_my/,Misc
10zvkcz,Warhammer40k,2023-02-11,2023-02,Bad experience at game store,0,23,https://reddit.com/r/Warhammer40k/comments/10zvkcz/bad_experience_at_game_store/,Misc
110soo7,Warhammer40k,2023-02-12,2023-02,Was playing my friend at a FLGS and caught these,18,7,https://reddit.com/r/Warhammer40k/comments/110soo7/was_playing_my_friend_at_a_flgs_and_caught_these/,Misc
112wftu,Warhammer40k,2023-02-15,2023-02,How’s your local GW store?,0,25,https://reddit.com/r/Warhammer40k/comments/112wftu/hows_your_local_gw_store/,Misc
115bodb,Warhammer40k,2023-02-18,2023-02,"This is a mini diorama I submitted to a local hobby shop for a painting competition, in which I had come 4th place. The diorama is titled ""They Shall Know Fear."" featuring a Guardsman seeking protection from a statue with true belief it'll save him. Any and all comments and critiques are welcome!",19,3,https://reddit.com/r/Warhammer40k/comments/115bodb/this_is_a_mini_diorama_i_submitted_to_a_local/,Hobby & Painting
116s92t,Warhammer40k,2023-02-20,2023-02,My wins from my LGS auction today,33,5,https://reddit.com/r/Warhammer40k/comments/116s92t/my_wins_from_my_lgs_auction_today/,Misc
117ujl7,Warhammer40k,2023-02-21,2023-02,Where is it possible to get the first AoO book? It sold out before it got to my LGS and I haven’t been able to find it even on eBay,7,10,https://reddit.com/r/Warhammer40k/comments/117ujl7/where_is_it_possible_to_get_the_first_aoo_book_it/,Misc
119coh1,Warhammer40k,2023-02-22,2023-02,"LGS is closing, any suggestions on new locations to meet?",0,3,https://reddit.com/r/Warhammer40k/comments/119coh1/lgs_is_closing_any_suggestions_on_new_locations/,Misc
11bxigv,Warhammer40k,2023-02-25,2023-02,Bought this from my lgs. I know it’s a blood angel librarian dread (i play scythes of the emperor) could i keep it’s melee and add a storm bolter and take off the flamer for a different weapon to run as a Chaplain venerable dread?,5,1,https://reddit.com/r/Warhammer40k/comments/11bxigv/bought_this_from_my_lgs_i_know_its_a_blood_angel/,New Starter Help
11bpu20,Warhammer40k,2023-02-25,2023-02,My local game store sells mistery boxes and I got this from one. Are these datacards for 9th edition?,631,117,https://reddit.com/r/Warhammer40k/comments/11bpu20/my_local_game_store_sells_mistery_boxes_and_i_got/,New Starter Help
11c0pok,Warhammer40k,2023-02-26,2023-02,What can you do if the boards at your local game store have very poor cover?,3,4,https://reddit.com/r/Warhammer40k/comments/11c0pok/what_can_you_do_if_the_boards_at_your_local_game/,New Starter Help
11d3izg,Warhammer40k,2023-02-27,2023-02,"LGS hurting for players, looking for help for a better turnout",3,16,https://reddit.com/r/Warhammer40k/comments/11d3izg/lgs_hurting_for_players_looking_for_help_for_a/,Misc
11ed6ia,Warhammer40k,2023-02-28,2023-02,Just finished up this Praetorian Breacher Squad for my Ultramarines Horus Heresy army. This unit was painted as an example entry contest at my LGS in Chicago.,20,0,https://reddit.com/r/Warhammer40k/comments/11ed6ia/just_finished_up_this_praetorian_breacher_squad/,Hobby & Painting
11h35lg,Warhammer40k,2023-03-03,2023-03,Warhammer Store,29,7,https://reddit.com/r/Warhammer40k/comments/11h35lg/warhammer_store/,Misc
11jec4l,Warhammer40k,2023-03-05,2023-03,"Just picked up Brutal Kunnin from my FLGS, and, by Mork (or Gork, I’m spiritually inclusive) this is the best book I’ve ever read!",40,4,https://reddit.com/r/Warhammer40k/comments/11jec4l/just_picked_up_brutal_kunnin_from_my_flgs_and_by/,Misc
11iqmuc,Warhammer40k,2023-03-05,2023-03,No berserkers available at local store? Well I'll make my own berserkers... with blackjack... and hookers,17,2,https://reddit.com/r/Warhammer40k/comments/11iqmuc/no_berserkers_available_at_local_store_well_ill/,Hobby &amp; Painting
11ky7cp,Warhammer40k,2023-03-07,2023-03,"Went to the Warhammer Store &amp; Cafe in Grapevine TX. Got some GSC. They’ve for some cool stuff inside, highly recommend visiting.",83,24,https://reddit.com/r/Warhammer40k/comments/11ky7cp/went_to_the_warhammer_store_cafe_in_grapevine_tx/,Misc
11l18rh,Warhammer40k,2023-03-07,2023-03,My Skitarii box did not come with a base for the Arquebus. Anything I could do? (Bought from a local store that order directly from GW),186,28,https://reddit.com/r/Warhammer40k/comments/11l18rh/my_skitarii_box_did_not_come_with_a_base_for_the/,Hobby &amp; Painting
11omtei,Warhammer40k,2023-03-11,2023-03,Miniature of the Month turned into a DeathGuard Cultist. Sadly my LGS doesnt do competitions.,11,0,https://reddit.com/r/Warhammer40k/comments/11omtei/miniature_of_the_month_turned_into_a_deathguard/,Hobby &amp; Painting
11pylui,Warhammer40k,2023-03-13,2023-03,"When your ""friendly local game store"" isn't friendly.",62,51,https://reddit.com/r/Warhammer40k/comments/11pylui/when_your_friendly_local_game_store_isnt_friendly/,New Starter Help
11q8l95,Warhammer40k,2023-03-13,2023-03,if you are new player headed to your nearest warhammer store you can get space marine for free,2,1,https://reddit.com/r/Warhammer40k/comments/11q8l95/if_you_are_new_player_headed_to_your_nearest/,New Starter Help
11r1sdp,Warhammer40k,2023-03-14,2023-03,what happened to my FLGS and what do I do,170,80,https://reddit.com/r/Warhammer40k/comments/11r1sdp/what_happened_to_my_flgs_and_what_do_i_do/,Misc
11sulif,Warhammer40k,2023-03-16,2023-03,Nazi got bammed from LGS,0,322,https://reddit.com/r/Warhammer40k/comments/11sulif/nazi_got_bammed_from_lgs/,Misc
11ttv8m,Warhammer40k,2023-03-17,2023-03,Jakhal for LGS Mini of the Month competition,59,5,https://reddit.com/r/Warhammer40k/comments/11ttv8m/jakhal_for_lgs_mini_of_the_month_competition/,Hobby &amp; Painting
11trhur,Warhammer40k,2023-03-17,2023-03,"PSA: Gladius - Relics of War, a 4X strategy game is free on Epic Games Store right now, so for those interested, go take a look!",63,1,https://reddit.com/r/Warhammer40k/comments/11trhur/psa_gladius_relics_of_war_a_4x_strategy_game_is/,Video Games
11uaz6v,Warhammer40k,2023-03-18,2023-03,"Hello all! This is my first chaos knight I got as a lgs rescue as it’s got some bits missing, I know I’m not the best painter so go easy on me, I tried doing a grim dark scheme on this custom household of chaos knight",6,0,https://reddit.com/r/Warhammer40k/comments/11uaz6v/hello_all_this_is_my_first_chaos_knight_i_got_as/,Hobby &amp; Painting
11v0s0u,Warhammer40k,2023-03-18,2023-03,My first mini i went to my local warhammer store,24,9,https://reddit.com/r/Warhammer40k/comments/11v0s0u/my_first_mini_i_went_to_my_local_warhammer_store/,New Starter Help
11vpwfq,Warhammer40k,2023-03-19,2023-03,Birthday today. Folks got me this random GW goodie box from a local comic store. Guess for how much? Comment with closest guess at 12 pm East Coast tomorrow (3/20) will get gilded,0,2,https://reddit.com/r/Warhammer40k/comments/11vpwfq/birthday_today_folks_got_me_this_random_gw_goodie/,Hobby &amp; Painting
11xmxpj,Warhammer40k,2023-03-21,2023-03,Finished my display and turned it into the LGS yesterday!,92,10,https://reddit.com/r/Warhammer40k/comments/11xmxpj/finished_my_display_and_turned_it_into_the_lgs/,Hobby &amp; Painting
11xybwe,Warhammer40k,2023-03-21,2023-03,"I found this at my local thrift store, and thought I'd show it off!",131,18,https://reddit.com/r/Warhammer40k/comments/11xybwe/i_found_this_at_my_local_thrift_store_and_thought/,Video Games
120r618,Warhammer40k,2023-03-24,2023-03,I just played a great match yesterday and wanted to share the coolest thing I’ve ever seen in a game store.,0,7,https://reddit.com/r/Warhammer40k/comments/120r618/i_just_played_a_great_match_yesterday_and_wanted/,Misc
121wmid,Warhammer40k,2023-03-25,2023-03,Army size for playing at LGS,1,3,https://reddit.com/r/Warhammer40k/comments/121wmid/army_size_for_playing_at_lgs/,New Starter Help
122s3wi,Warhammer40k,2023-03-26,2023-03,How bad is theft/shrinkage in GW/LGS stores?,0,6,https://reddit.com/r/Warhammer40k/comments/122s3wi/how_bad_is_theftshrinkage_in_gwlgs_stores/,Misc
1241wf4,Warhammer40k,2023-03-27,2023-03,Won crowd favorite at my LGS's painting competition!,78,4,https://reddit.com/r/Warhammer40k/comments/1241wf4/won_crowd_favorite_at_my_lgss_painting_competition/,Hobby &amp; Painting
125e2zu,Warhammer40k,2023-03-29,2023-03,Anyone know who this guy is? Found him in the imperial guard section at my local gaming store,2,1,https://reddit.com/r/Warhammer40k/comments/125e2zu/anyone_know_who_this_guy_is_found_him_in_the/,Misc
127vqzv,Warhammer40k,2023-03-31,2023-03,So I went to a Warhammer Store with her for the First time... &lt;3,23,5,https://reddit.com/r/Warhammer40k/comments/127vqzv/so_i_went_to_a_warhammer_store_with_her_for_the/,Misc
128uu10,Warhammer40k,2023-04-01,2023-04,FLGS Prices Higher Than GW?,12,28,https://reddit.com/r/Warhammer40k/comments/128uu10/flgs_prices_higher_than_gw/,Misc
128tbbz,Warhammer40k,2023-04-01,2023-04,I'm overwhelmed by the options from Campaign Books and supplements. Can someone identify which chapter of Space Marines this is from? I see them all the time in my local store.,0,6,https://reddit.com/r/Warhammer40k/comments/128tbbz/im_overwhelmed_by_the_options_from_campaign_books/,Hobby & Painting
12aqfnj,Warhammer40k,2023-04-03,2023-04,Recently finished up these three Deimos Predators with Volkite Macro-Sakers as an example entry for a painting contest I'm helping run at my LGS in Chicago.,62,2,https://reddit.com/r/Warhammer40k/comments/12aqfnj/recently_finished_up_these_three_deimos_predators/,Hobby & Painting
12dlrcp,Warhammer40k,2023-04-06,2023-04,Why does this guy at my flgs keep winning?,1,31,https://reddit.com/r/Warhammer40k/comments/12dlrcp/why_does_this_guy_at_my_flgs_keep_winning/,Rules
12dq6sn,Warhammer40k,2023-04-06,2023-04,"Somehow my local game store managed to have this in stock, front and center",35,6,https://reddit.com/r/Warhammer40k/comments/12dq6sn/somehow_my_local_game_store_managed_to_have_this/,Hobby & Painting
12f34v5,Warhammer40k,2023-04-07,2023-04,"found this in a box of used models at my LGS, can anyone help me find what it is exactly?",1,0,https://reddit.com/r/Warhammer40k/comments/12f34v5/found_this_in_a_box_of_used_models_at_my_lgs_can/,Misc
12g0u0j,Warhammer40k,2023-04-08,2023-04,Came second in my local store painting competition and my mini will now be displayed at Warhammer World.,5,0,https://reddit.com/r/Warhammer40k/comments/12g0u0j/came_second_in_my_local_store_painting/,Hobby & Painting
12hy1e3,Warhammer40k,2023-04-10,2023-04,Went to a new LGS and picked up some cool Oldhammer!,7,10,https://reddit.com/r/Warhammer40k/comments/12hy1e3/went_to_a_new_lgs_and_picked_up_some_cool/,Hobby & Painting
12kej6g,Warhammer40k,2023-04-13,2023-04,"New to Los Angeles, what's a good FLGS?",1,1,https://reddit.com/r/Warhammer40k/comments/12kej6g/new_to_los_angeles_whats_a_good_flgs/,New Starter Help
12m4a58,Warhammer40k,2023-04-14,2023-04,Is there a NYC local game store that sells Warhammer at that 15% discount?,0,6,https://reddit.com/r/Warhammer40k/comments/12m4a58/is_there_a_nyc_local_game_store_that_sells/,New Starter Help
12mb9va,Warhammer40k,2023-04-14,2023-04,Guardsmen I painted up for miniture of the month at the local store. Maybe I'll start another army....,202,5,https://reddit.com/r/Warhammer40k/comments/12mb9va/guardsmen_i_painted_up_for_miniture_of_the_month/,Hobby & Painting
12mmc14,Warhammer40k,2023-04-15,2023-04,"After months of refusing to pay $200+ online for a zoat, I find this behind some boxes at my LGS for $60",175,9,https://reddit.com/r/Warhammer40k/comments/12mmc14/after_months_of_refusing_to_pay_200_online_for_a/,Hobby & Painting
12oh0wu,Warhammer40k,2023-04-16,2023-04,Went to local Warhammer store to start the hobby,50,7,https://reddit.com/r/Warhammer40k/comments/12oh0wu/went_to_local_warhammer_store_to_start_the_hobby/,Hobby & Painting
12o2yf9,Warhammer40k,2023-04-16,2023-04,Found these in a local vintage store...,10,5,https://reddit.com/r/Warhammer40k/comments/12o2yf9/found_these_in_a_local_vintage_store/,Hobby & Painting
12oxuu2,Warhammer40k,2023-04-17,2023-04,WIP on a lamenter for my LGS painting contest. C&C welcome.,6,0,https://reddit.com/r/Warhammer40k/comments/12oxuu2/wip_on_a_lamenter_for_my_lgs_painting_contest_cc/,Hobby & Painting
12p7dfz,Warhammer40k,2023-04-17,2023-04,Paint a mini in 1 hour with random colours at my warhammer store anniversary,62,9,https://reddit.com/r/Warhammer40k/comments/12p7dfz/paint_a_mini_in_1_hour_with_random_colours_at_my/,Hobby & Painting
12pnoqc,Warhammer40k,2023-04-17,2023-04,Longest I've ever spent painting a Space Marine. Angels Vermillion for a local Warhammer store challenge,31,0,https://reddit.com/r/Warhammer40k/comments/12pnoqc/longest_ive_ever_spent_painting_a_space_marine/,Hobby & Painting
12q5wor,Warhammer40k,2023-04-18,2023-04,Bought a used Rhino from my game store and Ork’d it up!,15,0,https://reddit.com/r/Warhammer40k/comments/12q5wor/bought_a_used_rhino_from_my_game_store_and_orkd/,Hobby & Painting
12qlz9e,Warhammer40k,2023-04-18,2023-04,WarHammer 40000 Space Marine is delisted from PlayStation Store on PS3 😞. Just why?,0,13,https://reddit.com/r/Warhammer40k/comments/12qlz9e/warhammer_40000_space_marine_is_delisted_from/,New Starter Help
12vahz1,Warhammer40k,2023-04-22,2023-04,On the shelf alone at FLGS,0,0,https://reddit.com/r/Warhammer40k/comments/12vahz1/on_the_shelf_alone_at_flgs/,Hobby & Painting
12vbm2x,Warhammer40k,2023-04-22,2023-04,Remember to check your FLGS. Mine had 2 in stock.,12,0,https://reddit.com/r/Warhammer40k/comments/12vbm2x/remember_to_check_your_flgs_mine_had_2_in_stock/,Misc
12vf8vl,Warhammer40k,2023-04-22,2023-04,Found at a game store in a local mall!,1184,76,https://reddit.com/r/Warhammer40k/comments/12vf8vl/found_at_a_game_store_in_a_local_mall/,Hobby & Painting
12xhcpf,Warhammer40k,2023-04-24,2023-04,Almost perfect timing with todays announcement! Finished my Prime on Saturday for the LGS painting competition and today we get shown the winged version.,64,3,https://reddit.com/r/Warhammer40k/comments/12xhcpf/almost_perfect_timing_with_todays_announcement/,Hobby & Painting
12zfazl,Warhammer40k,2023-04-26,2023-04,I got mh first mini from the warhammer store assalt intercessor but i noticed i want to repaint parts that werent properly primed and repaint the chest and back any help how to do this without getting rid kf everything,1,2,https://reddit.com/r/Warhammer40k/comments/12zfazl/i_got_mh_first_mini_from_the_warhammer_store/,New Starter Help
130706c,Warhammer40k,2023-04-27,2023-04,Poll for army I use at last 9th Edition event at my local store.,0,0,https://reddit.com/r/Warhammer40k/comments/130706c/poll_for_army_i_use_at_last_9th_edition_event_at/,Hobby & Painting
132xck7,Warhammer40k,2023-04-29,2023-04,Buddy of mine opened a FLGS today. Me and a friend showed up with fully painted armies to represent the hobby and had a blast.,420,25,https://reddit.com/r/Warhammer40k/comments/132xck7/buddy_of_mine_opened_a_flgs_today_me_and_a_friend/,Hobby & Painting
13485wk,Warhammer40k,2023-05-01,2023-05,My DIY tray for carrying stuff to my LGS!,33,1,https://reddit.com/r/Warhammer40k/comments/13485wk/my_diy_tray_for_carrying_stuff_to_my_lgs/,Hobby & Painting
1384l8t,Warhammer40k,2023-05-05,2023-05,FLGS in Charlotte area that stock warhammer?,2,2,https://reddit.com/r/Warhammer40k/comments/1384l8t/flgs_in_charlotte_area_that_stock_warhammer/,Misc
13am6jt,Warhammer40k,2023-05-07,2023-05,Why is there no Terminator Chaplain available in the Warhammer store?,1676,108,https://reddit.com/r/Warhammer40k/comments/13am6jt/why_is_there_no_terminator_chaplain_available_in/,Misc
13dt91i,Warhammer40k,2023-05-10,2023-05,"Just finished up these Ultramarines Javelin Attack Speeders, these models were painted as an example entry for a painting contest I'm helping run at my LGS in Chicago.",29,0,https://reddit.com/r/Warhammer40k/comments/13dt91i/just_finished_up_these_ultramarines_javelin/,Hobby & Painting
13guan2,Warhammer40k,2023-05-13,2023-05,Just got back from the Warhammer store,1,0,https://reddit.com/r/Warhammer40k/comments/13guan2/just_got_back_from_the_warhammer_store/,Hobby & Painting
13hh0w6,Warhammer40k,2023-05-14,2023-05,Found these guys at my local Game Store,391,22,https://reddit.com/r/Warhammer40k/comments/13hh0w6/found_these_guys_at_my_local_game_store/,Hobby & Painting
13h997d,Warhammer40k,2023-05-14,2023-05,Got this at a local store of mine,18,4,https://reddit.com/r/Warhammer40k/comments/13h997d/got_this_at_a_local_store_of_mine/,Video Games
13imu46,Warhammer40k,2023-05-15,2023-05,"Did I need a firstborn Apothecary, no. did I buy it used from my FLGS, yes. And I’m pretty happy overall",8,0,https://reddit.com/r/Warhammer40k/comments/13imu46/did_i_need_a_firstborn_apothecary_no_did_i_buy_it/,Hobby & Painting
13lbyc7,Warhammer40k,2023-05-18,2023-05,Managed to snag the last one at my LGS,15,3,https://reddit.com/r/Warhammer40k/comments/13lbyc7/managed_to_snag_the_last_one_at_my_lgs/,Hobby & Painting
13lbqjc,Warhammer40k,2023-05-18,2023-05,"If this model ever gets shelved, I'm quitting entirely. This was THE model that got me interested, I was 10 or 11 in a game store and I saw this beautiful model on the tabletop. The owner let me pick it up and check it out and I was smitten. The space marines Cannot lose something so precious.",0,12,https://reddit.com/r/Warhammer40k/comments/13lbqjc/if_this_model_ever_gets_shelved_im_quitting/,Misc
13m9l63,Warhammer40k,2023-05-19,2023-05,Found some pretty good stuff at my local GW store,0,5,https://reddit.com/r/Warhammer40k/comments/13m9l63/found_some_pretty_good_stuff_at_my_local_gw_store/,Misc
13nftov,Warhammer40k,2023-05-21,2023-05,Went to my lgs and the owner gave me TWO mini of the month. This dude is the best,16,6,https://reddit.com/r/Warhammer40k/comments/13nftov/went_to_my_lgs_and_the_owner_gave_me_two_mini_of/,Hobby & Painting
13olzre,Warhammer40k,2023-05-22,2023-05,Worst LGS pricing you've ever seen?,0,1,https://reddit.com/r/Warhammer40k/comments/13olzre/worst_lgs_pricing_youve_ever_seen/,Hobby & Painting
13oxp81,Warhammer40k,2023-05-22,2023-05,"Where will we be able to preorder Leviathan, will they do a MTO, If I miss you preorder can I buy it at my local Warhammer store?",0,1,https://reddit.com/r/Warhammer40k/comments/13oxp81/where_will_we_be_able_to_preorder_leviathan_will/,Misc
13ptdag,Warhammer40k,2023-05-23,2023-05,"If local game shop is out of option, where should i buy models ?",0,5,https://reddit.com/r/Warhammer40k/comments/13ptdag/if_local_game_shop_is_out_of_option_where_should/,Hobby & Painting
13pw6e4,Warhammer40k,2023-05-23,2023-05,Cadia Stands! (at my local grocery store),1,0,https://reddit.com/r/Warhammer40k/comments/13pw6e4/cadia_stands_at_my_local_grocery_store/,Misc
13pw7vy,Warhammer40k,2023-05-23,2023-05,Cadia Stands! (at my local grocery store),1,0,https://reddit.com/r/Warhammer40k/comments/13pw7vy/cadia_stands_at_my_local_grocery_store/,Misc
13pw92l,Warhammer40k,2023-05-23,2023-05,Cadia Stands! (at my local grocery store),2,1,https://reddit.com/r/Warhammer40k/comments/13pw92l/cadia_stands_at_my_local_grocery_store/,Misc
13q1key,Warhammer40k,2023-05-23,2023-05,Local store has like three of them,1,2,https://reddit.com/r/Warhammer40k/comments/13q1key/local_store_has_like_three_of_them/,Hobby & Painting
13qc1vf,Warhammer40k,2023-05-24,2023-05,I want to go to a Warhammer game at my local hobby store but...,0,14,https://reddit.com/r/Warhammer40k/comments/13qc1vf/i_want_to_go_to_a_warhammer_game_at_my_local/,Misc
13r4wiu,Warhammer40k,2023-05-25,2023-05,So I discovered a new hobby... Thanks to Wollongong's Warhammer Store!!!,44,13,https://reddit.com/r/Warhammer40k/comments/13r4wiu/so_i_discovered_a_new_hobby_thanks_to_wollongongs/,Hobby & Painting
13rjb4z,Warhammer40k,2023-05-25,2023-05,Captain messinius for my local games store painting competion,16,0,https://reddit.com/r/Warhammer40k/comments/13rjb4z/captain_messinius_for_my_local_games_store/,Hobby & Painting
13v532v,Warhammer40k,2023-05-29,2023-05,Got one of 2. Support your LGS when you can.,0,0,https://reddit.com/r/Warhammer40k/comments/13v532v/got_one_of_2_support_your_lgs_when_you_can/,Hobby & Painting
13uysr6,Warhammer40k,2023-05-29,2023-05,Just won armies on parade at my local game store :D,708,18,https://reddit.com/r/Warhammer40k/comments/13uysr6/just_won_armies_on_parade_at_my_local_game_store_d/,Hobby & Painting
13vv8t2,Warhammer40k,2023-05-30,2023-05,Found at my LGS. How old?,530,39,https://reddit.com/r/Warhammer40k/comments/13vv8t2/found_at_my_lgs_how_old/,Misc
13vys1d,Warhammer40k,2023-05-30,2023-05,"Started 40k at the end of March and have made some good progress, these are submission pics for a LGS contest",37,1,https://reddit.com/r/Warhammer40k/comments/13vys1d/started_40k_at_the_end_of_march_and_have_made/,Hobby & Painting
13vwl8w,Warhammer40k,2023-05-30,2023-05,Got to love buy one get one 50% off at the local store! Just couldn't resist!,2,0,https://reddit.com/r/Warhammer40k/comments/13vwl8w/got_to_love_buy_one_get_one_50_off_at_the_local/,Hobby & Painting
13wt7l6,Warhammer40k,2023-05-31,2023-05,Terminator Chaplain AKA Always Check Your FLGS's Used Cabinet,205,9,https://reddit.com/r/Warhammer40k/comments/13wt7l6/terminator_chaplain_aka_always_check_your_flgss/,Hobby & Painting
13wrrho,Warhammer40k,2023-05-31,2023-05,My local games store is blessed by the Emperor himself!!!,0,2,https://reddit.com/r/Warhammer40k/comments/13wrrho/my_local_games_store_is_blessed_by_the_emperor/,Hobby & Painting
13wrrhu,Warhammer40k,2023-05-31,2023-05,My local games store is blessed by the Emperor himself!!!,1,0,https://reddit.com/r/Warhammer40k/comments/13wrrhu/my_local_games_store_is_blessed_by_the_emperor/,Hobby & Painting
13wx63a,Warhammer40k,2023-05-31,2023-05,Tips to Pick Up Leviathan Box - If you want it you should probably call your local gaming store now!,1,0,https://reddit.com/r/Warhammer40k/comments/13wx63a/tips_to_pick_up_leviathan_box_if_you_want_it_you/,Hobby & Painting
13x4yu1,Warhammer40k,2023-06-01,2023-06,Picked up my Ashes of Faith box from my FLGS and no inquisitor henchmen :(,0,4,https://reddit.com/r/Warhammer40k/comments/13x4yu1/picked_up_my_ashes_of_faith_box_from_my_flgs_and/,New Starter Help
13yh56d,Warhammer40k,2023-06-02,2023-06,"Need FLGS recommendations. Moving to The Hague, Netherlands",0,3,https://reddit.com/r/Warhammer40k/comments/13yh56d/need_flgs_recommendations_moving_to_the_hague/,New Starter Help
13yp4lp,Warhammer40k,2023-06-02,2023-06,Help me open a game store,1,0,https://reddit.com/r/Warhammer40k/comments/13yp4lp/help_me_open_a_game_store/,Misc
140ekzb,Warhammer40k,2023-06-04,2023-06,Preorders with FLGS and partner sites,0,7,https://reddit.com/r/Warhammer40k/comments/140ekzb/preorders_with_flgs_and_partner_sites/,Hobby & Painting
140egyq,Warhammer40k,2023-06-04,2023-06,Advanced beaky boys at the Hong Kong Warhammer store (and other fun models),148,6,https://reddit.com/r/Warhammer40k/comments/140egyq/advanced_beaky_boys_at_the_hong_kong_warhammer/,Hobby & Painting
140kijy,Warhammer40k,2023-06-04,2023-06,My local Warhammer store put my Tyrant and Decimator(RIP) in their center display case!,303,5,https://reddit.com/r/Warhammer40k/comments/140kijy/my_local_warhammer_store_put_my_tyrant_and/,Hobby & Painting
143nln8,Warhammer40k,2023-06-07,2023-06,Leviathan FLGS Allocation,14,22,https://reddit.com/r/Warhammer40k/comments/143nln8/leviathan_flgs_allocation/,Misc
1449zov,Warhammer40k,2023-06-08,2023-06,FLGS Leviathan Box Preorder Availability,0,1,https://reddit.com/r/Warhammer40k/comments/1449zov/flgs_leviathan_box_preorder_availability/,Misc
1456gm7,Warhammer40k,2023-06-09,2023-06,GW Allocation Strikes Again: Leviathan shortage at FLGS.,838,183,https://reddit.com/r/Warhammer40k/comments/1456gm7/gw_allocation_strikes_again_leviathan_shortage_at/,News & Rumours
145967a,Warhammer40k,2023-06-09,2023-06,Looking for a FLGS in San Francisco,1,2,https://reddit.com/r/Warhammer40k/comments/145967a/looking_for_a_flgs_in_san_francisco/,Hobby & Painting
145267o,Warhammer40k,2023-06-09,2023-06,"Every single LGS in my area has stopped taking preorders for Leviathan. So much for ""they made enough this time""?",0,36,https://reddit.com/r/Warhammer40k/comments/145267o/every_single_lgs_in_my_area_has_stopped_taking/,Misc
144sihp,Warhammer40k,2023-06-09,2023-06,Does Your Local Warhammer Store Not Have Bags?,1,3,https://reddit.com/r/Warhammer40k/comments/144sihp/does_your_local_warhammer_store_not_have_bags/,Hobby & Painting
14523s4,Warhammer40k,2023-06-09,2023-06,Got a free space marine from a Warhammer store and decided to kitbash him into a primaris lieutenant!,12,2,https://reddit.com/r/Warhammer40k/comments/14523s4/got_a_free_space_marine_from_a_warhammer_store/,Hobby & Painting
145rct7,Warhammer40k,2023-06-10,2023-06,FLGS question,2,5,https://reddit.com/r/Warhammer40k/comments/145rct7/flgs_question/,Hobby & Painting
1469vp0,Warhammer40k,2023-06-10,2023-06,Went on a paint run to the LGS...came out with space bugs. Might as well just tythe with them 🤣,1,2,https://reddit.com/r/Warhammer40k/comments/1469vp0/went_on_a_paint_run_to_the_lgscame_out_with_space/,Hobby & Painting
145qac6,Warhammer40k,2023-06-10,2023-06,My local game shop was kind enough to let me start painting up their Leviathan set. First Terminator down.,1011,48,https://reddit.com/r/Warhammer40k/comments/145qac6/my_local_game_shop_was_kind_enough_to_let_me/,Hobby & Painting
146rj3g,Warhammer40k,2023-06-11,2023-06,Take a look at our latest Youtube video as mrs MLG unboxes and paints Lady Annika for Warhammer Age Of Sigmar #warhammer #aos #flgs #lgs #warhammercommunity #paintingMiniatures,0,1,https://reddit.com/r/Warhammer40k/comments/146rj3g/take_a_look_at_our_latest_youtube_video_as_mrs/,Hobby & Painting
146w6rd,Warhammer40k,2023-06-11,2023-06,I love working at a hobby shop,1,0,https://reddit.com/r/Warhammer40k/comments/146w6rd/i_love_working_at_a_hobby_shop/,Hobby & Painting
146w852,Warhammer40k,2023-06-11,2023-06,I love working at a hobby shop,8,4,https://reddit.com/r/Warhammer40k/comments/146w852/i_love_working_at_a_hobby_shop/,Hobby & Painting
147m1l6,Warhammer40k,2023-06-12,2023-06,Your FLGS miss out on Leviathan? One store in Brisbane got ~700 copies,2,0,https://reddit.com/r/Warhammer40k/comments/147m1l6/your_flgs_miss_out_on_leviathan_one_store_in/,News & Rumours
147qbei,Warhammer40k,2023-06-12,2023-06,How do I turn them into CSM Biker? I won them at my FLGS' raffle,9,11,https://reddit.com/r/Warhammer40k/comments/147qbei/how_do_i_turn_them_into_csm_biker_i_won_them_at/,Hobby & Painting
147p02r,Warhammer40k,2023-06-12,2023-06,"LGS had this used kitbashed Blood Angel Captain, decided to bring him home and paint him up while I wait for Leviathan",0,0,https://reddit.com/r/Warhammer40k/comments/147p02r/lgs_had_this_used_kitbashed_blood_angel_captain/,Hobby & Painting
147wg7q,Warhammer40k,2023-06-12,2023-06,What are the strangest warhammer/lgs stores on earth?,0,1,https://reddit.com/r/Warhammer40k/comments/147wg7q/what_are_the_strangest_warhammerlgs_stores_on/,Misc
147rf8t,Warhammer40k,2023-06-12,2023-06,I found these brushes very cheaply in a local arts and crafts store. Could they be used for mini painting?,1,0,https://reddit.com/r/Warhammer40k/comments/147rf8t/i_found_these_brushes_very_cheaply_in_a_local/,Hobby & Painting
147rl14,Warhammer40k,2023-06-12,2023-06,I found these brushes very cheaply in my local arts and crafts store. Could they be used for mini painting?,1,0,https://reddit.com/r/Warhammer40k/comments/147rl14/i_found_these_brushes_very_cheaply_in_my_local/,Hobby & Painting
148fl7v,Warhammer40k,2023-06-13,2023-06,"Making a display piece for a FLGS, Ultramarines Vs ???",3,4,https://reddit.com/r/Warhammer40k/comments/148fl7v/making_a_display_piece_for_a_flgs_ultramarines_vs/,Hobby & Painting
148t46p,Warhammer40k,2023-06-13,2023-06,"Bought this at lgs, thoughts?",3,0,https://reddit.com/r/Warhammer40k/comments/148t46p/bought_this_at_lgs_thoughts/,Hobby & Painting
149acpe,Warhammer40k,2023-06-14,2023-06,Good FLGS stores near philly?,3,3,https://reddit.com/r/Warhammer40k/comments/149acpe/good_flgs_stores_near_philly/,New Starter Help
149ley0,Warhammer40k,2023-06-14,2023-06,So uh.. Game Store didn’t check release dates 🫣,679,114,https://reddit.com/r/Warhammer40k/comments/149ley0/so_uh_game_store_didnt_check_release_dates/,Hobby & Painting
149coho,Warhammer40k,2023-06-14,2023-06,leviathan minis for the local store,52,1,https://reddit.com/r/Warhammer40k/comments/149coho/leviathan_minis_for_the_local_store/,Hobby & Painting
149q595,Warhammer40k,2023-06-15,2023-06,Game store didn’t check release date (Repost),339,37,https://reddit.com/r/Warhammer40k/comments/149q595/game_store_didnt_check_release_date_repost/,News & Rumours
149v4bk,Warhammer40k,2023-06-15,2023-06,Painted my first marine at my local Warhammer store!,30,1,https://reddit.com/r/Warhammer40k/comments/149v4bk/painted_my_first_marine_at_my_local_warhammer/,Hobby & Painting
14bzf38,Warhammer40k,2023-06-17,2023-06,"Just got my starter box for the new edition! The guy at my LGS looked at me a bit funny when I said I was excited for the new models, am I missing something?",5,5,https://reddit.com/r/Warhammer40k/comments/14bzf38/just_got_my_starter_box_for_the_new_edition_the/,Misc
14c52dy,Warhammer40k,2023-06-17,2023-06,My LGS appreciation post.,1,0,https://reddit.com/r/Warhammer40k/comments/14c52dy/my_lgs_appreciation_post/,Misc
14cxrpy,Warhammer40k,2023-06-18,2023-06,Small damaged part on sprue from box I bought from my FLGS,1,8,https://reddit.com/r/Warhammer40k/comments/14cxrpy/small_damaged_part_on_sprue_from_box_i_bought/,New Starter Help
14ed1nt,Warhammer40k,2023-06-20,2023-06,Recently finished up this Ultramarines Praetor as an example entry for a monthly painting contest I help run at my LGS in Chicago.,34,1,https://reddit.com/r/Warhammer40k/comments/14ed1nt/recently_finished_up_this_ultramarines_praetor_as/,Hobby & Painting
14eh52r,Warhammer40k,2023-06-20,2023-06,Preorders for LGS Canceled,270,104,https://reddit.com/r/Warhammer40k/comments/14eh52r/preorders_for_lgs_canceled/,Misc
14ek5xj,Warhammer40k,2023-06-20,2023-06,My LGS got so many we made our own throne out of the boxes (204 copies to be exact),1575,178,https://reddit.com/r/Warhammer40k/comments/14ek5xj/my_lgs_got_so_many_we_made_our_own_throne_out_of/,Hobby & Painting
14f4xaq,Warhammer40k,2023-06-21,2023-06,Newbies and social anxiety to join in a FLGS (Friendly Local Game Store),7,4,https://reddit.com/r/Warhammer40k/comments/14f4xaq/newbies_and_social_anxiety_to_join_in_a_flgs/,New Starter Help
14es5vy,Warhammer40k,2023-06-21,2023-06,Will Leviathan be purchaseable at a lgs on the 24th?,2,9,https://reddit.com/r/Warhammer40k/comments/14es5vy/will_leviathan_be_purchaseable_at_a_lgs_on_the/,New Starter Help
14f7nkv,Warhammer40k,2023-06-21,2023-06,Found A 2nd Edition Starter Box at local thrift store,1533,99,https://reddit.com/r/Warhammer40k/comments/14f7nkv/found_a_2nd_edition_starter_box_at_local_thrift/,Misc
14g3tr7,Warhammer40k,2023-06-22,2023-06,"Just needed an apothecary to play combat patrol in my LGS, damn I hate painting white",56,3,https://reddit.com/r/Warhammer40k/comments/14g3tr7/just_needed_an_apothecary_to_play_combat_patrol/,Hobby & Painting
14g0x4m,Warhammer40k,2023-06-22,2023-06,First time I’ve seen this store at my local - I’ve either been indoors for far too long or this is new. Hello gorgeous.,2463,156,https://reddit.com/r/Warhammer40k/comments/14g0x4m/first_time_ive_seen_this_store_at_my_local_ive/,News & Rumours
14gv9fy,Warhammer40k,2023-06-23,2023-06,"Here's my entry to my FLGS's painting competition, whose theme is ""movie reference"" !",498,33,https://reddit.com/r/Warhammer40k/comments/14gv9fy/heres_my_entry_to_my_flgss_painting_competition/,Hobby & Painting
14guwjn,Warhammer40k,2023-06-23,2023-06,went to warhammer store and cafe tokyo.,396,28,https://reddit.com/r/Warhammer40k/comments/14guwjn/went_to_warhammer_store_and_cafe_tokyo/,Misc
14gz2yb,Warhammer40k,2023-06-23,2023-06,my other account got deleted - here’s another angle from my local store - Australia.,0,0,https://reddit.com/r/Warhammer40k/comments/14gz2yb/my_other_account_got_deleted_heres_another_angle/,News & Rumours
14i5asm,Warhammer40k,2023-06-24,2023-06,"I met Terry the Dark Angel at my FLGS Leviathan launch - grinning like a kid! I'm 6'2"" for context. With the helmet Terry's power armour goes over 7 foot.",1526,29,https://reddit.com/r/Warhammer40k/comments/14i5asm/i_met_terry_the_dark_angel_at_my_flgs_leviathan/,"Art, Cosplay & OC"
14hx5w9,Warhammer40k,2023-06-24,2023-06,"In celebration of 10th Editions launch we are hosting a farewell to 9th Edition Apocalypse game at my LGS in Chicago. There’s roughly 111,000 points at play with 18 players.",154,14,https://reddit.com/r/Warhammer40k/comments/14hx5w9/in_celebration_of_10th_editions_launch_we_are/,Misc
14i5pam,Warhammer40k,2023-06-24,2023-06,Box Throne Update at my LGS,23,1,https://reddit.com/r/Warhammer40k/comments/14i5pam/box_throne_update_at_my_lgs/,Hobby & Painting
14hyupn,Warhammer40k,2023-06-24,2023-06,No issue with stock at my local store,6,1,https://reddit.com/r/Warhammer40k/comments/14hyupn/no_issue_with_stock_at_my_local_store/,Misc
14i8yi1,Warhammer40k,2023-06-25,2023-06,"After 9 hours of gaming, and getting 3 full turns of play in, here's a final look at our farewell to 9th Edition Apocalypse Game at my LGS in Chicago. Ultimately both teams miraculously tied.",159,4,https://reddit.com/r/Warhammer40k/comments/14i8yi1/after_9_hours_of_gaming_and_getting_3_full_turns/,Misc
14iat0q,Warhammer40k,2023-06-25,2023-06,i won my first painting competition at my lgs today.,367,10,https://reddit.com/r/Warhammer40k/comments/14iat0q/i_won_my_first_painting_competition_at_my_lgs/,Hobby & Painting
14idz4c,Warhammer40k,2023-06-25,2023-06,Made some decals for the boys at the LGS during work.,24,2,https://reddit.com/r/Warhammer40k/comments/14idz4c/made_some_decals_for_the_boys_at_the_lgs_during/,Misc
14iokdj,Warhammer40k,2023-06-25,2023-06,Help out a LGS. Tell me what you’re buying next.,5,17,https://reddit.com/r/Warhammer40k/comments/14iokdj/help_out_a_lgs_tell_me_what_youre_buying_next/,New Starter Help
14iznr3,Warhammer40k,2023-06-25,2023-06,LGS still has 5 Leviathan boxes in stock,0,1,https://reddit.com/r/Warhammer40k/comments/14iznr3/lgs_still_has_5_leviathan_boxes_in_stock/,Hobby & Painting
14ii4ft,Warhammer40k,2023-06-25,2023-06,Anyone else’s game store do 20% off leviathan for paying in advance?,0,3,https://reddit.com/r/Warhammer40k/comments/14ii4ft/anyone_elses_game_store_do_20_off_leviathan_for/,Misc
14ilm87,Warhammer40k,2023-06-25,2023-06,"Visited the warhammer store for my first time, new to the hobby. Decided to try chaos marines and painting them has been a blast!",26,3,https://reddit.com/r/Warhammer40k/comments/14ilm87/visited_the_warhammer_store_for_my_first_time_new/,Hobby & Painting
14jtl2o,Warhammer40k,2023-06-26,2023-06,"Erm, my other LGS is selling Leviathan for $193 USD. How? I basically gotta buy it at that price right?",0,11,https://reddit.com/r/Warhammer40k/comments/14jtl2o/erm_my_other_lgs_is_selling_leviathan_for_193_usd/,Misc
14jwsqd,Warhammer40k,2023-06-26,2023-06,farewell to 9th Edition Apocalypse game at my LGS in Chicago. we welcomed in 10th with massive game over 111k points.,9,5,https://reddit.com/r/Warhammer40k/comments/14jwsqd/farewell_to_9th_edition_apocalypse_game_at_my_lgs/,Misc
14jn91e,Warhammer40k,2023-06-26,2023-06,"Does anyone know if the Warhammer Store & Cafe in Los Angeles, CA has a bring-your-own-models painting area?",1,4,https://reddit.com/r/Warhammer40k/comments/14jn91e/does_anyone_know_if_the_warhammer_store_cafe_in/,Misc
14js4rd,Warhammer40k,2023-06-26,2023-06,What's the Best store for warhammer 40k models?,0,5,https://reddit.com/r/Warhammer40k/comments/14js4rd/whats_the_best_store_for_warhammer_40k_models/,Hobby & Painting
14je2wz,Warhammer40k,2023-06-26,2023-06,My local GW had store anniversary + leviathan so I got some extra freebies,0,0,https://reddit.com/r/Warhammer40k/comments/14je2wz/my_local_gw_had_store_anniversary_leviathan_so_i/,Hobby & Painting
14k1onl,Warhammer40k,2023-06-27,2023-06,Anyone here know a good LGS in Westchester NY?,2,8,https://reddit.com/r/Warhammer40k/comments/14k1onl/anyone_here_know_a_good_lgs_in_westchester_ny/,Misc
14k05qk,Warhammer40k,2023-06-27,2023-06,"Won this in a raffle from my local game store, it's got some cool art but does anyone know what it is?",2,3,https://reddit.com/r/Warhammer40k/comments/14k05qk/won_this_in_a_raffle_from_my_local_game_store_its/,Misc
14lciov,Warhammer40k,2023-06-28,2023-06,"LGS had Leviathan on display, and the beloved Power Fist! This thing is ridiculously huge",26,6,https://reddit.com/r/Warhammer40k/comments/14lciov/lgs_had_leviathan_on_display_and_the_beloved/,Misc
14mavmj,Warhammer40k,2023-06-29,2023-06,"Just won a box of Necron Warriors from an LGS, I play Tyranids and SM (Raven Guard). What do i do with the Necrons?",12,28,https://reddit.com/r/Warhammer40k/comments/14mavmj/just_won_a_box_of_necron_warriors_from_an_lgs_i/,Hobby & Painting
14mf5li,Warhammer40k,2023-06-29,2023-06,My first dudes! Never build/painted anything before going to the Warhammer store on a whim last month,6,2,https://reddit.com/r/Warhammer40k/comments/14mf5li/my_first_dudes_never_buildpainted_anything_before/,Hobby & Painting
14mjocg,Warhammer40k,2023-06-29,2023-06,"My local GW store has these on display, the owner won’t sell them and doesn’t know what they are from. My main interest is the fella with the hat. Any help identifying would be greatly appreciated. Thanks in advance!",28,11,https://reddit.com/r/Warhammer40k/comments/14mjocg/my_local_gw_store_has_these_on_display_the_owner/,New Starter Help
14nb8sd,Warhammer40k,2023-06-30,2023-06,"Angron, the red angel, painted for a LGS competition",24,2,https://reddit.com/r/Warhammer40k/comments/14nb8sd/angron_the_red_angel_painted_for_a_lgs_competition/,Hobby & Painting
14ndnji,Warhammer40k,2023-06-30,2023-06,"Funny thing about the Leviathan boxes being back ordered, my game shop has 10 available",57,22,https://reddit.com/r/Warhammer40k/comments/14ndnji/funny_thing_about_the_leviathan_boxes_being_back/,Hobby & Painting
14p1rzx,Warhammer40k,2023-07-02,2023-07,FLGS has a painting competition. First time trying. WiP,5,0,https://reddit.com/r/Warhammer40k/comments/14p1rzx/flgs_has_a_painting_competition_first_time_trying/,Hobby & Painting
14p3r6u,Warhammer40k,2023-07-03,2023-07,My Daughter and I’s storm cast on display at the LGS,2,0,https://reddit.com/r/Warhammer40k/comments/14p3r6u/my_daughter_and_is_storm_cast_on_display_at_the/,Hobby & Painting
14p9iy7,Warhammer40k,2023-07-03,2023-07,Going to my first Warhammer store,1,8,https://reddit.com/r/Warhammer40k/comments/14p9iy7/going_to_my_first_warhammer_store/,New Starter Help
14q8am4,Warhammer40k,2023-07-04,2023-07,How's your Tyrannic War Crusade going for you and for the FLGS?,2,0,https://reddit.com/r/Warhammer40k/comments/14q8am4/hows_your_tyrannic_war_crusade_going_for_you_and/,Misc
14sn5vu,Warhammer40k,2023-07-06,2023-07,My LGS just posted that Games workshop is recalling the Chapter Approved: Leviathan Mission Deck,37,35,https://reddit.com/r/Warhammer40k/comments/14sn5vu/my_lgs_just_posted_that_games_workshop_is/,News & Rumours
14rsbzu,Warhammer40k,2023-07-06,2023-07,So I went to a Warhammer store,1735,444,https://reddit.com/r/Warhammer40k/comments/14rsbzu/so_i_went_to_a_warhammer_store/,Hobby & Painting
14ryb0i,Warhammer40k,2023-07-06,2023-07,I wanna talk about my really positive Warhammer store experience!,26,1,https://reddit.com/r/Warhammer40k/comments/14ryb0i/i_wanna_talk_about_my_really_positive_warhammer/,Hobby & Painting
14ukb21,Warhammer40k,2023-07-09,2023-07,Is it acceptable to bring any amount of 3d printed models to a game store?,0,8,https://reddit.com/r/Warhammer40k/comments/14ukb21/is_it_acceptable_to_bring_any_amount_of_3d/,New Starter Help
14w3tih,Warhammer40k,2023-07-10,2023-07,POV: The only Warhammer store you can get to (3 1/2hrs away) closed early that day.,0,1,https://reddit.com/r/Warhammer40k/comments/14w3tih/pov_the_only_warhammer_store_you_can_get_to_3/,Misc
14y526n,Warhammer40k,2023-07-13,2023-07,Printed up this Warhound for a flgs buddy,17,2,https://reddit.com/r/Warhammer40k/comments/14y526n/printed_up_this_warhound_for_a_flgs_buddy/,Hobby & Painting
15099vh,Warhammer40k,2023-07-15,2023-07,"Went into local store to get brushes, came out with a brother for Bobby G, convince me not to start a dark angels army 😅",12,5,https://reddit.com/r/Warhammer40k/comments/15099vh/went_into_local_store_to_get_brushes_came_out/,Hobby & Painting
151bebj,Warhammer40k,2023-07-16,2023-07,My girlfriend and I found this at our FLGS and decided to grab it!,6,7,https://reddit.com/r/Warhammer40k/comments/151bebj/my_girlfriend_and_i_found_this_at_our_flgs_and/,New Starter Help
151i69q,Warhammer40k,2023-07-16,2023-07,Painted my first model at a Warhammer store,87,12,https://reddit.com/r/Warhammer40k/comments/151i69q/painted_my_first_model_at_a_warhammer_store/,Hobby & Painting
1526gtt,Warhammer40k,2023-07-17,2023-07,Hi! I’m new to the game and I was wondering where I could find the stats for the space marine in the picture? I got it for the mini of the month at my local warhammer store,993,66,https://reddit.com/r/Warhammer40k/comments/1526gtt/hi_im_new_to_the_game_and_i_was_wondering_where_i/,New Starter Help
151znuo,Warhammer40k,2023-07-17,2023-07,My first ultramarine painted at my local store. Gimme feedback,10,1,https://reddit.com/r/Warhammer40k/comments/151znuo/my_first_ultramarine_painted_at_my_local_store/,Hobby & Painting
1527wge,Warhammer40k,2023-07-17,2023-07,Ambush! Finished this little diorama for my local GW store painting competition,246,9,https://reddit.com/r/Warhammer40k/comments/1527wge/ambush_finished_this_little_diorama_for_my_local/,Hobby & Painting
152qx9k,Warhammer40k,2023-07-18,2023-07,The Toaster is a lie! aka the perfect bait :) A little diorama I made for our local GW store anniversary :),280,11,https://reddit.com/r/Warhammer40k/comments/152qx9k/the_toaster_is_a_lie_aka_the_perfect_bait_a/,Hobby & Painting
1549bak,Warhammer40k,2023-07-19,2023-07,My first display for a warhammer store :),43,1,https://reddit.com/r/Warhammer40k/comments/1549bak/my_first_display_for_a_warhammer_store/,Hobby & Painting
1563867,Warhammer40k,2023-07-21,2023-07,"I saw this stuff visiting my local gw store today, and it was apperently handpainted by the guy who mans the place",1,0,https://reddit.com/r/Warhammer40k/comments/1563867/i_saw_this_stuff_visiting_my_local_gw_store_today/,Hobby & Painting
157lpi7,Warhammer40k,2023-07-23,2023-07,My angels of redemption infernus marine I painted for a competition at my local game shop,14,0,https://reddit.com/r/Warhammer40k/comments/157lpi7/my_angels_of_redemption_infernus_marine_i_painted/,Hobby & Painting
157u3e6,Warhammer40k,2023-07-23,2023-07,My local gaming store is closing.,8,3,https://reddit.com/r/Warhammer40k/comments/157u3e6/my_local_gaming_store_is_closing/,Misc
158vma5,Warhammer40k,2023-07-25,2023-07,Playing at LGS,0,8,https://reddit.com/r/Warhammer40k/comments/158vma5/playing_at_lgs/,Hobby & Painting
159ne6d,Warhammer40k,2023-07-25,2023-07,Storage Solutions for Public Transit//Walking to Game Store,6,5,https://reddit.com/r/Warhammer40k/comments/159ne6d/storage_solutions_for_public_transitwalking_to/,Hobby & Painting
15cm37g,Warhammer40k,2023-07-29,2023-07,"Hi there, I was going through old wargame stuff thats been in my garage forever and I came across these 2 vehicles. I remember getting them at a LGS flea market a long time ago, but neither I or the seller knew what they were, can anyone identify them? They don't look like anything on the GW store.",1,6,https://reddit.com/r/Warhammer40k/comments/15cm37g/hi_there_i_was_going_through_old_wargame_stuff/,Misc
15d9gv4,Warhammer40k,2023-07-30,2023-07,LGS finally restocked Dante. Spent the day painting him. Behold.,119,4,https://reddit.com/r/Warhammer40k/comments/15d9gv4/lgs_finally_restocked_dante_spent_the_day/,Hobby & Painting
15dm3fp,Warhammer40k,2023-07-30,2023-07,Space Marine Board Game (Target Exclusive) Available for In-store Purchase or Store Pickup Today,1,1,https://reddit.com/r/Warhammer40k/comments/15dm3fp/space_marine_board_game_target_exclusive/,Misc
15efzdf,Warhammer40k,2023-07-31,2023-07,Recently finished up this half squad of Terminators from the Leviathan boxset as an example entry for a painting contest I'm running at my LGS in Chicago.,28,0,https://reddit.com/r/Warhammer40k/comments/15efzdf/recently_finished_up_this_half_squad_of/,Hobby & Painting
15esiti,Warhammer40k,2023-07-31,2023-07,"First Necron done and can say it was actually a lot of fun! Tried the glow effect on the gun but think it could be a bit better, ALSO used my new grass and mud i got from the Warhammer store!",11,0,https://reddit.com/r/Warhammer40k/comments/15esiti/first_necron_done_and_can_say_it_was_actually_a/,Hobby & Painting
15fvfdk,Warhammer40k,2023-08-02,2023-08,How Often Does Your LGS Host Events?,3,4,https://reddit.com/r/Warhammer40k/comments/15fvfdk/how_often_does_your_lgs_host_events/,Misc
15ggbqb,Warhammer40k,2023-08-02,2023-08,Uncles Game store in Spokane 👀,0,0,https://reddit.com/r/Warhammer40k/comments/15ggbqb/uncles_game_store_in_spokane/,Hobby & Painting
15gix0a,Warhammer40k,2023-08-02,2023-08,Local Store sales??,1,5,https://reddit.com/r/Warhammer40k/comments/15gix0a/local_store_sales/,New Starter Help
15i6sbd,Warhammer40k,2023-08-04,2023-08,My first minis. Painted with the only acrylics my local store had and washed with half a pot of nuln oil. Are the paints thinned enough? That’s the only thing I think I’m unsure of.,183,65,https://reddit.com/r/Warhammer40k/comments/15i6sbd/my_first_minis_painted_with_the_only_acrylics_my/,New Starter Help
15ocwv1,Warhammer40k,2023-08-11,2023-08,South West London Hobby/Game store reccomendations,1,0,https://reddit.com/r/Warhammer40k/comments/15ocwv1/south_west_london_hobbygame_store_reccomendations/,Hobby & Painting
15q2n2h,Warhammer40k,2023-08-13,2023-08,Got my hands on this legend for $100 (CAD) at a FLGS Bring-and-Buy event.,626,60,https://reddit.com/r/Warhammer40k/comments/15q2n2h/got_my_hands_on_this_legend_for_100_cad_at_a_flgs/,Hobby & Painting
15pz8c5,Warhammer40k,2023-08-13,2023-08,"Just getting into kill team, picked up a brand new octarius box for £105. What a steal from my LGS",6,0,https://reddit.com/r/Warhammer40k/comments/15pz8c5/just_getting_into_kill_team_picked_up_a_brand_new/,Hobby & Painting
15qdv91,Warhammer40k,2023-08-13,2023-08,Has anyone done the battle honours that a warhammer store gives out to new customers?,2,3,https://reddit.com/r/Warhammer40k/comments/15qdv91/has_anyone_done_the_battle_honours_that_a/,New Starter Help
15rxijm,Warhammer40k,2023-08-15,2023-08,I finally found a Rogal Dorn at my LGS. Absolutely my new favorite tank,7,0,https://reddit.com/r/Warhammer40k/comments/15rxijm/i_finally_found_a_rogal_dorn_at_my_lgs_absolutely/,Hobby & Painting
15s8dx7,Warhammer40k,2023-08-15,2023-08,Hobby shop was hell bent on saying no,1454,269,https://reddit.com/r/Warhammer40k/comments/15s8dx7/hobby_shop_was_hell_bent_on_saying_no/,Misc
15rgoha,Warhammer40k,2023-08-15,2023-08,How do you store warhammer 40k miniatures?,0,2,https://reddit.com/r/Warhammer40k/comments/15rgoha/how_do_you_store_warhammer_40k_miniatures/,New Starter Help
15ryt06,Warhammer40k,2023-08-15,2023-08,My local hobby store found some old kits in the back and I picked one up. I was thinking of painting them but it's still sealed. Looking for advice on what to do with it.,145,28,https://reddit.com/r/Warhammer40k/comments/15ryt06/my_local_hobby_store_found_some_old_kits_in_the/,Hobby & Painting
15uumek,Warhammer40k,2023-08-18,2023-08,New LGS Store in Coconut Creek!,1,0,https://reddit.com/r/Warhammer40k/comments/15uumek/new_lgs_store_in_coconut_creek/,Hobby & Painting
15v0bba,Warhammer40k,2023-08-18,2023-08,Going to a GW store to play my first game tomorrow. Any advice?,8,15,https://reddit.com/r/Warhammer40k/comments/15v0bba/going_to_a_gw_store_to_play_my_first_game/,New Starter Help
15vu0c0,Warhammer40k,2023-08-19,2023-08,Apocalypse game AT LGS.,476,58,https://reddit.com/r/Warhammer40k/comments/15vu0c0/apocalypse_game_at_lgs/,Hobby & Painting
15vtg89,Warhammer40k,2023-08-19,2023-08,Anyone familiar with these? Picked them up at my local comic book store.,3,1,https://reddit.com/r/Warhammer40k/comments/15vtg89/anyone_familiar_with_these_picked_them_up_at_my/,Misc
15xctrx,Warhammer40k,2023-08-21,2023-08,We got given a cool transfer sheet each for store league so I've used one already to symbolise a cool Tank Shock the Impulspor did game 1 (pic2),4,0,https://reddit.com/r/Warhammer40k/comments/15xctrx/we_got_given_a_cool_transfer_sheet_each_for_store/,Hobby & Painting
15yo9vl,Warhammer40k,2023-08-23,2023-08,Had some time to kill before a doctors appointment so I stopped by the Warhammer Cafe in Grapevine TX. Nice store and a cool statue.,480,55,https://reddit.com/r/Warhammer40k/comments/15yo9vl/had_some_time_to_kill_before_a_doctors/,Misc
162w67z,Warhammer40k,2023-08-27,2023-08,Can you pre order Christmas boxes in stores or FLGs ?,1,1,https://reddit.com/r/Warhammer40k/comments/162w67z/can_you_pre_order_christmas_boxes_in_stores_or/,Hobby & Painting
162zpzy,Warhammer40k,2023-08-27,2023-08,How much should I pay for bits at my flgs?,1,3,https://reddit.com/r/Warhammer40k/comments/162zpzy/how_much_should_i_pay_for_bits_at_my_flgs/,Hobby & Painting
162dqh1,Warhammer40k,2023-08-27,2023-08,"Saw this at my LGS, was wondering what it is.",9,3,https://reddit.com/r/Warhammer40k/comments/162dqh1/saw_this_at_my_lgs_was_wondering_what_it_is/,Misc
1660i9s,Warhammer40k,2023-08-31,2023-08,How do you use the store anniversary game tracker??,3,2,https://reddit.com/r/Warhammer40k/comments/1660i9s/how_do_you_use_the_store_anniversary_game_tracker/,Misc
166ax4m,Warhammer40k,2023-08-31,2023-08,What’s the worst Warhammer store you’ve ever been to?,0,34,https://reddit.com/r/Warhammer40k/comments/166ax4m/whats_the_worst_warhammer_store_youve_ever_been_to/,Misc
169wem1,Warhammer40k,2023-09-04,2023-09,Completed this squad of Infernus marines as an example entry for a monthly painting contest I help run at my LGS in Chicago.,29,0,https://reddit.com/r/Warhammer40k/comments/169wem1/completed_this_squad_of_infernus_marines_as_an/,Hobby & Painting
16ai7zn,Warhammer40k,2023-09-05,2023-09,LGS: GW price hike coming September 28,87,88,https://reddit.com/r/Warhammer40k/comments/16ai7zn/lgs_gw_price_hike_coming_september_28/,News & Rumours
16bg0k8,Warhammer40k,2023-09-06,2023-09,How do you store and transport your warhammer 40k miniatures?,0,5,https://reddit.com/r/Warhammer40k/comments/16bg0k8/how_do_you_store_and_transport_your_warhammer_40k/,Hobby & Painting
16dfha1,Warhammer40k,2023-09-08,2023-09,First Warhammer store on Mars!,1,0,https://reddit.com/r/Warhammer40k/comments/16dfha1/first_warhammer_store_on_mars/,Misc
16ecbkx,Warhammer40k,2023-09-09,2023-09,Final haul from my FLGS,3,0,https://reddit.com/r/Warhammer40k/comments/16ecbkx/final_haul_from_my_flgs/,Misc
16e6hzj,Warhammer40k,2023-09-09,2023-09,Built a few minis before but I decided to buy the last leviathan box my local store had in stock. Any suggestions as to how I can improve these guys for the rest of the space marines.,6,1,https://reddit.com/r/Warhammer40k/comments/16e6hzj/built_a_few_minis_before_but_i_decided_to_buy_the/,New Starter Help
16fcygt,Warhammer40k,2023-09-10,2023-09,Hi so I run a small hobby shop in the uk and want some advice,3,19,https://reddit.com/r/Warhammer40k/comments/16fcygt/hi_so_i_run_a_small_hobby_shop_in_the_uk_and_want/,New Starter Help
16fig1s,Warhammer40k,2023-09-11,2023-09,"got this from my local warhammer store and was wondering what's the pointed lines, cross and L for?",10,5,https://reddit.com/r/Warhammer40k/comments/16fig1s/got_this_from_my_local_warhammer_store_and_was/,Misc
16h0sm5,Warhammer40k,2023-09-12,2023-09,"Best way to support local games store, when not buying models at msrp.",10,11,https://reddit.com/r/Warhammer40k/comments/16h0sm5/best_way_to_support_local_games_store_when_not/,Hobby & Painting
16hj0ct,Warhammer40k,2023-09-13,2023-09,"Having a small bit of trouble at my LGS, just want some advice (?)",7,25,https://reddit.com/r/Warhammer40k/comments/16hj0ct/having_a_small_bit_of_trouble_at_my_lgs_just_want/,Rules
16ivlm8,Warhammer40k,2023-09-14,2023-09,Picked up this lil’ beauty at my FLGS for 15 bucks!,112,4,https://reddit.com/r/Warhammer40k/comments/16ivlm8/picked_up_this_lil_beauty_at_my_flgs_for_15_bucks/,Hobby & Painting
16iye70,Warhammer40k,2023-09-15,2023-09,"Taking into account the experiences of your local store, would you say that there is a faction that attracts ""that guy"" type of people?",472,504,https://reddit.com/r/Warhammer40k/comments/16iye70/taking_into_account_the_experiences_of_your_local/,Misc
16kdovp,Warhammer40k,2023-09-16,2023-09,New to Warhammer | unspoken Store rules,0,4,https://reddit.com/r/Warhammer40k/comments/16kdovp/new_to_warhammer_unspoken_store_rules/,New Starter Help
16m6dr3,Warhammer40k,2023-09-18,2023-09,"Got this coin September 15 2023 from a official warhammer store. I've looked online, and it seems like this coin doesn't even exist. I know this post probably doesn't belong here, but I don't know what else to do.",6,11,https://reddit.com/r/Warhammer40k/comments/16m6dr3/got_this_coin_september_15_2023_from_a_official/,Misc
16n4df8,Warhammer40k,2023-09-19,2023-09,I am now considered the Ambassador for 40k at my FLGS. What can I do?,40,47,https://reddit.com/r/Warhammer40k/comments/16n4df8/i_am_now_considered_the_ambassador_for_40k_at_my/,New Starter Help
16n040c,Warhammer40k,2023-09-19,2023-09,Picked him up as a mini of the month from local Warhammer store . Just a fun little relaxing paintjob to experiment with colors and metallics(carapace and blades),37,2,https://reddit.com/r/Warhammer40k/comments/16n040c/picked_him_up_as_a_mini_of_the_month_from_local/,Hobby & Painting
16n29aq,Warhammer40k,2023-09-19,2023-09,Warhammer store in Dresden - status,2,2,https://reddit.com/r/Warhammer40k/comments/16n29aq/warhammer_store_in_dresden_status/,Misc
16otuzu,Warhammer40k,2023-09-21,2023-09,Are FLGS allowed to charge an entrance fee for Organized play match ?,1,2,https://reddit.com/r/Warhammer40k/comments/16otuzu/are_flgs_allowed_to_charge_an_entrance_fee_for/,Misc
16pn2bm,Warhammer40k,2023-09-22,2023-09,"My sister's first ever model, she went very free form. A local game shop was kind of rude about them being ""creative"". Tell me what you honestly think!",1084,243,https://reddit.com/r/Warhammer40k/comments/16pn2bm/my_sisters_first_ever_model_she_went_very_free/,Hobby & Painting
16qtzk3,Warhammer40k,2023-09-24,2023-09,Went to buy an anniversary miniature from my local store because they’re out of stock they had to order it in three weeks later no miniature is this normal for games workshop as I usually buy from third-party ?,279,49,https://reddit.com/r/Warhammer40k/comments/16qtzk3/went_to_buy_an_anniversary_miniature_from_my/,Hobby & Painting
16rq711,Warhammer40k,2023-09-25,2023-09,"Where to buy in Amsterdam, looking for LGS vs Warhammer store for, reasons. One more day before I fly home.",2,3,https://reddit.com/r/Warhammer40k/comments/16rq711/where_to_buy_in_amsterdam_looking_for_lgs_vs/,Misc
16rzgv8,Warhammer40k,2023-09-25,2023-09,"On Saturday, my LGS in Chicago, hosted our largest 40K Tournament to date to ring in the new edition here's some photos from the event.",14,1,https://reddit.com/r/Warhammer40k/comments/16rzgv8/on_saturday_my_lgs_in_chicago_hosted_our_largest/,Misc
16uomk7,Warhammer40k,2023-09-28,2023-09,Order Delay Through LGS,1,1,https://reddit.com/r/Warhammer40k/comments/16uomk7/order_delay_through_lgs/,Hobby & Painting
16vaewt,Warhammer40k,2023-09-29,2023-09,"Hello everybody!I'm playing a Kill Team narrative campaign at my local GW store, and I'm having a blast! So I made this artwork for my Carcharodon Astra team.",4,0,https://reddit.com/r/Warhammer40k/comments/16vaewt/hello_everybodyim_playing_a_kill_team_narrative/,"Art, Cosplay & OC"
16vwkpj,Warhammer40k,2023-09-30,2023-09,TIL my (semi) local game store has Pro Acryl paints. I got me some.,1,0,https://reddit.com/r/Warhammer40k/comments/16vwkpj/til_my_semi_local_game_store_has_pro_acryl_paints/,Hobby & Painting
16yg0ud,Warhammer40k,2023-10-03,2023-10,Thought these weren't getting sold in the US? Apparently my flgs didn't get the memo,134,26,https://reddit.com/r/Warhammer40k/comments/16yg0ud/thought_these_werent_getting_sold_in_the_us/,Hobby & Painting
16zp73y,Warhammer40k,2023-10-04,2023-10,Recently completed these set of character from the Leviathan Boxset for my Ultramarines. These models were painted as example entries for a monthly painting contest I help run at my LGS in Chicago.,24,0,https://reddit.com/r/Warhammer40k/comments/16zp73y/recently_completed_these_set_of_character_from/,Hobby & Painting
170pfqc,Warhammer40k,2023-10-05,2023-10,"Went to my local store to order my Codex. I remembered that the last game against my friends Custodes I got smashed, hopefully a little extra firepower helps",72,16,https://reddit.com/r/Warhammer40k/comments/170pfqc/went_to_my_local_store_to_order_my_codex_i/,Misc
171kdps,Warhammer40k,2023-10-06,2023-10,Nice little surprise at the FLGS,7,0,https://reddit.com/r/Warhammer40k/comments/171kdps/nice_little_surprise_at_the_flgs/,Hobby & Painting
17280nc,Warhammer40k,2023-10-07,2023-10,"As a beginner playing exclusively casual games at my LGS, how much do tier lists matter?",0,12,https://reddit.com/r/Warhammer40k/comments/17280nc/as_a_beginner_playing_exclusively_casual_games_at/,New Starter Help
173gxpb,Warhammer40k,2023-10-09,2023-10,Was at a warhammer meet up at my hobby store and I got told something that has me a bit confused,1,4,https://reddit.com/r/Warhammer40k/comments/173gxpb/was_at_a_warhammer_meet_up_at_my_hobby_store_and/,Rules
173z3xs,Warhammer40k,2023-10-09,2023-10,"Found this awesome ork model in a Warhammer store window in Paris, anyone know what it is? Or is it a kit bash?",21,3,https://reddit.com/r/Warhammer40k/comments/173z3xs/found_this_awesome_ork_model_in_a_warhammer_store/,Misc
175fjfg,Warhammer40k,2023-10-11,2023-10,"Bought a Librarian prepainted from the Used section at my LGS to use as a Sorcerer in Terminator Armour, now I'm having a blast kitbashing him to look Tzeentchified.",20,1,https://reddit.com/r/Warhammer40k/comments/175fjfg/bought_a_librarian_prepainted_from_the_used/,Hobby & Painting
176pktc,Warhammer40k,2023-10-13,2023-10,Looking for advice on how to break the ice/socialize at my local store,5,4,https://reddit.com/r/Warhammer40k/comments/176pktc/looking_for_advice_on_how_to_break_the/,Misc
177vs7s,Warhammer40k,2023-10-14,2023-10,Anyone near the grapevine warhammer store looking for a game?,1,2,https://reddit.com/r/Warhammer40k/comments/177vs7s/anyone_near_the_grapevine_warhammer_store_looking/,Hobby & Painting
177esqf,Warhammer40k,2023-10-14,2023-10,Has Local Play Gone Down at Your Store Since 10th?,1,25,https://reddit.com/r/Warhammer40k/comments/177esqf/has_local_play_gone_down_at_your_store_since_10th/,Misc
17av6za,Warhammer40k,2023-10-18,2023-10,Picked this guy up today from the Warhammer Store in Coventry in the UK today. Only 11 figures into the collection and I finally have my first none Chaos Space Marine,2,5,https://reddit.com/r/Warhammer40k/comments/17av6za/picked_this_guy_up_today_from_the_warhammer_store/,Misc
17buxmm,Warhammer40k,2023-10-19,2023-10,Good flgs in Oregon near Corvallis?,1,3,https://reddit.com/r/Warhammer40k/comments/17buxmm/good_flgs_in_oregon_near_corvallis/,News & Rumours
17c2kyp,Warhammer40k,2023-10-20,2023-10,Local Hobby Shop Deal BA,1,2,https://reddit.com/r/Warhammer40k/comments/17c2kyp/local_hobby_shop_deal_ba/,New Starter Help
17ey2sf,Warhammer40k,2023-10-23,2023-10,What is your FLGS Pet Peeve?,0,11,https://reddit.com/r/Warhammer40k/comments/17ey2sf/what_is_your_flgs_pet_peeve/,Misc
17eq4h0,Warhammer40k,2023-10-23,2023-10,"Hi, i'm new to the hobby and wanted to ask if I've primed the mini properly. Also is this the correct primer(i found this in a pound shop for cheap so picked it up). My mini feels a bit darker and glossy after putting priming hence my question should i continue with the paint or get better primer?",5,19,https://reddit.com/r/Warhammer40k/comments/17eq4h0/hi_im_new_to_the_hobby_and_wanted_to_ask_if_ive/,Hobby & Painting
17fufgq,Warhammer40k,2023-10-25,2023-10,Found this relic at my local games store for $20. Is it still legal and did I get a good deal??,4,1,https://reddit.com/r/Warhammer40k/comments/17fufgq/found_this_relic_at_my_local_games_store_for_20/,Hobby & Painting
17gkjqi,Warhammer40k,2023-10-26,2023-10,Seeking Local Game Store Discounts on Christmas Battle Force – Recommendations?,1,1,https://reddit.com/r/Warhammer40k/comments/17gkjqi/seeking_local_game_store_discounts_on_christmas/,Hobby & Painting
17gz4ob,Warhammer40k,2023-10-26,2023-10,Looking for Local Game Store Recommendations for Discounted Christmas Battle Force!,1,6,https://reddit.com/r/Warhammer40k/comments/17gz4ob/looking_for_local_game_store_recommendations_for/,Hobby & Painting
17ihp5z,Warhammer40k,2023-10-28,2023-10,Fun game today for store anniversary. Lost all my Pumpkins last roll of the game 😭,10,0,https://reddit.com/r/Warhammer40k/comments/17ihp5z/fun_game_today_for_store_anniversary_lost_all_my/,Hobby & Painting
17kmcv2,Warhammer40k,2023-10-31,2023-10,"Took about a month, but recently finished up this Land Speeder Storm for my Ultramarines force. This model was painted as an example entry for a painting contest I'm helping un at my LGS in Chicago.",39,0,https://reddit.com/r/Warhammer40k/comments/17kmcv2/took_about_a_month_but_recently_finished_up_this/,Hobby & Painting
17ko512,Warhammer40k,2023-10-31,2023-10,"New GW store.... ""So we're going to use some of our vast resources to make sure our products are in stock right?"" ""Are you mad sir! We're going to re-design our website to make it worse, starting with the removal of all direct links to our game systems. Hope you a-holes like drop-down-menu-mazes.""",0,12,https://reddit.com/r/Warhammer40k/comments/17ko512/new_gw_store_so_were_going_to_use_some_of_our/,News & Rumours
17pa2tu,Warhammer40k,2023-11-06,2023-11,"Games Workshop... I mean warhammer, seems determined to cut off its nose to spite its face. New LGS pricing.",1,0,https://reddit.com/r/Warhammer40k/comments/17pa2tu/games_workshop_i_mean_warhammer_seems_determined/,News & Rumours
17pveq1,Warhammer40k,2023-11-07,2023-11,Local store has a competition,37,5,https://reddit.com/r/Warhammer40k/comments/17pveq1/local_store_has_a_competition/,Hobby & Painting
17t5gl6,Warhammer40k,2023-11-11,2023-11,Just bought this at LGS,44,3,https://reddit.com/r/Warhammer40k/comments/17t5gl6/just_bought_this_at_lgs/,New Starter Help
17t1kr1,Warhammer40k,2023-11-11,2023-11,Picked this up while at a local WH shop to fetch some new brushes. These any good for learning the game?,2,8,https://reddit.com/r/Warhammer40k/comments/17t1kr1/picked_this_up_while_at_a_local_wh_shop_to_fetch/,Rules
17vxwpn,Warhammer40k,2023-11-15,2023-11,"Warhammer Store ""Back in Stock"" Email",1,3,https://reddit.com/r/Warhammer40k/comments/17vxwpn/warhammer_store_back_in_stock_email/,Misc
17wx2qt,Warhammer40k,2023-11-16,2023-11,I‘ll visit tomorrow the first time a Warhammer store,1,3,https://reddit.com/r/Warhammer40k/comments/17wx2qt/ill_visit_tomorrow_the_first_time_a_warhammer/,New Starter Help
17x5mkc,Warhammer40k,2023-11-17,2023-11,warhammer store etiquette,1,1,https://reddit.com/r/Warhammer40k/comments/17x5mkc/warhammer_store_etiquette/,New Starter Help
17ybnzu,Warhammer40k,2023-11-18,2023-11,"Fell into the trap of walking into a Warhammer store today, left with these. Looking forward to joining the community!",34,18,https://reddit.com/r/Warhammer40k/comments/17ybnzu/fell_into_the_trap_of_walking_into_a_warhammer/,Misc
17y6hgc,Warhammer40k,2023-11-18,2023-11,Do you guys buy at your local Games Workshop store?,12,59,https://reddit.com/r/Warhammer40k/comments/17y6hgc/do_you_guys_buy_at_your_local_games_workshop_store/,New Starter Help
17yr5if,Warhammer40k,2023-11-19,2023-11,Local hobby shop gave me 50+ of the free beginner intercessors after I sold some stuff,1,83,https://reddit.com/r/Warhammer40k/comments/17yr5if/local_hobby_shop_gave_me_50_of_the_free_beginner/,Hobby & Painting
180qjyn,Warhammer40k,2023-11-21,2023-11,My Armies on Parade entry. Managed to nab third place at the Warhammer Store in Warsaw,8,0,https://reddit.com/r/Warhammer40k/comments/180qjyn/my_armies_on_parade_entry_managed_to_nab_third/,Hobby & Painting
180jq5z,Warhammer40k,2023-11-21,2023-11,Won gold in the 40k category for armies on parade at my local store.,55,6,https://reddit.com/r/Warhammer40k/comments/180jq5z/won_gold_in_the_40k_category_for_armies_on_parade/,Hobby & Painting
1811522,Warhammer40k,2023-11-22,2023-11,FLGS has the HOOKUP on Christmas boxes!,32,3,https://reddit.com/r/Warhammer40k/comments/1811522/flgs_has_the_hookup_on_christmas_boxes/,Hobby & Painting
181q29s,Warhammer40k,2023-11-23,2023-11,Model I submitted to my LGS for a painting showcase!,48,2,https://reddit.com/r/Warhammer40k/comments/181q29s/model_i_submitted_to_my_lgs_for_a_painting/,Hobby & Painting
18293ca,Warhammer40k,2023-11-23,2023-11,Walked into a Warhammer store out of curiosity. Came out with my first set of miniatures.,1,0,https://reddit.com/r/Warhammer40k/comments/18293ca/walked_into_a_warhammer_store_out_of_curiosity/,Hobby & Painting
18293js,Warhammer40k,2023-11-23,2023-11,Walked into a Warhammer store out of curiosity. Came out with my first set of miniatures.,1,0,https://reddit.com/r/Warhammer40k/comments/18293js/walked_into_a_warhammer_store_out_of_curiosity/,Hobby & Painting
1830218,Warhammer40k,2023-11-24,2023-11,"Used minis for sale at my LGS, what are these?",5,6,https://reddit.com/r/Warhammer40k/comments/1830218/used_minis_for_sale_at_my_lgs_what_are_these/,Hobby & Painting
182ov5y,Warhammer40k,2023-11-24,2023-11,Finished the anniversary model for my local GW store painting competition tomorrow.,28,0,https://reddit.com/r/Warhammer40k/comments/182ov5y/finished_the_anniversary_model_for_my_local_gw/,Hobby & Painting
184az8u,Warhammer40k,2023-11-26,2023-11,First game experience at Local Warhammer store matched play league,1,7,https://reddit.com/r/Warhammer40k/comments/184az8u/first_game_experience_at_local_warhammer_store/,New Starter Help
185equf,Warhammer40k,2023-11-27,2023-11,Battleforce shipping issues from FLGS?,1,8,https://reddit.com/r/Warhammer40k/comments/185equf/battleforce_shipping_issues_from_flgs/,Hobby & Painting
18564jb,Warhammer40k,2023-11-27,2023-11,Popular LGS,1,0,https://reddit.com/r/Warhammer40k/comments/18564jb/popular_lgs/,Hobby & Painting
1850rkm,Warhammer40k,2023-11-27,2023-11,"I picked up a starter intercessor from my local store and painted him up to compare against my first Warhammer minis! I'm fairly pleased with the result, especially given that I pushed myself out of my comfort zone and tried some techniques for the first time. I know I can do even better next time!",22,6,https://reddit.com/r/Warhammer40k/comments/1850rkm/i_picked_up_a_starter_intercessor_from_my_local/,Hobby & Painting
185sxaj,Warhammer40k,2023-11-28,2023-11,I got second place at my local store for Armies on Parade with my Salamanders [Video Link in Comments],1,0,https://reddit.com/r/Warhammer40k/comments/185sxaj/i_got_second_place_at_my_local_store_for_armies/,Hobby & Painting
187uju7,Warhammer40k,2023-11-30,2023-11,Local hobby/game store closed. Do I have enough supplies to start? [OC],1793,142,https://reddit.com/r/Warhammer40k/comments/187uju7/local_hobbygame_store_closed_do_i_have_enough/,Hobby & Painting
189721f,Warhammer40k,2023-12-02,2023-12,Opening flgs warhammer store tommorow in Jakarta,100,7,https://reddit.com/r/Warhammer40k/comments/189721f/opening_flgs_warhammer_store_tommorow_in_jakarta/,Hobby & Painting
18apmdm,Warhammer40k,2023-12-04,2023-12,Always amazes me this game I’ve only seen somebody talk about once 13 years at school has a full shop on a fairly busy street in my high rent town.,1,0,https://reddit.com/r/Warhammer40k/comments/18apmdm/always_amazes_me_this_game_ive_only_seen_somebody/,Hobby & Painting
18bh5np,Warhammer40k,2023-12-05,2023-12,Finished up these 4 Ultramarines Apothecaries for my 40K and Heresy forces. These models were painted as example entries for a painting contest I'm running at my LGS in Chicago.,8,0,https://reddit.com/r/Warhammer40k/comments/18bh5np/finished_up_these_4_ultramarines_apothecaries_for/,Hobby & Painting
18c2rti,Warhammer40k,2023-12-06,2023-12,Warhammer Online Store - Terrible,1,43,https://reddit.com/r/Warhammer40k/comments/18c2rti/warhammer_online_store_terrible/,Hobby & Painting
18dkd3s,Warhammer40k,2023-12-08,2023-12,LGS confirms GW late for this weeks releases in U.K.,1,9,https://reddit.com/r/Warhammer40k/comments/18dkd3s/lgs_confirms_gw_late_for_this_weeks_releases_in_uk/,News & Rumours
18eg7qc,Warhammer40k,2023-12-09,2023-12,"A gift for my FLGS, Criticism welcome :)",24,0,https://reddit.com/r/Warhammer40k/comments/18eg7qc/a_gift_for_my_flgs_criticism_welcome/,Hobby & Painting
18eik21,Warhammer40k,2023-12-09,2023-12,"Our 5th annual End of the Year Apocalypse Game for 40K at my LGS in Chicago. There's about 120,000 points on the table. Here's the board layout after the attacking team's movement phase.",27,0,https://reddit.com/r/Warhammer40k/comments/18eik21/our_5th_annual_end_of_the_year_apocalypse_game/,Misc
18eqc9u,Warhammer40k,2023-12-09,2023-12,I walked into a game store thinking I might want to start painting 40k,1,0,https://reddit.com/r/Warhammer40k/comments/18eqc9u/i_walked_into_a_game_store_thinking_i_might_want/,Hobby & Painting
18fjucm,Warhammer40k,2023-12-11,2023-12,Is GW trying to cut out the FLGS from preorders?,1,10,https://reddit.com/r/Warhammer40k/comments/18fjucm/is_gw_trying_to_cut_out_the_flgs_from_preorders/,Hobby & Painting
18fpjvp,Warhammer40k,2023-12-11,2023-12,A meaningful and inspiring post from a LGS owner I regularly frequent.,182,2,https://reddit.com/r/Warhammer40k/comments/18fpjvp/a_meaningful_and_inspiring_post_from_a_lgs_owner/,Hobby & Painting
18fw81n,Warhammer40k,2023-12-11,2023-12,LGS doing a Crusade campaign. Been wanting to try out Necrons…,3,0,https://reddit.com/r/Warhammer40k/comments/18fw81n/lgs_doing_a_crusade_campaign_been_wanting_to_try/,Hobby & Painting
18g0pxc,Warhammer40k,2023-12-11,2023-12,New player here: help with first purchase and first Space Marines list for 500 points (first few game in LGS),1,9,https://reddit.com/r/Warhammer40k/comments/18g0pxc/new_player_here_help_with_first_purchase_and/,New Starter Help
18g13rv,Warhammer40k,2023-12-11,2023-12,"Over the weekend I hosted a ~120,000 points Apocalypse Game at my LGS in Chicago to celebrate the end of another great year of 40K at our club. Here’s some photos of that game!",11,0,https://reddit.com/r/Warhammer40k/comments/18g13rv/over_the_weekend_i_hosted_a_120000_points/,Misc
18fwhmx,Warhammer40k,2023-12-11,2023-12,My first ever SM after 4 years of painting minis (speedpainted in one afternoon at the local hobby store),67,7,https://reddit.com/r/Warhammer40k/comments/18fwhmx/my_first_ever_sm_after_4_years_of_painting_minis/,Hobby & Painting
18golok,Warhammer40k,2023-12-12,2023-12,Looking for an LGS owner for advice on starting my own,1,0,https://reddit.com/r/Warhammer40k/comments/18golok/looking_for_an_lgs_owner_for_advice_on_starting/,Misc
18gpn9l,Warhammer40k,2023-12-12,2023-12,Opinions on Renting Army from LGS,1,9,https://reddit.com/r/Warhammer40k/comments/18gpn9l/opinions_on_renting_army_from_lgs/,Hobby & Painting
18k9lvl,Warhammer40k,2023-12-17,2023-12,Painted a Rotigus for my local Warhammer store painting contest,10,0,https://reddit.com/r/Warhammer40k/comments/18k9lvl/painted_a_rotigus_for_my_local_warhammer_store/,Hobby & Painting
18lvpx4,Warhammer40k,2023-12-19,2023-12,Tried my first time painting in a warhammer store,10,0,https://reddit.com/r/Warhammer40k/comments/18lvpx4/tried_my_first_time_painting_in_a_warhammer_store/,Hobby & Painting
18p7gsw,Warhammer40k,2023-12-23,2023-12,Managed to pick one of these up from my local gaming store 🤘,2,1,https://reddit.com/r/Warhammer40k/comments/18p7gsw/managed_to_pick_one_of_these_up_from_my_local/,Hobby & Painting
18qetfg,Warhammer40k,2023-12-25,2023-12,"A Christmas Miracle finding this at my lgs, let alone TWO copies!",18,11,https://reddit.com/r/Warhammer40k/comments/18qetfg/a_christmas_miracle_finding_this_at_my_lgs_let/,Hobby & Painting
18sphcy,Warhammer40k,2023-12-28,2023-12,How do you find you FLGS?,1,4,https://reddit.com/r/Warhammer40k/comments/18sphcy/how_do_you_find_you_flgs/,Hobby & Painting
18t2dl7,Warhammer40k,2023-12-28,2023-12,Warhammer store!!!!,1,0,https://reddit.com/r/Warhammer40k/comments/18t2dl7/warhammer_store/,Misc
18vvi0o,Warhammer40k,2024-01-01,2024-01,Warhammer Store Anniversary Miniatures for 2024,1,0,https://reddit.com/r/Warhammer40k/comments/18vvi0o/warhammer_store_anniversary_miniatures_for_2024/,News & Rumours
18x2q12,Warhammer40k,2024-01-02,2024-01,Warhammer Store Closures,1,6,https://reddit.com/r/Warhammer40k/comments/18x2q12/warhammer_store_closures/,Misc
18xi7p9,Warhammer40k,2024-01-03,2024-01,Anyone live near colrain Northern Ireland want to meet at a game shop and play some 40k on Friday,1,0,https://reddit.com/r/Warhammer40k/comments/18xi7p9/anyone_live_near_colrain_northern_ireland_want_to/,Misc
1912e3o,Warhammer40k,2024-01-07,2024-01,How much of a discount can I expect from lgs on average?,1,21,https://reddit.com/r/Warhammer40k/comments/1912e3o/how_much_of_a_discount_can_i_expect_from_lgs_on/,New Starter Help
1935vq2,Warhammer40k,2024-01-10,2024-01,Warhammer store assistants - UK based,1,7,https://reddit.com/r/Warhammer40k/comments/1935vq2/warhammer_store_assistants_uk_based/,News & Rumours
19380qj,Warhammer40k,2024-01-10,2024-01,my local warhammer store has started recycling sprues and paint pots,4117,336,https://reddit.com/r/Warhammer40k/comments/19380qj/my_local_warhammer_store_has_started_recycling/,News & Rumours
1946af2,Warhammer40k,2024-01-11,2024-01,Painted up these 4 Champlain models for my Ultramarines force last month. These models were painted as example entries for a monthly painting contest I run at my LGS in Chicago.,12,4,https://reddit.com/r/Warhammer40k/comments/1946af2/painted_up_these_4_champlain_models_for_my/,Hobby & Painting
199fc7u,Warhammer40k,2024-01-18,2024-01,Found this guy in the preowned bins at a LGS.,16,1,https://reddit.com/r/Warhammer40k/comments/199fc7u/found_this_guy_in_the_preowned_bins_at_a_lgs/,Hobby & Painting
19bhnnv,Warhammer40k,2024-01-20,2024-01,Why the heck is there a 37 minute queue on the warhammer store,1,5,https://reddit.com/r/Warhammer40k/comments/19bhnnv/why_the_heck_is_there_a_37_minute_queue_on_the/,Misc
19d1ya6,Warhammer40k,2024-01-22,2024-01,Is the Warhammer.com store down? I can't log in,2,8,https://reddit.com/r/Warhammer40k/comments/19d1ya6/is_the_warhammercom_store_down_i_cant_log_in/,Misc
19ej39v,Warhammer40k,2024-01-24,2024-01,Me and my brother live about 10 minutes away from a local Warhammer store and have been really interested in learning the 40k game and buying an introductory set. how should I go about talking to someone there as a first timer?,1,2,https://reddit.com/r/Warhammer40k/comments/19ej39v/me_and_my_brother_live_about_10_minutes_away_from/,New Starter Help
19fk95y,Warhammer40k,2024-01-25,2024-01,Searching for a Friendly Local Game Store in London that sells second hand minis and/ or more special stuff,1,1,https://reddit.com/r/Warhammer40k/comments/19fk95y/searching_for_a_friendly_local_game_store_in/,New Starter Help
19fhnvo,Warhammer40k,2024-01-25,2024-01,"Do I need to buy something to get the ""free"" monthly minis at my local Warhammer store?",3,6,https://reddit.com/r/Warhammer40k/comments/19fhnvo/do_i_need_to_buy_something_to_get_the_free/,Misc
19f7qrp,Warhammer40k,2024-01-25,2024-01,Cancel/send back order from local store,1,9,https://reddit.com/r/Warhammer40k/comments/19f7qrp/cancelsend_back_order_from_local_store/,New Starter Help
1ab9ojq,Warhammer40k,2024-01-26,2024-01,Need advice on how to approach a gift from my LGS,1,1,https://reddit.com/r/Warhammer40k/comments/1ab9ojq/need_advice_on_how_to_approach_a_gift_from_my_lgs/,Hobby & Painting
1abf710,Warhammer40k,2024-01-26,2024-01,Local Warhammer store does a Mini of the Month paint competition. Beastman this month.,95,14,https://reddit.com/r/Warhammer40k/comments/1abf710/local_warhammer_store_does_a_mini_of_the_month/,Hobby & Painting
1aeb0qm,Warhammer40k,2024-01-30,2024-01,"Just wanted to share a few of the pictures of our first 2024 event at our LGS, the last before the Dataslate in the near future. 8 Tables 16 players total!",15,2,https://reddit.com/r/Warhammer40k/comments/1aeb0qm/just_wanted_to_share_a_few_of_the_pictures_of_our/,Hobby & Painting
1aethg5,Warhammer40k,2024-01-30,2024-01,"Just finished up my first Knight, a Cerastus Knight Lancer in House Vornherr colors. This model was painted as an example entry for a painting contest I'm running at my LGS in Chicago.",6,0,https://reddit.com/r/Warhammer40k/comments/1aethg5/just_finished_up_my_first_knight_a_cerastus/,Hobby & Painting
1afpruk,Warhammer40k,2024-01-31,2024-01,Best way to store warhammer models Long-term?,2,3,https://reddit.com/r/Warhammer40k/comments/1afpruk/best_way_to_store_warhammer_models_longterm/,Misc
1ai1x74,Warhammer40k,2024-02-03,2024-02,"Today marks one year being a TO for my FLGS, and all the terrain I've made to host events.",828,36,https://reddit.com/r/Warhammer40k/comments/1ai1x74/today_marks_one_year_being_a_to_for_my_flgs_and/,Hobby & Painting
1ai3aj1,Warhammer40k,2024-02-03,2024-02,"Best Place To Buy Warhammer? In store, warhammer online, alchemists workshop?",1,5,https://reddit.com/r/Warhammer40k/comments/1ai3aj1/best_place_to_buy_warhammer_in_store_warhammer/,New Starter Help
1am31ou,Warhammer40k,2024-02-08,2024-02,Went to a game shop and traded my unused games for this gem,12,4,https://reddit.com/r/Warhammer40k/comments/1am31ou/went_to_a_game_shop_and_traded_my_unused_games/,Video Games
1amu3ig,Warhammer40k,2024-02-09,2024-02,Can I still use my 9th edition Space marine codex to play casual games at the LGS meet up?,1,6,https://reddit.com/r/Warhammer40k/comments/1amu3ig/can_i_still_use_my_9th_edition_space_marine_codex/,Misc
1anhcwc,Warhammer40k,2024-02-10,2024-02,"New to hobby, guardsmen and shop questions!",1,4,https://reddit.com/r/Warhammer40k/comments/1anhcwc/new_to_hobby_guardsmen_and_shop_questions/,New Starter Help
1anevvt,Warhammer40k,2024-02-10,2024-02,My Local GWS Store painting Competition ends today! Who do you think will win?,1051,204,https://reddit.com/r/Warhammer40k/comments/1anevvt/my_local_gws_store_painting_competition_ends/,Hobby & Painting
1aomfyn,Warhammer40k,2024-02-11,2024-02,Parting gift for my local game store. Moving out of state,13,0,https://reddit.com/r/Warhammer40k/comments/1aomfyn/parting_gift_for_my_local_game_store_moving_out/,Hobby & Painting
1apbzto,Warhammer40k,2024-02-12,2024-02,Made a gaming table for my LGS to help boost the local Warhammer Community,7,0,https://reddit.com/r/Warhammer40k/comments/1apbzto/made_a_gaming_table_for_my_lgs_to_help_boost_the/,Hobby & Painting
1ap603y,Warhammer40k,2024-02-12,2024-02,"Vashtorr the Arkifane; I know he needs basing, but every time I've gone into a game store they've been out of Martian Ironcrust",28,1,https://reddit.com/r/Warhammer40k/comments/1ap603y/vashtorr_the_arkifane_i_know_he_needs_basing_but/,Hobby & Painting
1aquy2s,Warhammer40k,2024-02-14,2024-02,Question for anyone that runs a LGS about returning items to GW,1,3,https://reddit.com/r/Warhammer40k/comments/1aquy2s/question_for_anyone_that_runs_a_lgs_about/,Hobby & Painting
1aqj4pf,Warhammer40k,2024-02-14,2024-02,"Visited a Warhammer Store and Cafe in Akihabara, Japan. Pretty awesome",165,4,https://reddit.com/r/Warhammer40k/comments/1aqj4pf/visited_a_warhammer_store_and_cafe_in_akihabara/,Misc
1aqpa1t,Warhammer40k,2024-02-14,2024-02,"After painting my previous Hormagaunt I was still abit unsure about my future of painting, however after showing it to my local GW store's Manager I've decided to pick up the Getting Started With Warhammer 40k set so I'll atleast have another Tyranid to build and potentially paint in the future",8,0,https://reddit.com/r/Warhammer40k/comments/1aqpa1t/after_painting_my_previous_hormagaunt_i_was_still/,Hobby & Painting
1ar4o6b,Warhammer40k,2024-02-15,2024-02,game store banned my army,1,7,https://reddit.com/r/Warhammer40k/comments/1ar4o6b/game_store_banned_my_army/,Misc
1avaqjz,Warhammer40k,2024-02-20,2024-02,Saw this at my local gw store,1,2,https://reddit.com/r/Warhammer40k/comments/1avaqjz/saw_this_at_my_local_gw_store/,Misc
1awb3ub,Warhammer40k,2024-02-21,2024-02,[Rant] “that guy” player at LGS,1,0,https://reddit.com/r/Warhammer40k/comments/1awb3ub/rant_that_guy_player_at_lgs/,Hobby & Painting
1awb4vu,Warhammer40k,2024-02-21,2024-02,[Rant] “That guy” player at LGS,1,9,https://reddit.com/r/Warhammer40k/comments/1awb4vu/rant_that_guy_player_at_lgs/,Misc
1b0jyu4,Warhammer40k,2024-02-26,2024-02,"As a new player/hobbyist, I'm so grateful that my local store/community is awesome.",26,2,https://reddit.com/r/Warhammer40k/comments/1b0jyu4/as_a_new_playerhobbyist_im_so_grateful_that_my/,Misc
1b86y2k,Warhammer40k,2024-03-06,2024-03,FLGS preorder got lost in the mail,1,5,https://reddit.com/r/Warhammer40k/comments/1b86y2k/flgs_preorder_got_lost_in_the_mail/,Misc
1b81s3e,Warhammer40k,2024-03-06,2024-03,Grossest way to paint Nurgle/Death Guard armies (that wouldn’t get you kicked out of your local game store),1,10,https://reddit.com/r/Warhammer40k/comments/1b81s3e/grossest_way_to_paint_nurgledeath_guard_armies/,Hobby & Painting
1b9rqi3,Warhammer40k,2024-03-08,2024-03,Infurnus marine for lgs comp,17,0,https://reddit.com/r/Warhammer40k/comments/1b9rqi3/infurnus_marine_for_lgs_comp/,Hobby & Painting
1b9ez33,Warhammer40k,2024-03-08,2024-03,What Would Be Expected From a Store Hosting retail/Organized Play from Hobbyists for Warhammer 40k?,1,0,https://reddit.com/r/Warhammer40k/comments/1b9ez33/what_would_be_expected_from_a_store_hosting/,Misc
1bahsbe,Warhammer40k,2024-03-09,2024-03,need advice on how to approach problem with lgs,1,1,https://reddit.com/r/Warhammer40k/comments/1bahsbe/need_advice_on_how_to_approach_problem_with_lgs/,New Starter Help
1bbo0g4,Warhammer40k,2024-03-10,2024-03,I've created a smorgasbord army for my send-off game at my LGS,1,1,https://reddit.com/r/Warhammer40k/comments/1bbo0g4/ive_created_a_smorgasbord_army_for_my_sendoff/,Army List Review
1bd4odc,Warhammer40k,2024-03-12,2024-03,What's the worst and best part about your flgs,12,53,https://reddit.com/r/Warhammer40k/comments/1bd4odc/whats_the_worst_and_best_part_about_your_flgs/,Hobby & Painting
1bd2h5v,Warhammer40k,2024-03-12,2024-03,Neurogaunt I did for a local store competition (cc welcome),10,0,https://reddit.com/r/Warhammer40k/comments/1bd2h5v/neurogaunt_i_did_for_a_local_store_competition_cc/,Hobby & Painting
1bez4no,Warhammer40k,2024-03-14,2024-03,"OK, so it took me three weeks to get this lot built and painted. Would it be OK if I go to the local store to try to play if I will not make Lord Avocado on time? Games are on Sunday, how doe sit work? Just hang up there until someone arrives willing to play with noob? I need unit cards and dice?",3,1,https://reddit.com/r/Warhammer40k/comments/1bez4no/ok_so_it_took_me_three_weeks_to_get_this_lot/,New Starter Help
1bgijhz,Warhammer40k,2024-03-16,2024-03,Never played - LGS is running a 1350 point tournament. How's my list?,1,1,https://reddit.com/r/Warhammer40k/comments/1bgijhz/never_played_lgs_is_running_a_1350_point/,New Starter Help
1bh1oru,Warhammer40k,2024-03-17,2024-03,Shall I give it a go at my local store's mini of the month competition with this conversion?,664,43,https://reddit.com/r/Warhammer40k/comments/1bh1oru/shall_i_give_it_a_go_at_my_local_stores_mini_of/,Hobby & Painting
1boewy0,Warhammer40k,2024-03-26,2024-03,My local game store doesn't give any discount should I still buy from them?,1,37,https://reddit.com/r/Warhammer40k/comments/1boewy0/my_local_game_store_doesnt_give_any_discount/,Misc
1bpfjk7,Warhammer40k,2024-03-27,2024-03,"Work sucked, backs fucked, please recommend me a fun model to impulse buy at my LGS when I'm off.",3,34,https://reddit.com/r/Warhammer40k/comments/1bpfjk7/work_sucked_backs_fucked_please_recommend_me_a/,Hobby & Painting
1brfr0d,Warhammer40k,2024-03-30,2024-03,Gem I found in a local hobby shop,10,1,https://reddit.com/r/Warhammer40k/comments/1brfr0d/gem_i_found_in_a_local_hobby_shop/,Hobby & Painting
1br7rz8,Warhammer40k,2024-03-30,2024-03,Does your local Warhammer store allow hobby/ gaming in store?,1,1,https://reddit.com/r/Warhammer40k/comments/1br7rz8/does_your_local_warhammer_store_allow_hobby/,News & Rumours
1bu42t4,Warhammer40k,2024-04-02,2024-04,Free mini with no LGS,0,3,https://reddit.com/r/Warhammer40k/comments/1bu42t4/free_mini_with_no_lgs/,Misc
1butcqx,Warhammer40k,2024-04-03,2024-04,My local FLGS has a free-to-grab box that had Cork board in it. So ive decided to try and make the Lava effect for my new Bladeguard.,1,0,https://reddit.com/r/Warhammer40k/comments/1butcqx/my_local_flgs_has_a_freetograb_box_that_had_cork/,Hobby & Painting
1bvpmcu,Warhammer40k,2024-04-04,2024-04,"Dear GW, I like your stuff, but you gotta send it to my LGS",1,0,https://reddit.com/r/Warhammer40k/comments/1bvpmcu/dear_gw_i_like_your_stuff_but_you_gotta_send_it/,Misc
1bvuvgt,Warhammer40k,2024-04-04,2024-04,"Brand new to 40K, and I found this at my LGS, and I had to grab it.",36,15,https://reddit.com/r/Warhammer40k/comments/1bvuvgt/brand_new_to_40k_and_i_found_this_at_my_lgs_and_i/,Hobby & Painting
1bxffoa,Warhammer40k,2024-04-06,2024-04,A update to me maybe getting scammed at my local store.,582,85,https://reddit.com/r/Warhammer40k/comments/1bxffoa/a_update_to_me_maybe_getting_scammed_at_my_local/,Rules
1by12p7,Warhammer40k,2024-04-07,2024-04,How do you store game mats without this happening?,348,50,https://reddit.com/r/Warhammer40k/comments/1by12p7/how_do_you_store_game_mats_without_this_happening/,Hobby & Painting
1bxy8yj,Warhammer40k,2024-04-07,2024-04,How fast did your local store ran out of free mini this month ? (deathwing knights),0,16,https://reddit.com/r/Warhammer40k/comments/1bxy8yj/how_fast_did_your_local_store_ran_out_of_free/,Misc
1byxvd0,Warhammer40k,2024-04-08,2024-04,"After a year of searching, finally found this model at my flgs",688,34,https://reddit.com/r/Warhammer40k/comments/1byxvd0/after_a_year_of_searching_finally_found_this/,Hobby & Painting
1bzcfv8,Warhammer40k,2024-04-08,2024-04,(rant) to all (non GW)LGS who declare themselves as the #1 seller in state or country,1,0,https://reddit.com/r/Warhammer40k/comments/1bzcfv8/rant_to_all_non_gwlgs_who_declare_themselves_as/,Misc
1c155y6,Warhammer40k,2024-04-11,2024-04,What was the worst manager you've seen at a local game store?,0,8,https://reddit.com/r/Warhammer40k/comments/1c155y6/what_was_the_worst_manager_youve_seen_at_a_local/,Misc
1c53w71,Warhammer40k,2024-04-16,2024-04,I’m not here to weigh in on the Custodes debacle. But I think it’s vital to not bring this dispute to the doors of our LGS owners.  Both sides of the debate need to leave it at the door. ,1,0,https://reddit.com/r/Warhammer40k/comments/1c53w71/im_not_here_to_weigh_in_on_the_custodes_debacle/,News & Rumours
1c689is,Warhammer40k,2024-04-17,2024-04,"Hey guys, normally I'm an AoS guy, but I painted my first space marine in over a decade for a painting competition hosted by my local store. Painted him up as one of the Fallen, how did I do? C&C always welcome",61,15,https://reddit.com/r/Warhammer40k/comments/1c689is/hey_guys_normally_im_an_aos_guy_but_i_painted_my/,Hobby & Painting
1cdx5yn,Warhammer40k,2024-04-26,2024-04,All LGS didn't get new codexs,1,3,https://reddit.com/r/Warhammer40k/comments/1cdx5yn/all_lgs_didnt_get_new_codexs/,Misc
1cddy5u,Warhammer40k,2024-04-26,2024-04,Nice that a local store in my country started selling warhammer 40k merch,1,0,https://reddit.com/r/Warhammer40k/comments/1cddy5u/nice_that_a_local_store_in_my_country_started/,Misc
1cddykw,Warhammer40k,2024-04-26,2024-04,Nice that a  store in my country started selling warhammer 40k merch,0,0,https://reddit.com/r/Warhammer40k/comments/1cddykw/nice_that_a_store_in_my_country_started_selling/,Misc
1cd9r1j,Warhammer40k,2024-04-26,2024-04,"Did a fun little monthly challenge for my local store. Had to paint a model with these 7 paints only, 5 of which are randomly generated.",9,0,https://reddit.com/r/Warhammer40k/comments/1cd9r1j/did_a_fun_little_monthly_challenge_for_my_local/,Hobby & Painting
1cemrnm,Warhammer40k,2024-04-27,2024-04,My entry for my FLGS's monthly painting contest,15,3,https://reddit.com/r/Warhammer40k/comments/1cemrnm/my_entry_for_my_flgss_monthly_painting_contest/,Hobby & Painting
1ces75i,Warhammer40k,2024-04-27,2024-04,My first army was a toss up between admech and sororitas. What my LGS had in stock was the decider. The Blessed Machine has spoken. Glory to the Omnissiah!,1,0,https://reddit.com/r/Warhammer40k/comments/1ces75i/my_first_army_was_a_toss_up_between_admech_and/,Misc
1ceckgb,Warhammer40k,2024-04-27,2024-04,"After 24 years of being a 40k fan, I finally went to a official Warhammer store, which opened today in my city",756,93,https://reddit.com/r/Warhammer40k/comments/1ceckgb/after_24_years_of_being_a_40k_fan_i_finally_went/,Hobby & Painting
1cfe7jv,Warhammer40k,2024-04-28,2024-04,Commission WIP for my LGS (I was paid in cheesecake),166,14,https://reddit.com/r/Warhammer40k/comments/1cfe7jv/commission_wip_for_my_lgs_i_was_paid_in_cheesecake/,Hobby & Painting
1chircz,Warhammer40k,2024-05-01,2024-05,Finished Lord Solar commission for my LGS,28,0,https://reddit.com/r/Warhammer40k/comments/1chircz/finished_lord_solar_commission_for_my_lgs/,Hobby & Painting
1cilln1,Warhammer40k,2024-05-02,2024-05,Beginner Model Building Tips (or I Have No FLGS and I Must Scream),1,6,https://reddit.com/r/Warhammer40k/comments/1cilln1/beginner_model_building_tips_or_i_have_no_flgs/,New Starter Help
1ckqm1i,Warhammer40k,2024-05-05,2024-05,LGS painting comp entry,34,2,https://reddit.com/r/Warhammer40k/comments/1ckqm1i/lgs_painting_comp_entry/,Hobby & Painting
1ckrkfx,Warhammer40k,2024-05-05,2024-05,Help find lgs in Tokyo,11,3,https://reddit.com/r/Warhammer40k/comments/1ckrkfx/help_find_lgs_in_tokyo/,Hobby & Painting
1cnt8x5,Warhammer40k,2024-05-09,2024-05,I just bought these 2 books in the Warhammer store Tokyo!,84,9,https://reddit.com/r/Warhammer40k/comments/1cnt8x5/i_just_bought_these_2_books_in_the_warhammer/,Hobby & Painting
1coofm7,Warhammer40k,2024-05-10,2024-05,Question about tau product drop to your LGS,1,5,https://reddit.com/r/Warhammer40k/comments/1coofm7/question_about_tau_product_drop_to_your_lgs/,News & Rumours
1cpj6au,Warhammer40k,2024-05-11,2024-05,What I got at my LGS for 100€,3,2,https://reddit.com/r/Warhammer40k/comments/1cpj6au/what_i_got_at_my_lgs_for_100/,Hobby & Painting
1cquwws,Warhammer40k,2024-05-13,2024-05,Warhammer store 40k japan,0,4,https://reddit.com/r/Warhammer40k/comments/1cquwws/warhammer_store_40k_japan/,Hobby & Painting
1cvz2t0,Warhammer40k,2024-05-19,2024-05,Found myself a Boarding Patrol at a LGS,29,12,https://reddit.com/r/Warhammer40k/comments/1cvz2t0/found_myself_a_boarding_patrol_at_a_lgs/,Hobby & Painting
1cvz23s,Warhammer40k,2024-05-19,2024-05,"Picked this bad boy up this afternoon, can’t wait to taker for a rip! The guy at the hobby shop spoke highly hopfully it’s better then my sandwich container 😂",9,5,https://reddit.com/r/Warhammer40k/comments/1cvz23s/picked_this_bad_boy_up_this_afternoon_cant_wait/,Hobby & Painting
1cvp4h4,Warhammer40k,2024-05-19,2024-05,Orikan the Diviner - my entry for a lucky pick painting competition at my local warhammer store,1,0,https://reddit.com/r/Warhammer40k/comments/1cvp4h4/orikan_the_diviner_my_entry_for_a_lucky_pick/,Hobby & Painting
1cw8fua,Warhammer40k,2024-05-20,2024-05,New warhammer store in Krakow???,3,5,https://reddit.com/r/Warhammer40k/comments/1cw8fua/new_warhammer_store_in_krakow/,Misc
1cz02zi,Warhammer40k,2024-05-23,2024-05,New Local Game Store TTS League!,1,0,https://reddit.com/r/Warhammer40k/comments/1cz02zi/new_local_game_store_tts_league/,Misc
1czbj2t,Warhammer40k,2024-05-24,2024-05,First 40k diorama with some random bits from my local game shop and a Cadian I got for a dollar,20,1,https://reddit.com/r/Warhammer40k/comments/1czbj2t/first_40k_diorama_with_some_random_bits_from_my/,New Starter Help
1d0fxbp,Warhammer40k,2024-05-25,2024-05,"do I ""need"" to buy RG transfer/upgrades for my RG bois? will I be laughed at by some purist in a game night at a store if I dont?",0,13,https://reddit.com/r/Warhammer40k/comments/1d0fxbp/do_i_need_to_buy_rg_transferupgrades_for_my_rg/,Hobby & Painting
1d0ntov,Warhammer40k,2024-05-25,2024-05,Went to my first warhammer store today and found this! Ain’t it a good find?,0,3,https://reddit.com/r/Warhammer40k/comments/1d0ntov/went_to_my_first_warhammer_store_today_and_found/,Hobby & Painting
1d2pqk3,Warhammer40k,2024-05-28,2024-05,LGS using eBay to determine prices?,0,21,https://reddit.com/r/Warhammer40k/comments/1d2pqk3/lgs_using_ebay_to_determine_prices/,Hobby & Painting
1d3iopi,Warhammer40k,2024-05-29,2024-05,"On Saturday, I hosted an Apocalypse game at my FLGS in Chicago, where we celebrated the 7th anniversary of our club with an over 80,000 pts, 16 player mega battle! Here's some photos of the madness.",118,16,https://reddit.com/r/Warhammer40k/comments/1d3iopi/on_saturday_i_hosted_an_apocalypse_game_at_my/,Misc
1d5tq0h,Warhammer40k,2024-06-01,2024-06,Does anyone play Spacehulk at your LGS? ,1,1,https://reddit.com/r/Warhammer40k/comments/1d5tq0h/does_anyone_play_spacehulk_at_your_lgs/,Misc
1d7i1ss,Warhammer40k,2024-06-03,2024-06,Using 3rd Party minis at FLGS?,0,13,https://reddit.com/r/Warhammer40k/comments/1d7i1ss/using_3rd_party_minis_at_flgs/,Hobby & Painting
1d9742w,Warhammer40k,2024-06-06,2024-06,Looking for LGS,1,0,https://reddit.com/r/Warhammer40k/comments/1d9742w/looking_for_lgs/,Misc
1d9n4hr,Warhammer40k,2024-06-06,2024-06,"Been having a pretty shit day overall, felt really nice to go into my LGS and find out that I had done enough of the things to get a Transport Box",22,1,https://reddit.com/r/Warhammer40k/comments/1d9n4hr/been_having_a_pretty_shit_day_overall_felt_really/,Misc
1dc5gfw,Warhammer40k,2024-06-09,2024-06,"Walks into local LGS to just walk around and look, walks out with this",768,43,https://reddit.com/r/Warhammer40k/comments/1dc5gfw/walks_into_local_lgs_to_just_walk_around_and_look/,Misc
1dcy02b,Warhammer40k,2024-06-10,2024-06,What's something nice that's happened to you at an LGS?,224,69,https://reddit.com/r/Warhammer40k/comments/1dcy02b/whats_something_nice_thats_happened_to_you_at_an/,Misc
1dectex,Warhammer40k,2024-06-12,2024-06,Is Gamesworkshop serious about these prices? I'm trying to support my local game store but the prices are ridiculous.,0,47,https://reddit.com/r/Warhammer40k/comments/1dectex/is_gamesworkshop_serious_about_these_prices_im/,Hobby & Painting
1dgxojb,Warhammer40k,2024-06-16,2024-06,Do I need a psychical copy of a codex and data cards to play at a warhammer store or can I just print something out? ,1,18,https://reddit.com/r/Warhammer40k/comments/1dgxojb/do_i_need_a_psychical_copy_of_a_codex_and_data/,New Starter Help
1dipfag,Warhammer40k,2024-06-18,2024-06,First time going to my LGS to olay,2,28,https://reddit.com/r/Warhammer40k/comments/1dipfag/first_time_going_to_my_lgs_to_olay/,Army List Review
1dis5k7,Warhammer40k,2024-06-18,2024-06,How to actually start a game at a local store?,36,13,https://reddit.com/r/Warhammer40k/comments/1dis5k7/how_to_actually_start_a_game_at_a_local_store/,New Starter Help
1dlll0z,Warhammer40k,2024-06-22,2024-06,Tips for finding a game shop,1,3,https://reddit.com/r/Warhammer40k/comments/1dlll0z/tips_for_finding_a_game_shop/,New Starter Help
1dm5em9,Warhammer40k,2024-06-22,2024-06,Warhammer store grand opening Semi close to me. The haul today,1,0,https://reddit.com/r/Warhammer40k/comments/1dm5em9/warhammer_store_grand_opening_semi_close_to_me/,Misc
1dmmzgg,Warhammer40k,2024-06-23,2024-06,"Found this a my LGS, is this still being sold?",12,12,https://reddit.com/r/Warhammer40k/comments/1dmmzgg/found_this_a_my_lgs_is_this_still_being_sold/,Misc
1dr820l,Warhammer40k,2024-06-29,2024-06,Saw this really cool conversion on display at my local store.,1632,18,https://reddit.com/r/Warhammer40k/comments/1dr820l/saw_this_really_cool_conversion_on_display_at_my/,Hobby & Painting
1drrwvn,Warhammer40k,2024-06-30,2024-06,What's a good budget to set when going to a warhammer store?,1,3,https://reddit.com/r/Warhammer40k/comments/1drrwvn/whats_a_good_budget_to_set_when_going_to_a/,Hobby & Painting
1ds51hp,Warhammer40k,2024-06-30,2024-06,Is the Warhammer store open July 4th?,0,10,https://reddit.com/r/Warhammer40k/comments/1ds51hp/is_the_warhammer_store_open_july_4th/,News & Rumours
1duieo2,Warhammer40k,2024-07-03,2024-07,"Anyone else feel ""out of place"" in their local gaming store/club? ",0,22,https://reddit.com/r/Warhammer40k/comments/1duieo2/anyone_else_feel_out_of_place_in_their_local/,Misc
1dzbs2o,Warhammer40k,2024-07-09,2024-07,FLGS Paint Contest,0,1,https://reddit.com/r/Warhammer40k/comments/1dzbs2o/flgs_paint_contest/,Hobby & Painting
1dz84kt,Warhammer40k,2024-07-09,2024-07,New Game Store with Tables in Martins Ferry Ohio,1,0,https://reddit.com/r/Warhammer40k/comments/1dz84kt/new_game_store_with_tables_in_martins_ferry_ohio/,News & Rumours
1e0k33p,Warhammer40k,2024-07-11,2024-07,My first experience in a Warhammer store.,143,14,https://reddit.com/r/Warhammer40k/comments/1e0k33p/my_first_experience_in_a_warhammer_store/,Misc
1e0qy9i,Warhammer40k,2024-07-11,2024-07,WIP. I got this for free at my local warhammer store with my starter space marine kit. I decided to use the colors I had and I like it. ,1,1,https://reddit.com/r/Warhammer40k/comments/1e0qy9i/wip_i_got_this_for_free_at_my_local_warhammer/,New Starter Help
1e0rb8w,Warhammer40k,2024-07-11,2024-07,WIP. I got this for free with my space marine kit at my local warhammer store and decided to keep the color scheme,1,0,https://reddit.com/r/Warhammer40k/comments/1e0rb8w/wip_i_got_this_for_free_with_my_space_marine_kit/,Hobby & Painting
1e1x61w,Warhammer40k,2024-07-13,2024-07,"Just went to my first Warhammer store, and it was such a pleasant experience as a newbie to the hobby",1,0,https://reddit.com/r/Warhammer40k/comments/1e1x61w/just_went_to_my_first_warhammer_store_and_it_was/,Misc
1e41wfd,Warhammer40k,2024-07-15,2024-07,"Never played warhammer before, but got this from my local hobby store, what is it?",309,69,https://reddit.com/r/Warhammer40k/comments/1e41wfd/never_played_warhammer_before_but_got_this_from/,Hobby & Painting
1e90a56,Warhammer40k,2024-07-21,2024-07,Helped run an Apocalypse game at my LGS today,1,0,https://reddit.com/r/Warhammer40k/comments/1e90a56/helped_run_an_apocalypse_game_at_my_lgs_today/,Hobby & Painting
1eantfc,Warhammer40k,2024-07-24,2024-07,Need the most ridiculously strong shooting list to prove the necessity of proper terrain at my LGS,591,152,https://reddit.com/r/Warhammer40k/comments/1eantfc/need_the_most_ridiculously_strong_shooting_list/,Rules
1ebxfxi,Warhammer40k,2024-07-25,2024-07,"Just painted last month's Warhammer store mini, been painting for about 1.5 months, any advice? ",10,2,https://reddit.com/r/Warhammer40k/comments/1ebxfxi/just_painted_last_months_warhammer_store_mini/,Hobby & Painting
1eczt0u,Warhammer40k,2024-07-26,2024-07,First FLGS Tournament List Help,1,2,https://reddit.com/r/Warhammer40k/comments/1eczt0u/first_flgs_tournament_list_help/,Army List Review
1ecey8v,Warhammer40k,2024-07-26,2024-07,Found this at a game/collector store ,0,3,https://reddit.com/r/Warhammer40k/comments/1ecey8v/found_this_at_a_gamecollector_store/,Misc
1ed1mvd,Warhammer40k,2024-07-26,2024-07,Found this at my local thrift store for $4.,242,22,https://reddit.com/r/Warhammer40k/comments/1ed1mvd/found_this_at_my_local_thrift_store_for_4/,Lore
1edgy41,Warhammer40k,2024-07-27,2024-07,Is this a good list for my first FLGS Tournie? ,1,2,https://reddit.com/r/Warhammer40k/comments/1edgy41/is_this_a_good_list_for_my_first_flgs_tournie/,Army List Review
1efloh7,Warhammer40k,2024-07-30,2024-07,Merch.Warhammer store is a scam,1,1,https://reddit.com/r/Warhammer40k/comments/1efloh7/merchwarhammer_store_is_a_scam/,New Starter Help
1ehgjf6,Warhammer40k,2024-08-01,2024-08,"Today I've learned my LGS sells an assortment of 3D printed 40k minis for US$ 5,40 a piece. Just got all of their Salamanders (and was able to break them during transport).",1,0,https://reddit.com/r/Warhammer40k/comments/1ehgjf6/today_ive_learned_my_lgs_sells_an_assortment_of/,Misc
1eipk9r,Warhammer40k,2024-08-03,2024-08,Going to play my second warhammer game at a local game store ,30,7,https://reddit.com/r/Warhammer40k/comments/1eipk9r/going_to_play_my_second_warhammer_game_at_a_local/,Hobby & Painting
1ek6fzl,Warhammer40k,2024-08-04,2024-08,Help finding FLGS?,1,3,https://reddit.com/r/Warhammer40k/comments/1ek6fzl/help_finding_flgs/,New Starter Help
1enyi0n,Warhammer40k,2024-08-09,2024-08,"Any FLGS worth stopping by  near Wilmington, NC?",0,2,https://reddit.com/r/Warhammer40k/comments/1enyi0n/any_flgs_worth_stopping_by_near_wilmington_nc/,Hobby & Painting
1eocvxs,Warhammer40k,2024-08-09,2024-08,Qui connaît le Hobby Shop de Grenoble ? Est-il fermé ? Does anyone know Hobby Shop in Grenoble?,2,1,https://reddit.com/r/Warhammer40k/comments/1eocvxs/qui_connaît_le_hobby_shop_de_grenoble_estil_fermé/,Hobby & Painting
1ep1vge,Warhammer40k,2024-08-10,2024-08,"Found these at a thrift store, around 62 in total, not sure what I picked up, came in a games workshop carrying case as well. New to this community, wasn't sure where to go from here in terms of tabletop/actually playing warhammer. Any info and advice would be appreciated!",9,2,https://reddit.com/r/Warhammer40k/comments/1ep1vge/found_these_at_a_thrift_store_around_62_in_total/,New Starter Help
1ep38on,Warhammer40k,2024-08-10,2024-08,Look what my fiance grabbed me from our Warhammer store!,187,11,https://reddit.com/r/Warhammer40k/comments/1ep38on/look_what_my_fiance_grabbed_me_from_our_warhammer/,Misc
1epe42n,Warhammer40k,2024-08-11,2024-08,"Stumbled into my LGS today, and came out with this little guy.",35,5,https://reddit.com/r/Warhammer40k/comments/1epe42n/stumbled_into_my_lgs_today_and_came_out_with_this/,Hobby & Painting
1eqncxb,Warhammer40k,2024-08-12,2024-08,First time at a Warhammer store. Debating between 2 factions : Sisters and CSM. Lore is what's more important to me. Inputs?,1,1,https://reddit.com/r/Warhammer40k/comments/1eqncxb/first_time_at_a_warhammer_store_debating_between/,New Starter Help
1etbz2d,Warhammer40k,2024-08-16,2024-08,I love my flgs,13,2,https://reddit.com/r/Warhammer40k/comments/1etbz2d/i_love_my_flgs/,Misc
1evdjfn,Warhammer40k,2024-08-18,2024-08,I painted miniature of the month for the painting competition in my local Warhammer store. C&C are welcome!,30,3,https://reddit.com/r/Warhammer40k/comments/1evdjfn/i_painted_miniature_of_the_month_for_the_painting/,Hobby & Painting
1ev702t,Warhammer40k,2024-08-18,2024-08,Just won a painting competition at a local hobby store,279,2,https://reddit.com/r/Warhammer40k/comments/1ev702t/just_won_a_painting_competition_at_a_local_hobby/,Hobby & Painting
1eyqjbp,Warhammer40k,2024-08-22,2024-08,Shoutout to Warhammer/Games Workshop and my LGS!,5,2,https://reddit.com/r/Warhammer40k/comments/1eyqjbp/shoutout_to_warhammergames_workshop_and_my_lgs/,New Starter Help
1f1rc6j,Warhammer40k,2024-08-26,2024-08,I went to a local store and left with…,135,51,https://reddit.com/r/Warhammer40k/comments/1f1rc6j/i_went_to_a_local_store_and_left_with/,Hobby & Painting
1f3jvww,Warhammer40k,2024-08-28,2024-08,"My LGS had these two in the case for $3 a piece, so out of hype for Space Marines 2, I'm going to be painting my first ever Space Marines!",56,6,https://reddit.com/r/Warhammer40k/comments/1f3jvww/my_lgs_had_these_two_in_the_case_for_3_a_piece_so/,Hobby & Painting
1f4epzl,Warhammer40k,2024-08-29,2024-08,LGS Etiquette - Cheating,1,0,https://reddit.com/r/Warhammer40k/comments/1f4epzl/lgs_etiquette_cheating/,Misc
1f6nyk8,Warhammer40k,2024-09-01,2024-09,Never played this game but some guys at a warhammer store in utrecht let me paint this fella for free :),6,0,https://reddit.com/r/Warhammer40k/comments/1f6nyk8/never_played_this_game_but_some_guys_at_a/,Hobby & Painting
1f6n6w3,Warhammer40k,2024-09-01,2024-09,AITA for not supporting my local GW store?,1,6,https://reddit.com/r/Warhammer40k/comments/1f6n6w3/aita_for_not_supporting_my_local_gw_store/,New Starter Help
1fb0lbc,Warhammer40k,2024-09-07,2024-09,How to find LGS?,0,13,https://reddit.com/r/Warhammer40k/comments/1fb0lbc/how_to_find_lgs/,Misc
1fctp5e,Warhammer40k,2024-09-09,2024-09,Whats Armies on Parade at a LGS like?,1,5,https://reddit.com/r/Warhammer40k/comments/1fctp5e/whats_armies_on_parade_at_a_lgs_like/,New Starter Help
1fdqz9i,Warhammer40k,2024-09-10,2024-09,owner of hobby shop gave me this to hang up for warhammer club!!!!,9,2,https://reddit.com/r/Warhammer40k/comments/1fdqz9i/owner_of_hobby_shop_gave_me_this_to_hang_up_for/,Misc
1fd5tce,Warhammer40k,2024-09-10,2024-09,Phobos Lt not of the warhammer store,0,6,https://reddit.com/r/Warhammer40k/comments/1fd5tce/phobos_lt_not_of_the_warhammer_store/,Misc
1feuy3v,Warhammer40k,2024-09-12,2024-09,I've been enjoying the new space marine game so much I almost forgot to come to work! Luckily the hobby shop I work at has this chain sword I could hold to stave off the withdrawals ,406,7,https://reddit.com/r/Warhammer40k/comments/1feuy3v/ive_been_enjoying_the_new_space_marine_game_so/,"Art, Cosplay & OC"
1fevr4r,Warhammer40k,2024-09-12,2024-09,Boyfriend brought me to a warhammer store ,637,45,https://reddit.com/r/Warhammer40k/comments/1fevr4r/boyfriend_brought_me_to_a_warhammer_store/,Hobby & Painting
1ffdav9,Warhammer40k,2024-09-12,2024-09,Hello I’m new to warhammer 40k and don’t know all the ranks for guys yet and picked these guys up at a hobby store used and don’t know what they are ,1,4,https://reddit.com/r/Warhammer40k/comments/1ffdav9/hello_im_new_to_warhammer_40k_and_dont_know_all/,New Starter Help
1fg1t21,Warhammer40k,2024-09-13,2024-09,"Opening up a hobby store and including Warhammer, What things would you normally like to see?",1,4,https://reddit.com/r/Warhammer40k/comments/1fg1t21/opening_up_a_hobby_store_and_including_warhammer/,Misc
1fhhzr4,Warhammer40k,2024-09-15,2024-09,"Store employers got mad at my friend today because he was proxying a Maulerfiend with a Fireslayer WHICH HE HAD BOUGHT FROM THE SAME DAMN STORE. This wasn't even a tournament,  just a random game in the store so we were kinda pissed",0,11,https://reddit.com/r/Warhammer40k/comments/1fhhzr4/store_employers_got_mad_at_my_friend_today/,Misc
1fhfii1,Warhammer40k,2024-09-15,2024-09,Is it worth ordering home delivery straight from the online warhammer store,1,5,https://reddit.com/r/Warhammer40k/comments/1fhfii1/is_it_worth_ordering_home_delivery_straight_from/,New Starter Help
1fhimyl,Warhammer40k,2024-09-15,2024-09,My small contribution to the armies on parade for my local warhammer store.,462,10,https://reddit.com/r/Warhammer40k/comments/1fhimyl/my_small_contribution_to_the_armies_on_parade_for/,Hobby & Painting
1fkvi57,Warhammer40k,2024-09-19,2024-09,Beware union city warhammer store ,1592,270,https://reddit.com/r/Warhammer40k/comments/1fkvi57/beware_union_city_warhammer_store/,Misc
1flogrf,Warhammer40k,2024-09-20,2024-09,"My first mini, freebie from the local store.",4,4,https://reddit.com/r/Warhammer40k/comments/1flogrf/my_first_mini_freebie_from_the_local_store/,Hobby & Painting
1fma2nd,Warhammer40k,2024-09-21,2024-09,"Kansas City, Missouri FLGS/PLayers.",2,0,https://reddit.com/r/Warhammer40k/comments/1fma2nd/kansas_city_missouri_flgsplayers/,Misc
1fmfjyq,Warhammer40k,2024-09-21,2024-09,"Designed and Made a Amasec Prop for a Friend (Playing a Rogue Trader) to give to an Inquisitor for the FLGS Crusade, it was given with a note saying ""I can do what I want""",15,0,https://reddit.com/r/Warhammer40k/comments/1fmfjyq/designed_and_made_a_amasec_prop_for_a_friend/,"Art, Cosplay & OC"
1fm5p1m,Warhammer40k,2024-09-21,2024-09,Heathrow should definitely have a Warhammer store.,582,84,https://reddit.com/r/Warhammer40k/comments/1fm5p1m/heathrow_should_definitely_have_a_warhammer_store/,Misc
1fm93yl,Warhammer40k,2024-09-21,2024-09,First time in a Warhammer store-is this usual?,0,56,https://reddit.com/r/Warhammer40k/comments/1fm93yl/first_time_in_a_warhammer_storeis_this_usual/,Hobby & Painting
1fm9tgl,Warhammer40k,2024-09-21,2024-09,Warhammer vs Hobby Store Prices,0,9,https://reddit.com/r/Warhammer40k/comments/1fm9tgl/warhammer_vs_hobby_store_prices/,Misc
1fmb00b,Warhammer40k,2024-09-21,2024-09,"Local Warhammer store does a Mini of the Month, and I got gold for my colourful Neophyte :D",928,66,https://reddit.com/r/Warhammer40k/comments/1fmb00b/local_warhammer_store_does_a_mini_of_the_month/,Hobby & Painting
1fnivxq,Warhammer40k,2024-09-23,2024-09,"Warhammer plushies? I found a ripper in the Cardiff, Wales, warhammer store",10,4,https://reddit.com/r/Warhammer40k/comments/1fnivxq/warhammer_plushies_i_found_a_ripper_in_the/,Misc
1fozq1f,Warhammer40k,2024-09-25,2024-09,Game Shop Nj Hasbrouck Heights ,1,0,https://reddit.com/r/Warhammer40k/comments/1fozq1f/game_shop_nj_hasbrouck_heights/,Misc
1fqysau,Warhammer40k,2024-09-27,2024-09,My entry for army's on parade at my local Warhammer store tomorrow. Wish me luck ,10,0,https://reddit.com/r/Warhammer40k/comments/1fqysau/my_entry_for_armys_on_parade_at_my_local/,Hobby & Painting
1frf66h,Warhammer40k,2024-09-28,2024-09,Largest warhammer store in the uk,0,2,https://reddit.com/r/Warhammer40k/comments/1frf66h/largest_warhammer_store_in_the_uk/,Hobby & Painting
1frqgg2,Warhammer40k,2024-09-28,2024-09,Painted my first mini today! At the warhammer store 🔨 ,1,0,https://reddit.com/r/Warhammer40k/comments/1frqgg2/painted_my_first_mini_today_at_the_warhammer_store/,Hobby & Painting
1ftqlf0,Warhammer40k,2024-10-01,2024-10,My local store got 2 extra boxes randomly today after they were sold out UK wide!,0,5,https://reddit.com/r/Warhammer40k/comments/1ftqlf0/my_local_store_got_2_extra_boxes_randomly_today/,Hobby & Painting
1funh0u,Warhammer40k,2024-10-02,2024-10,"I won gold for display board at my local store, with a display board of my local store. ",2265,35,https://reddit.com/r/Warhammer40k/comments/1funh0u/i_won_gold_for_display_board_at_my_local_store/,Hobby & Painting
1fv4kxh,Warhammer40k,2024-10-03,2024-10,First mini painted at the Warhammer store,2,0,https://reddit.com/r/Warhammer40k/comments/1fv4kxh/first_mini_painted_at_the_warhammer_store/,Hobby & Painting
1fvxrbx,Warhammer40k,2024-10-04,2024-10,"Hey I’m trying to get started in 40k, and I was just wondering if anyone knew of some lgs that sold 40k under msrp?",1,1,https://reddit.com/r/Warhammer40k/comments/1fvxrbx/hey_im_trying_to_get_started_in_40k_and_i_was/,New Starter Help
1fvxstf,Warhammer40k,2024-10-04,2024-10,Hey I’m trying to start out in 40k and I was wondering if anyone knew of any lgs in the Grand Rapids area that sold 40k under msrp?,1,2,https://reddit.com/r/Warhammer40k/comments/1fvxstf/hey_im_trying_to_start_out_in_40k_and_i_was/,New Starter Help
1fwokyg,Warhammer40k,2024-10-05,2024-10,I won gold at my local Warhammer store - perfect way to kick start Orktober ,1,0,https://reddit.com/r/Warhammer40k/comments/1fwokyg/i_won_gold_at_my_local_warhammer_store_perfect/,Hobby & Painting
1fwt9fc,Warhammer40k,2024-10-05,2024-10,Armies on Parade in my local store!,11,1,https://reddit.com/r/Warhammer40k/comments/1fwt9fc/armies_on_parade_in_my_local_store/,Hobby & Painting
1fwzd6y,Warhammer40k,2024-10-05,2024-10,Saw This At My Local Store and Love It,13,2,https://reddit.com/r/Warhammer40k/comments/1fwzd6y/saw_this_at_my_local_store_and_love_it/,Hobby & Painting
1fxhawp,Warhammer40k,2024-10-06,2024-10,Found this babies for $8 in my LGS and painted the first one!,1,0,https://reddit.com/r/Warhammer40k/comments/1fxhawp/found_this_babies_for_8_in_my_lgs_and_painted_the/,Hobby & Painting
1fxlklw,Warhammer40k,2024-10-06,2024-10,Just scored an awesome deal at my local store,15,3,https://reddit.com/r/Warhammer40k/comments/1fxlklw/just_scored_an_awesome_deal_at_my_local_store/,Misc
1fyakjh,Warhammer40k,2024-10-07,2024-10,Wrote this up for the new Warhammer Underworlds announcement but it definitely applies for any game you play - support your Friendly Local Game Store.,2,0,https://reddit.com/r/Warhammer40k/comments/1fyakjh/wrote_this_up_for_the_new_warhammer_underworlds/,Misc
1fz8mbb,Warhammer40k,2024-10-08,2024-10,"After keeping an eye on my LGS secondhand shelf for about a year, I’ve finally completed my Emperor’s Children. Now to check out any recent 40K news.",192,13,https://reddit.com/r/Warhammer40k/comments/1fz8mbb/after_keeping_an_eye_on_my_lgs_secondhand_shelf/,Hobby & Painting
1fzbkox,Warhammer40k,2024-10-08,2024-10,Entering this weeks painting competition in my local Warhammer Store (Time Till Saturday) ,538,37,https://reddit.com/r/Warhammer40k/comments/1fzbkox/entering_this_weeks_painting_competition_in_my/,Hobby & Painting
1fyrpke,Warhammer40k,2024-10-08,2024-10,My first kitbash for a competition at the local gw store,18,0,https://reddit.com/r/Warhammer40k/comments/1fyrpke/my_first_kitbash_for_a_competition_at_the_local/,Hobby & Painting
1fzqpuh,Warhammer40k,2024-10-09,2024-10,How to properly approach list building at my LGS,0,6,https://reddit.com/r/Warhammer40k/comments/1fzqpuh/how_to_properly_approach_list_building_at_my_lgs/,New Starter Help
1g0n3tf,Warhammer40k,2024-10-10,2024-10,Order not coming to lgs,0,4,https://reddit.com/r/Warhammer40k/comments/1g0n3tf/order_not_coming_to_lgs/,New Starter Help
1g2bv6f,Warhammer40k,2024-10-12,2024-10,I started by downloading Space Marine 2…. Having a warhammer store 10 minutes away may make me go broke! So excited to finally get into the 40k hobby!!,1,0,https://reddit.com/r/Warhammer40k/comments/1g2bv6f/i_started_by_downloading_space_marine_2_having_a/,Hobby & Painting
1g2fbpl,Warhammer40k,2024-10-13,2024-10,what kind of things do you look for in a non official LGS?,1,0,https://reddit.com/r/Warhammer40k/comments/1g2fbpl/what_kind_of_things_do_you_look_for_in_a_non/,Misc
1g58f10,Warhammer40k,2024-10-16,2024-10,Why is every person that works at a Warhammer store so condescending?,1,0,https://reddit.com/r/Warhammer40k/comments/1g58f10/why_is_every_person_that_works_at_a_warhammer/,Misc
1g5vo9m,Warhammer40k,2024-10-17,2024-10,I think about bringing this guy to a 1000 points game in my LGS. Will it be considered as bad/unfriendly behaviour?,2909,410,https://reddit.com/r/Warhammer40k/comments/1g5vo9m/i_think_about_bringing_this_guy_to_a_1000_points/,New Starter Help
1g5g98d,Warhammer40k,2024-10-17,2024-10,"Alright fellas you walk into a game store with infinite supply and the emperor  lets you have ONE kit for free… what are you taking? (Plastic, not resin)",1533,467,https://reddit.com/r/Warhammer40k/comments/1g5g98d/alright_fellas_you_walk_into_a_game_store_with/,Misc
1g5s5ue,Warhammer40k,2024-10-17,2024-10,I made a Space Marine 2 diorama (that is now temporarily displayed at my local Warhammer store) 😊😊,493,7,https://reddit.com/r/Warhammer40k/comments/1g5s5ue/i_made_a_space_marine_2_diorama_that_is_now/,Hobby & Painting
1g6pfa9,Warhammer40k,2024-10-18,2024-10,Question on etiquette when it comes to bringing up pricing at FLGS,0,5,https://reddit.com/r/Warhammer40k/comments/1g6pfa9/question_on_etiquette_when_it_comes_to_bringing/,New Starter Help
1g6lgm3,Warhammer40k,2024-10-18,2024-10,Going to my local Warhammer store for the first time today and could use some advice,1,2,https://reddit.com/r/Warhammer40k/comments/1g6lgm3/going_to_my_local_warhammer_store_for_the_first/,New Starter Help
1g7otky,Warhammer40k,2024-10-20,2024-10,"I went to my local Warhammer store earlier today and painted my first mini, an Infernus Marine",3,1,https://reddit.com/r/Warhammer40k/comments/1g7otky/i_went_to_my_local_warhammer_store_earlier_today/,Hobby & Painting
1g8vokw,Warhammer40k,2024-10-21,2024-10,Armies on Parade Event at my local Warhammer Store,3,0,https://reddit.com/r/Warhammer40k/comments/1g8vokw/armies_on_parade_event_at_my_local_warhammer_store/,Hobby & Painting
1g8npri,Warhammer40k,2024-10-21,2024-10,A local PC store made a custom 1 off display piece.,1967,24,https://reddit.com/r/Warhammer40k/comments/1g8npri/a_local_pc_store_made_a_custom_1_off_display_piece/,"Art, Cosplay & OC"
1g9xdwj,Warhammer40k,2024-10-23,2024-10,Soooooo.... I did a thing... again....and I don't even play 40k.. I just can't help but spend money at my lgs. And it's hard to really know what is cross comparable between aos and 40k...,0,3,https://reddit.com/r/Warhammer40k/comments/1g9xdwj/soooooo_i_did_a_thing_againand_i_dont_even_play/,Hobby & Painting
1ga468q,Warhammer40k,2024-10-23,2024-10,Third party retailer or Warhammer store for first time model buyer?,1,21,https://reddit.com/r/Warhammer40k/comments/1ga468q/third_party_retailer_or_warhammer_store_for_first/,New Starter Help
1g9xa6t,Warhammer40k,2024-10-23,2024-10,I'm looking into possibly working at my local GW store. How do I apply there? What should I know?,0,15,https://reddit.com/r/Warhammer40k/comments/1g9xa6t/im_looking_into_possibly_working_at_my_local_gw/,Misc
1gdbyv2,Warhammer40k,2024-10-27,2024-10,"I found this figure in random store, didn't even know it's from Warhammer when I painted it. I found this model https://www.thingiverse.com/thing:1872509",5,0,https://reddit.com/r/Warhammer40k/comments/1gdbyv2/i_found_this_figure_in_random_store_didnt_even/,Hobby & Painting
1ge0ktg,Warhammer40k,2024-10-28,2024-10,"Spotted a warhammer store in Connecticut cool place, super expensive! I’ll be printing my pieces instead 😭",1,0,https://reddit.com/r/Warhammer40k/comments/1ge0ktg/spotted_a_warhammer_store_in_connecticut_cool/,Misc
1ge5nvz,Warhammer40k,2024-10-28,2024-10,Warhammer store in European countries,3,2,https://reddit.com/r/Warhammer40k/comments/1ge5nvz/warhammer_store_in_european_countries/,Misc
1gdqp2i,Warhammer40k,2024-10-28,2024-10,A kitbashed stompa at my local store someone made,30,1,https://reddit.com/r/Warhammer40k/comments/1gdqp2i/a_kitbashed_stompa_at_my_local_store_someone_made/,Hobby & Painting
1gf3dfz,Warhammer40k,2024-10-29,2024-10,"You warned me the plastic was crack, but nobody told me it applied to everything in the game store..",283,53,https://reddit.com/r/Warhammer40k/comments/1gf3dfz/you_warned_me_the_plastic_was_crack_but_nobody/,Hobby & Painting
1gg75u2,Warhammer40k,2024-10-31,2024-10,Got some good pickups from my local store and my Ultimate Guide came in from Amazon.,8,0,https://reddit.com/r/Warhammer40k/comments/1gg75u2/got_some_good_pickups_from_my_local_store_and_my/,Hobby & Painting
1ghbc27,Warhammer40k,2024-11-01,2024-11,Is Warhammer store child friendly? ,0,7,https://reddit.com/r/Warhammer40k/comments/1ghbc27/is_warhammer_store_child_friendly/,New Starter Help
1gi5pmm,Warhammer40k,2024-11-02,2024-11,Games Workshop's relationship with LGS and second hand models,0,5,https://reddit.com/r/Warhammer40k/comments/1gi5pmm/games_workshops_relationship_with_lgs_and_second/,Misc
1gi83hu,Warhammer40k,2024-11-02,2024-11,"First time in a Warhammer store, and got to paint my first mini",2,0,https://reddit.com/r/Warhammer40k/comments/1gi83hu/first_time_in_a_warhammer_store_and_got_to_paint/,Hobby & Painting
1giuc4h,Warhammer40k,2024-11-03,2024-11,"Had some store credit at a LGS got an intercessor squad and the Leviathan box for $20 OOP, already hooked!",9,3,https://reddit.com/r/Warhammer40k/comments/1giuc4h/had_some_store_credit_at_a_lgs_got_an_intercessor/,New Starter Help
1gjss67,Warhammer40k,2024-11-04,2024-11,Found this at a LGS on clearance. ,1,0,https://reddit.com/r/Warhammer40k/comments/1gjss67/found_this_at_a_lgs_on_clearance/,Rules
1gkf2oc,Warhammer40k,2024-11-05,2024-11,Saw another post that reminded me of the Warhammer store in Edinburgh,5,11,https://reddit.com/r/Warhammer40k/comments/1gkf2oc/saw_another_post_that_reminded_me_of_the/,Misc
1gmpwxn,Warhammer40k,2024-11-08,2024-11,My First Ever Space Marine! Painted in a small class in my LGS,7,1,https://reddit.com/r/Warhammer40k/comments/1gmpwxn/my_first_ever_space_marine_painted_in_a_small/,Hobby & Painting
1gnom2m,Warhammer40k,2024-11-10,2024-11,"Finally made the hike to my local official Warhammer store and did some impulse shopping. So! First time painting Necrons, how'd I do?",33,1,https://reddit.com/r/Warhammer40k/comments/1gnom2m/finally_made_the_hike_to_my_local_official/,Hobby & Painting
1gou6jq,Warhammer40k,2024-11-11,2024-11,New LGS Discovered,0,0,https://reddit.com/r/Warhammer40k/comments/1gou6jq/new_lgs_discovered/,Hobby & Painting
1gqan3j,Warhammer40k,2024-11-13,2024-11,My model was stolen from a Warhammer store competition,110,91,https://reddit.com/r/Warhammer40k/comments/1gqan3j/my_model_was_stolen_from_a_warhammer_store/,Misc
1gshhup,Warhammer40k,2024-11-16,2024-11,Trouble Purchasing from the Warhammer online store in U.S,1,4,https://reddit.com/r/Warhammer40k/comments/1gshhup/trouble_purchasing_from_the_warhammer_online/,New Starter Help
1gt114n,Warhammer40k,2024-11-17,2024-11,"Local FLGS is looking to run a ""Combat Patrol League"" starting in January...",7,19,https://reddit.com/r/Warhammer40k/comments/1gt114n/local_flgs_is_looking_to_run_a_combat_patrol/,Misc
1guil7y,Warhammer40k,2024-11-18,2024-11,40K Ruin For My LGS!,1,0,https://reddit.com/r/Warhammer40k/comments/1guil7y/40k_ruin_for_my_lgs/,Hobby & Painting
1guobi4,Warhammer40k,2024-11-19,2024-11,I Made a Warhammer Game Room Since My City Has No Local Game Store or Warhammer Store,235,8,https://reddit.com/r/Warhammer40k/comments/1guobi4/i_made_a_warhammer_game_room_since_my_city_has_no/,Hobby & Painting
1gycusm,Warhammer40k,2024-11-23,2024-11,"Did the ""paint your first model"" at the local Warhammer store with my partner, how did we do?",65,17,https://reddit.com/r/Warhammer40k/comments/1gycusm/did_the_paint_your_first_model_at_the_local/,Hobby & Painting
1gzpybz,Warhammer40k,2024-11-25,2024-11,"Any LGS in Victorville, CA",0,0,https://reddit.com/r/Warhammer40k/comments/1gzpybz/any_lgs_in_victorville_ca/,Misc
1h15s88,Warhammer40k,2024-11-27,2024-11,Warhammer at the local game shop,9,0,https://reddit.com/r/Warhammer40k/comments/1h15s88/warhammer_at_the_local_game_shop/,Hobby & Painting
1h1ehbj,Warhammer40k,2024-11-27,2024-11,Mini from fanatic starter set looking for feedback basically like the 2nd mini I painted after the ultramarine at the warhammer store any feed back on how to paint better,1,1,https://reddit.com/r/Warhammer40k/comments/1h1ehbj/mini_from_fanatic_starter_set_looking_for/,New Starter Help
1h1mn7x,Warhammer40k,2024-11-28,2024-11,Infernus Marine painted for a comp at my FLGS,14,0,https://reddit.com/r/Warhammer40k/comments/1h1mn7x/infernus_marine_painted_for_a_comp_at_my_flgs/,Hobby & Painting
1h206w2,Warhammer40k,2024-11-28,2024-11,Warhammer store in turkey?,1,4,https://reddit.com/r/Warhammer40k/comments/1h206w2/warhammer_store_in_turkey/,New Starter Help
1h2r1mw,Warhammer40k,2024-11-29,2024-11,LGS for the win,88,30,https://reddit.com/r/Warhammer40k/comments/1h2r1mw/lgs_for_the_win/,Hobby & Painting
1h3jwcn,Warhammer40k,2024-11-30,2024-11,I got *extremely* lucky on Black Week at my FLGS.,0,0,https://reddit.com/r/Warhammer40k/comments/1h3jwcn/i_got_extremely_lucky_on_black_week_at_my_flgs/,Misc
1h34hv8,Warhammer40k,2024-11-30,2024-11,Went to my first ever warhammer store,3,0,https://reddit.com/r/Warhammer40k/comments/1h34hv8/went_to_my_first_ever_warhammer_store/,Hobby & Painting
1h392fr,Warhammer40k,2024-11-30,2024-11,"Denied an introductory paint session at my local Warhammer store, after being offered to come in and take one 3 weeks ago.",1,1,https://reddit.com/r/Warhammer40k/comments/1h392fr/denied_an_introductory_paint_session_at_my_local/,New Starter Help
1h3xxfp,Warhammer40k,2024-12-01,2024-12,Pretty decent haul from LGS!,1,0,https://reddit.com/r/Warhammer40k/comments/1h3xxfp/pretty_decent_haul_from_lgs/,Misc
1h3zpda,Warhammer40k,2024-12-01,2024-12,“You can move through crates like a ruin and it doesn’t stop vehicles/monsters” someone said this at my game store is this right?,1,5,https://reddit.com/r/Warhammer40k/comments/1h3zpda/you_can_move_through_crates_like_a_ruin_and_it/,Rules
1h502z0,Warhammer40k,2024-12-02,2024-12,Local store selling French codex cheap… can I use code for English app?,1,1,https://reddit.com/r/Warhammer40k/comments/1h502z0/local_store_selling_french_codex_cheap_can_i_use/,Rules
1h67b33,Warhammer40k,2024-12-04,2024-12,Local trift store has fall to slaanesh.,1,0,https://reddit.com/r/Warhammer40k/comments/1h67b33/local_trift_store_has_fall_to_slaanesh/,Misc
1h71gvt,Warhammer40k,2024-12-05,2024-12,Warhammer plus subscriptions should give a discount on the online store ,1,0,https://reddit.com/r/Warhammer40k/comments/1h71gvt/warhammer_plus_subscriptions_should_give_a/,Misc
1ham690,Warhammer40k,2024-12-09,2024-12,Looking to order for a store and don't know Warhammer 40k,0,8,https://reddit.com/r/Warhammer40k/comments/1ham690/looking_to_order_for_a_store_and_dont_know/,New Starter Help
1haqkce,Warhammer40k,2024-12-10,2024-12,Found this box at my lgs is it still a good investment? ,794,86,https://reddit.com/r/Warhammer40k/comments/1haqkce/found_this_box_at_my_lgs_is_it_still_a_good/,New Starter Help
1hb4kdz,Warhammer40k,2024-12-10,2024-12,I was at my local warhammer store and painted my first spacemarine,27,4,https://reddit.com/r/Warhammer40k/comments/1hb4kdz/i_was_at_my_local_warhammer_store_and_painted_my/,Hobby & Painting
1hbwbzx,Warhammer40k,2024-12-11,2024-12,"On Saturday, I hosted an Apocalypse Game at my LGS in Chicago that saw close to 120,000 points on the table. This event was to celebrate another great year of 40K at our club.",1932,84,https://reddit.com/r/Warhammer40k/comments/1hbwbzx/on_saturday_i_hosted_an_apocalypse_game_at_my_lgs/,Misc
1hctx26,Warhammer40k,2024-12-12,2024-12,Found him at the Warhammer store,6,1,https://reddit.com/r/Warhammer40k/comments/1hctx26/found_him_at_the_warhammer_store/,News & Rumours
1hed0cz,Warhammer40k,2024-12-14,2024-12,Got this for a steak at a game shop near me,80,30,https://reddit.com/r/Warhammer40k/comments/1hed0cz/got_this_for_a_steak_at_a_game_shop_near_me/,New Starter Help
1hf5f9f,Warhammer40k,2024-12-15,2024-12,can someone explain what warhammer apocalypse is? I checked warhammer store n their descriptions but im still confused,0,11,https://reddit.com/r/Warhammer40k/comments/1hf5f9f/can_someone_explain_what_warhammer_apocalypse_is/,New Starter Help
1hgmqbs,Warhammer40k,2024-12-17,2024-12,Local game store selling last year Christmas battleforce for $400 CAD ,15,17,https://reddit.com/r/Warhammer40k/comments/1hgmqbs/local_game_store_selling_last_year_christmas/,Misc
1hid0vq,Warhammer40k,2024-12-20,2024-12,Warhammer Display in Maine Grocery Store,1,0,https://reddit.com/r/Warhammer40k/comments/1hid0vq/warhammer_display_in_maine_grocery_store/,Misc
1hjjxd3,Warhammer40k,2024-12-21,2024-12,My wife caught me at the game store 😅,3492,52,https://reddit.com/r/Warhammer40k/comments/1hjjxd3/my_wife_caught_me_at_the_game_store/,Misc
1hjqb35,Warhammer40k,2024-12-22,2024-12,Thank you to my Secret Santa at my Warhammer store!,1,0,https://reddit.com/r/Warhammer40k/comments/1hjqb35/thank_you_to_my_secret_santa_at_my_warhammer_store/,Hobby & Painting
1hkfpl5,Warhammer40k,2024-12-23,2024-12,"Picked this guy up at the LGS secondhand, but I have no idea what he is. Anybody recognize this unit?",1,3,https://reddit.com/r/Warhammer40k/comments/1hkfpl5/picked_this_guy_up_at_the_lgs_secondhand_but_i/,Hobby & Painting
1hm2eh5,Warhammer40k,2024-12-25,2024-12,"Mom can we go to the Warhammer store? No, we have Warhammer store at home. ",76,64,https://reddit.com/r/Warhammer40k/comments/1hm2eh5/mom_can_we_go_to_the_warhammer_store_no_we_have/,Hobby & Painting
1hpoxar,Warhammer40k,2024-12-30,2024-12,Sneak off with a free Striking Scorpion and grab a Golden Demon coin from your Warhammer store in January,12,5,https://reddit.com/r/Warhammer40k/comments/1hpoxar/sneak_off_with_a_free_striking_scorpion_and_grab/,News & Rumours
1hpvoar,Warhammer40k,2024-12-30,2024-12,My Warhammer store run of the mini of the month immediately. ,0,7,https://reddit.com/r/Warhammer40k/comments/1hpvoar/my_warhammer_store_run_of_the_mini_of_the_month/,Misc
1hqy77l,Warhammer40k,2025-01-01,2025-01,You know it's gonna be a wild year after nearly getting shot in the face by a firework at my LGS showing up at the stroke of midnight to upload this and celebrate. HAPPY NEW YEAR!!! ,0,2,https://reddit.com/r/Warhammer40k/comments/1hqy77l/you_know_its_gonna_be_a_wild_year_after_nearly/,Hobby & Painting
1ht1win,Warhammer40k,2025-01-04,2025-01,Awesome score at my LGS! ,1,0,https://reddit.com/r/Warhammer40k/comments/1ht1win/awesome_score_at_my_lgs/,Misc
1htdmhw,Warhammer40k,2025-01-04,2025-01,Newb: Can we return boxes to local store (local game store or official games workshop store),0,6,https://reddit.com/r/Warhammer40k/comments/1htdmhw/newb_can_we_return_boxes_to_local_store_local/,New Starter Help
1htvyb4,Warhammer40k,2025-01-05,2025-01,Got a few more colors at my local store (didn't even know it existed) so I could finish his eyes and completed the base on my first every mini. Feedback gladly welcomed.,16,3,https://reddit.com/r/Warhammer40k/comments/1htvyb4/got_a_few_more_colors_at_my_local_store_didnt/,New Starter Help
1huwm7r,Warhammer40k,2025-01-06,2025-01,"Hi my first time learning about Warhammer, I went into store they allowed me to paint this! ",1,0,https://reddit.com/r/Warhammer40k/comments/1huwm7r/hi_my_first_time_learning_about_warhammer_i_went/,Hobby & Painting
1hux38v,Warhammer40k,2025-01-06,2025-01,"Hi my first time learning about Warhammer, I went into store they allowed me to paint this!",1,2,https://reddit.com/r/Warhammer40k/comments/1hux38v/hi_my_first_time_learning_about_warhammer_i_went/,Hobby & Painting
1hvbcyp,Warhammer40k,2025-01-06,2025-01,"Is Honour Imperialis a good first book to get into the Warhammer story? It was $15 at a local book store, so figured I'd start with it",1,2,https://reddit.com/r/Warhammer40k/comments/1hvbcyp/is_honour_imperialis_a_good_first_book_to_get/,Lore
1hy1ou4,Warhammer40k,2025-01-10,2025-01,Was given a free infernus marine by my FLGS in Bangkok a while back. Decided to raid my bitz box today and make this silly little goober. What should I call him?,2,1,https://reddit.com/r/Warhammer40k/comments/1hy1ou4/was_given_a_free_infernus_marine_by_my_flgs_in/,Hobby & Painting
1hze8gv,Warhammer40k,2025-01-12,2025-01,Picked-Up from my LGS - Love the Old Models! ,4,1,https://reddit.com/r/Warhammer40k/comments/1hze8gv/pickedup_from_my_lgs_love_the_old_models/,Hobby & Painting
1i054qd,Warhammer40k,2025-01-13,2025-01,Warhammer discount store,0,4,https://reddit.com/r/Warhammer40k/comments/1i054qd/warhammer_discount_store/,New Starter Help
1i2wt0x,Warhammer40k,2025-01-16,2025-01,GW Loss. Missing two pieces from a sprue. Told to kick rocks and get my LGS to handle it.,0,15,https://reddit.com/r/Warhammer40k/comments/1i2wt0x/gw_loss_missing_two_pieces_from_a_sprue_told_to/,Misc
1i3qbli,Warhammer40k,2025-01-17,2025-01,Warhammer store gave these out for free. These are awsome,91,3,https://reddit.com/r/Warhammer40k/comments/1i3qbli/warhammer_store_gave_these_out_for_free_these_are/,Misc
1i41kuc,Warhammer40k,2025-01-18,2025-01,Local Game Store Selling 3D Printed Warhammer.,1,0,https://reddit.com/r/Warhammer40k/comments/1i41kuc/local_game_store_selling_3d_printed_warhammer/,Misc
1i3yv24,Warhammer40k,2025-01-18,2025-01,"FYI, new 3rd Party online store opening this month in Australia aiming to sell Warhammer at 23% discount",7,8,https://reddit.com/r/Warhammer40k/comments/1i3yv24/fyi_new_3rd_party_online_store_opening_this_month/,Hobby & Painting
1i4sx39,Warhammer40k,2025-01-19,2025-01,"Starting to get my first step to learn war game. So far they introduce me to battle honors. Basically a warhammer hobby challenge when you in Warhammer store. What's good way to show my progress? I did build, paint and read codex outside the store.",7,2,https://reddit.com/r/Warhammer40k/comments/1i4sx39/starting_to_get_my_first_step_to_learn_war_game/,New Starter Help
1i54896,Warhammer40k,2025-01-19,2025-01,Do you consider a 3 store building too much for a Combat Patrol game?,0,4,https://reddit.com/r/Warhammer40k/comments/1i54896/do_you_consider_a_3_store_building_too_much_for_a/,Rules
1i4ln3c,Warhammer40k,2025-01-19,2025-01,"Found this guy in a bits drawer at a local store, what chapter is he supposed to be from?",1,0,https://reddit.com/r/Warhammer40k/comments/1i4ln3c/found_this_guy_in_a_bits_drawer_at_a_local_store/,Hobby & Painting
1i51ng9,Warhammer40k,2025-01-19,2025-01,Took my wife to local GW store...,1,0,https://reddit.com/r/Warhammer40k/comments/1i51ng9/took_my_wife_to_local_gw_store/,Misc
1i6fgc7,Warhammer40k,2025-01-21,2025-01,Looking to start playing 40K at LGS,0,7,https://reddit.com/r/Warhammer40k/comments/1i6fgc7/looking_to_start_playing_40k_at_lgs/,New Starter Help
1i6mchd,Warhammer40k,2025-01-21,2025-01,"Recently completed this Cerastus Knight Acheron painted in House Vornherr colors, that I painted as an example entry for a painting contest I'm helping run at my LGS in Chicago.",11,0,https://reddit.com/r/Warhammer40k/comments/1i6mchd/recently_completed_this_cerastus_knight_acheron/,Hobby & Painting
1i9wi71,Warhammer40k,2025-01-25,2025-01,Is there a Dallas game store that allows you to rent an army?,1,0,https://reddit.com/r/Warhammer40k/comments/1i9wi71/is_there_a_dallas_game_store_that_allows_you_to/,Misc
1iadnmq,Warhammer40k,2025-01-26,2025-01,"Went to the LGS for one paint, they were out it… left with … more paints.",1,0,https://reddit.com/r/Warhammer40k/comments/1iadnmq/went_to_the_lgs_for_one_paint_they_were_out_it/,Hobby & Painting
1iar2e9,Warhammer40k,2025-01-26,2025-01,I’m thinking of buying some starter sets for my son (10) and myself (37). Never played before. Should we go to a game store to learn or can we figure this out on our own at home?,7,10,https://reddit.com/r/Warhammer40k/comments/1iar2e9/im_thinking_of_buying_some_starter_sets_for_my/,New Starter Help
1iara0e,Warhammer40k,2025-01-26,2025-01,"Warhammer store in Harajuku, Japan",1,0,https://reddit.com/r/Warhammer40k/comments/1iara0e/warhammer_store_in_harajuku_japan/,Misc
1iaf9w3,Warhammer40k,2025-01-26,2025-01,"As a beginner, I took the introductory build and Paint class at my local WH store. Not bad for my first mini.",1,0,https://reddit.com/r/Warhammer40k/comments/1iaf9w3/as_a_beginner_i_took_the_introductory_build_and/,Hobby & Painting
1iafdqz,Warhammer40k,2025-01-26,2025-01,I'm a beginner and took the introductory build and paint class at my local WH store.,55,3,https://reddit.com/r/Warhammer40k/comments/1iafdqz/im_a_beginner_and_took_the_introductory_build_and/,Hobby & Painting
1ice648,Warhammer40k,2025-01-28,2025-01,Hobby shop in NYC,0,2,https://reddit.com/r/Warhammer40k/comments/1ice648/hobby_shop_in_nyc/,Hobby & Painting
1id68uv,Warhammer40k,2025-01-29,2025-01,An Inaugural RTT has been announced to be taking place at a LGS near me,1,2,https://reddit.com/r/Warhammer40k/comments/1id68uv/an_inaugural_rtt_has_been_announced_to_be_taking/,Misc
1idwnt2,Warhammer40k,2025-01-30,2025-01,How Much Does Your Local Gaming Store Charge You to Play?,334,690,https://reddit.com/r/Warhammer40k/comments/1idwnt2/how_much_does_your_local_gaming_store_charge_you/,Misc
1ifca2y,Warhammer40k,2025-02-01,2025-02,"Game store i go to started selling these beginner kits for Warhammer, so after being a long time fan of the games decided to get one, excited and scared to get into the hobby 😬",1,1,https://reddit.com/r/Warhammer40k/comments/1ifca2y/game_store_i_go_to_started_selling_these_beginner/,New Starter Help
1ifiemo,Warhammer40k,2025-02-01,2025-02,"6 down, 4 to go...I'm starting to think the GW employee at my local store wasn't entirely honest when he said World Eaters are ""pretty easy to paint for a beginner"".",43,17,https://reddit.com/r/Warhammer40k/comments/1ifiemo/6_down_4_to_goim_starting_to_think_the_gw/,Hobby & Painting
1igls0h,Warhammer40k,2025-02-03,2025-02,Lord of Virulence was featured online at my local store!,699,8,https://reddit.com/r/Warhammer40k/comments/1igls0h/lord_of_virulence_was_featured_online_at_my_local/,Hobby & Painting
1ik7sad,Warhammer40k,2025-02-07,2025-02,Found this model at my LGS,12,0,https://reddit.com/r/Warhammer40k/comments/1ik7sad/found_this_model_at_my_lgs/,Hobby & Painting
1ijzdaz,Warhammer40k,2025-02-07,2025-02,Declining Warhammer merch store quality,1197,84,https://reddit.com/r/Warhammer40k/comments/1ijzdaz/declining_warhammer_merch_store_quality/,News & Rumours
1iklas5,Warhammer40k,2025-02-08,2025-02,Warhammer Store Crackdown,0,5,https://reddit.com/r/Warhammer40k/comments/1iklas5/warhammer_store_crackdown/,Hobby & Painting
1imx5yw,Warhammer40k,2025-02-11,2025-02,"My local store has had its preorders for the new Eldar delayed, so I can't play with the new toys yet sadly - in the meantime, here's Jain Zar painted up!",12,0,https://reddit.com/r/Warhammer40k/comments/1imx5yw/my_local_store_has_had_its_preorders_for_the_new/,Hobby & Painting
1ipupvy,Warhammer40k,2025-02-15,2025-02,Picked up on holiday in belgium from a flgs,4,1,https://reddit.com/r/Warhammer40k/comments/1ipupvy/picked_up_on_holiday_in_belgium_from_a_flgs/,Hobby & Painting
1iq2bbq,Warhammer40k,2025-02-15,2025-02,Does anyone know what this warhammer dark angels model might be? I bought it from a hobby store and it is a firstborn but due to the little symbol on his back I am assuming that it is a character,1,3,https://reddit.com/r/Warhammer40k/comments/1iq2bbq/does_anyone_know_what_this_warhammer_dark_angels/,New Starter Help
1iqvir6,Warhammer40k,2025-02-16,2025-02,Best LGS in Plymouth uk,1,1,https://reddit.com/r/Warhammer40k/comments/1iqvir6/best_lgs_in_plymouth_uk/,Hobby & Painting
1iqjsjz,Warhammer40k,2025-02-16,2025-02,"How can I paint good yellow for my silver templars, with just the paints I have, my father will not be able to bring me back to the Warhammer store anytime soon.",3,31,https://reddit.com/r/Warhammer40k/comments/1iqjsjz/how_can_i_paint_good_yellow_for_my_silver/,New Starter Help
1iqgmug,Warhammer40k,2025-02-16,2025-02,"Found this in a local non-GW store, how old is it?",151,64,https://reddit.com/r/Warhammer40k/comments/1iqgmug/found_this_in_a_local_nongw_store_how_old_is_it/,Misc
1isyqjz,Warhammer40k,2025-02-19,2025-02,I had a great welcome at Warhammer Store Tokyo,81,16,https://reddit.com/r/Warhammer40k/comments/1isyqjz/i_had_a_great_welcome_at_warhammer_store_tokyo/,Hobby & Painting
1iu81sk,Warhammer40k,2025-02-20,2025-02,How to ask to play an intro game in the store?,0,3,https://reddit.com/r/Warhammer40k/comments/1iu81sk/how_to_ask_to_play_an_intro_game_in_the_store/,New Starter Help
1iuosao,Warhammer40k,2025-02-21,2025-02,Found this at my LGS and picked it up,34,10,https://reddit.com/r/Warhammer40k/comments/1iuosao/found_this_at_my_lgs_and_picked_it_up/,New Starter Help
1iuqjp5,Warhammer40k,2025-02-21,2025-02,"My local store is running a lucky dip painting comp for their anniversary, I drew this guy",44,0,https://reddit.com/r/Warhammer40k/comments/1iuqjp5/my_local_store_is_running_a_lucky_dip_painting/,Hobby & Painting
1ix7xzi,Warhammer40k,2025-02-24,2025-02,What is a fair price for used minis at my LGS?,0,16,https://reddit.com/r/Warhammer40k/comments/1ix7xzi/what_is_a_fair_price_for_used_minis_at_my_lgs/,New Starter Help
1ix9f9c,Warhammer40k,2025-02-24,2025-02,My LGS gave me those boys what should I do now ?,1,1,https://reddit.com/r/Warhammer40k/comments/1ix9f9c/my_lgs_gave_me_those_boys_what_should_i_do_now/,New Starter Help
1iy5dic,Warhammer40k,2025-02-25,2025-02,"I just bought this new at my local thrift store, help?",1,2,https://reddit.com/r/Warhammer40k/comments/1iy5dic/i_just_bought_this_new_at_my_local_thrift_store/,New Starter Help
1izs7d9,Warhammer40k,2025-02-27,2025-02,Why is hygiene at the LGS a consistent problem in this world?,1,0,https://reddit.com/r/Warhammer40k/comments/1izs7d9/why_is_hygiene_at_the_lgs_a_consistent_problem_in/,Misc
1iz94m1,Warhammer40k,2025-02-27,2025-02,Georgia + Florida hobby shop Discords?,0,0,https://reddit.com/r/Warhammer40k/comments/1iz94m1/georgia_florida_hobby_shop_discords/,Hobby & Painting
1j071rm,Warhammer40k,2025-02-28,2025-02,Warhammer Relics – Brilliant new gear from the Warhammer merch store,219,29,https://reddit.com/r/Warhammer40k/comments/1j071rm/warhammer_relics_brilliant_new_gear_from_the/,News & Rumours
1j0spwj,Warhammer40k,2025-03-01,2025-03,Pictures from the Tokyo Warhammer store - their selection is incredible!,1907,33,https://reddit.com/r/Warhammer40k/comments/1j0spwj/pictures_from_the_tokyo_warhammer_store_their/,Hobby & Painting
1j27n6f,Warhammer40k,2025-03-03,2025-03,Goldmine Games-Hidden Gem-Houston/LGS,58,10,https://reddit.com/r/Warhammer40k/comments/1j27n6f/goldmine_gameshidden_gemhoustonlgs/,Hobby & Painting
1j2ryq7,Warhammer40k,2025-03-03,2025-03,"Piggy marine I painted for my local game store's ""Primaris in Pink"" competition.",2,2,https://reddit.com/r/Warhammer40k/comments/1j2ryq7/piggy_marine_i_painted_for_my_local_game_stores/,Hobby & Painting
1j2zph1,Warhammer40k,2025-03-04,2025-03,Did your local store host in-store gaming?,1,10,https://reddit.com/r/Warhammer40k/comments/1j2zph1/did_your_local_store_host_instore_gaming/,Misc
1j4d2t2,Warhammer40k,2025-03-05,2025-03,Astonishing find at my local game store!,2123,36,https://reddit.com/r/Warhammer40k/comments/1j4d2t2/astonishing_find_at_my_local_game_store/,Rules
1j4fyck,Warhammer40k,2025-03-05,2025-03,Went to my local store with my 7 year old…,251,16,https://reddit.com/r/Warhammer40k/comments/1j4fyck/went_to_my_local_store_with_my_7_year_old/,Hobby & Painting
1j5zq3w,Warhammer40k,2025-03-07,2025-03,Game store question,0,2,https://reddit.com/r/Warhammer40k/comments/1j5zq3w/game_store_question/,Hobby & Painting
1j5yz25,Warhammer40k,2025-03-07,2025-03,"Found out my city had a warhammer store, just got into warhammer after space marine 2 and was looking into getting a army started and they guy asked if I wanted to paint my first mini for free and I was like ""heck ya"" so ya this is it i kinda messed it up but hey first one can't always be good",11,5,https://reddit.com/r/Warhammer40k/comments/1j5yz25/found_out_my_city_had_a_warhammer_store_just_got/,Hobby & Painting
1jaaxrt,Warhammer40k,2025-03-13,2025-03,Demo Combat Patrols for a game store,1,3,https://reddit.com/r/Warhammer40k/comments/1jaaxrt/demo_combat_patrols_for_a_game_store/,New Starter Help
1jbdltx,Warhammer40k,2025-03-14,2025-03,Opening a LGS,1,3,https://reddit.com/r/Warhammer40k/comments/1jbdltx/opening_a_lgs/,Misc
1jcj8rg,Warhammer40k,2025-03-16,2025-03,"MY FLGS is organising a carnival-themed mini painting competition, so here's my humble entry - the Balloon Marine",2346,44,https://reddit.com/r/Warhammer40k/comments/1jcj8rg/my_flgs_is_organising_a_carnivalthemed_mini/,Hobby & Painting
1jcaotj,Warhammer40k,2025-03-16,2025-03,Anyone been to the Warhammer store in Matawan NJ? Looking for places to play in the central NJ area,0,0,https://reddit.com/r/Warhammer40k/comments/1jcaotj/anyone_been_to_the_warhammer_store_in_matawan_nj/,Misc
1jein1b,Warhammer40k,2025-03-18,2025-03,My local retail store gave me two boxes of trade sample packs,1,0,https://reddit.com/r/Warhammer40k/comments/1jein1b/my_local_retail_store_gave_me_two_boxes_of_trade/,Hobby & Painting
1jhhdoi,Warhammer40k,2025-03-22,2025-03,"Found this Seer Council at the FLGS, any tips on working with metal?",464,65,https://reddit.com/r/Warhammer40k/comments/1jhhdoi/found_this_seer_council_at_the_flgs_any_tips_on/,Hobby & Painting
1ji7471,Warhammer40k,2025-03-23,2025-03,Pickup from local game store,1,0,https://reddit.com/r/Warhammer40k/comments/1ji7471/pickup_from_local_game_store/,Hobby & Painting
1jhmzg2,Warhammer40k,2025-03-23,2025-03,I went to the Warhammer store and painted my first mini,20,1,https://reddit.com/r/Warhammer40k/comments/1jhmzg2/i_went_to_the_warhammer_store_and_painted_my/,Hobby & Painting
1jk3fg3,Warhammer40k,2025-03-26,2025-03,Last model for the Local GW store tournament!,19,2,https://reddit.com/r/Warhammer40k/comments/1jk3fg3/last_model_for_the_local_gw_store_tournament/,Hobby & Painting
1jkyomc,Warhammer40k,2025-03-27,2025-03,Warhammer Store and Cafe Tokyo,4,0,https://reddit.com/r/Warhammer40k/comments/1jkyomc/warhammer_store_and_cafe_tokyo/,Hobby & Painting
1jm3m4h,Warhammer40k,2025-03-28,2025-03,Warhammer store around Corner from Dinner Spot! Hartford CT,1,0,https://reddit.com/r/Warhammer40k/comments/1jm3m4h/warhammer_store_around_corner_from_dinner_spot/,Misc
1jobcqn,Warhammer40k,2025-03-31,2025-03,What do you want out of your FLGS?,3,12,https://reddit.com/r/Warhammer40k/comments/1jobcqn/what_do_you_want_out_of_your_flgs/,Misc
1jo3uwq,Warhammer40k,2025-03-31,2025-03,March down to your Warhammer store for a Death Korps of Krieg miniature and coin - Warhammer Community,28,11,https://reddit.com/r/Warhammer40k/comments/1jo3uwq/march_down_to_your_warhammer_store_for_a_death/,News & Rumours
1jrd6hc,Warhammer40k,2025-04-04,2025-04,Should I buy from my physical GW store or my LGS?,0,19,https://reddit.com/r/Warhammer40k/comments/1jrd6hc/should_i_buy_from_my_physical_gw_store_or_my_lgs/,New Starter Help
1jtghd0,Warhammer40k,2025-04-07,2025-04,FLGs Nottingham area,1,4,https://reddit.com/r/Warhammer40k/comments/1jtghd0/flgs_nottingham_area/,Misc
1jtkb6s,Warhammer40k,2025-04-07,2025-04,LGS in Stade Germany???!,0,2,https://reddit.com/r/Warhammer40k/comments/1jtkb6s/lgs_in_stade_germany/,New Starter Help
1ju10sv,Warhammer40k,2025-04-08,2025-04,"So it begins, FLGS announcing price increases due to tariffs",1,0,https://reddit.com/r/Warhammer40k/comments/1ju10sv/so_it_begins_flgs_announcing_price_increases_due/,News & Rumours
1ju3xrn,Warhammer40k,2025-04-08,2025-04,Found a smol angry bird at my lgs. He was released and shall now poke my enemies,6,0,https://reddit.com/r/Warhammer40k/comments/1ju3xrn/found_a_smol_angry_bird_at_my_lgs_he_was_released/,Hobby & Painting
1jul8vp,Warhammer40k,2025-04-08,2025-04,I found and made a new friend today thanks to the Forbidden Planet store in Coventry this Ultramarine Coin Bank. So took him with me on my journey to the Birmingham Warhammer Store and decided to take some pictures of him outside too,10,1,https://reddit.com/r/Warhammer40k/comments/1jul8vp/i_found_and_made_a_new_friend_today_thanks_to_the/,Impcat
1juwcxo,Warhammer40k,2025-04-09,2025-04,"Never knew much about 40k until about 6 months ago. Played a game, read some articles, went to the store with my kids, and finally comitted to giving it all a go. Bought my first starter kit this week - and these 5 are my first! Glad to he here!",25,5,https://reddit.com/r/Warhammer40k/comments/1juwcxo/never_knew_much_about_40k_until_about_6_months/,Hobby & Painting
1jvbpyy,Warhammer40k,2025-04-09,2025-04,"Here's a potential blast from the past for alot of you. Just spotted this in my local CeX store, sadly I don't play PC games so didn't grab but was still nice to find a Relic in the wild",23,6,https://reddit.com/r/Warhammer40k/comments/1jvbpyy/heres_a_potential_blast_from_the_past_for_alot_of/,Video Games
1jvu4sw,Warhammer40k,2025-04-10,2025-04,FLGS find: need help identifying origin kits for kitbashed CSM,0,2,https://reddit.com/r/Warhammer40k/comments/1jvu4sw/flgs_find_need_help_identifying_origin_kits_for/,Hobby & Painting
1jxblxk,Warhammer40k,2025-04-12,2025-04,"A local FLGS accidentally received a whopping 47 Sentinel kits when they only ordered 2. Apparently this is 30% of all the Sentinels in the entirety of the US. Long and short of it was the first 2 digits of the inventory code was misinterpreted as the number ordered. $1,100 total.",3231,211,https://reddit.com/r/Warhammer40k/comments/1jxblxk/a_local_flgs_accidentally_received_a_whopping_47/,Misc
1jyd1cj,Warhammer40k,2025-04-13,2025-04,crusade in local game store,1,4,https://reddit.com/r/Warhammer40k/comments/1jyd1cj/crusade_in_local_game_store/,New Starter Help
1jz0snf,Warhammer40k,2025-04-14,2025-04,Took my son to the Warhammer store(7) told him to pick something. Unexpected result,326,56,https://reddit.com/r/Warhammer40k/comments/1jz0snf/took_my_son_to_the_warhammer_store7_told_him_to/,Hobby & Painting
1jzobll,Warhammer40k,2025-04-15,2025-04,Please help me identify models: Found these for sale at the FLGS.,13,10,https://reddit.com/r/Warhammer40k/comments/1jzobll/please_help_me_identify_models_found_these_for/,Hobby & Painting
1k1sjfs,Warhammer40k,2025-04-18,2025-04,First Mini for free at my local store,1,0,https://reddit.com/r/Warhammer40k/comments/1k1sjfs/first_mini_for_free_at_my_local_store/,Hobby & Painting
1k5aa8b,Warhammer40k,2025-04-22,2025-04,Are there any Flgs's that sell Used warhammer in the orlando/kissimmee area?,0,1,https://reddit.com/r/Warhammer40k/comments/1k5aa8b/are_there_any_flgss_that_sell_used_warhammer_in/,Misc
1k5uucj,Warhammer40k,2025-04-23,2025-04,Error on Warhammer Online Store,0,2,https://reddit.com/r/Warhammer40k/comments/1k5uucj/error_on_warhammer_online_store/,News & Rumours
1k7cuhe,Warhammer40k,2025-04-25,2025-04,"Picked this up at my friends new game store in Moore, Oklahoma. Can't wait to dive into it!",3,6,https://reddit.com/r/Warhammer40k/comments/1k7cuhe/picked_this_up_at_my_friends_new_game_store_in/,Hobby & Painting
1kavdng,Warhammer40k,2025-04-29,2025-04,LGS question,0,9,https://reddit.com/r/Warhammer40k/comments/1kavdng/lgs_question/,Hobby & Painting
1kdmukx,Warhammer40k,2025-05-03,2025-05,LGS selling loose sprues. How to spot finds?,0,1,https://reddit.com/r/Warhammer40k/comments/1kdmukx/lgs_selling_loose_sprues_how_to_spot_finds/,Hobby & Painting
1kfkzd1,Warhammer40k,2025-05-05,2025-05,Someone at a warhammer store told me wett palettes are bad because they thin the paints too much...is it true? maybe because im new but i don't think it's much different.,0,43,https://reddit.com/r/Warhammer40k/comments/1kfkzd1/someone_at_a_warhammer_store_told_me_wett/,New Starter Help
1kgazx3,Warhammer40k,2025-05-06,2025-05,"New to hobby, today went for the first time to warhammer store, this is my loot!",1,0,https://reddit.com/r/Warhammer40k/comments/1kgazx3/new_to_hobby_today_went_for_the_first_time_to/,Hobby & Painting
1kj7023,Warhammer40k,2025-05-10,2025-05,How to find better LGS's and crowds for 40k?,1,0,https://reddit.com/r/Warhammer40k/comments/1kj7023/how_to_find_better_lgss_and_crowds_for_40k/,Misc
1kj5oh9,Warhammer40k,2025-05-10,2025-05,"Just finished my first free mini, from my local Warhammer store.",3,1,https://reddit.com/r/Warhammer40k/comments/1kj5oh9/just_finished_my_first_free_mini_from_my_local/,Hobby & Painting
1kl58qa,Warhammer40k,2025-05-12,2025-05,"Do your local FLGS offer discounts? I want to support my local stores, but in Houston, they all have same prices as GW.",2,47,https://reddit.com/r/Warhammer40k/comments/1kl58qa/do_your_local_flgs_offer_discounts_i_want_to/,Misc
1kovmsr,Warhammer40k,2025-05-17,2025-05,LGS held a kitbashing competition today!,12,2,https://reddit.com/r/Warhammer40k/comments/1kovmsr/lgs_held_a_kitbashing_competition_today/,Hobby & Painting
1kph272,Warhammer40k,2025-05-18,2025-05,I found some rough pre-owned CSM minis at my FLGS and am giving them a second chance at life,184,21,https://reddit.com/r/Warhammer40k/comments/1kph272/i_found_some_rough_preowned_csm_minis_at_my_flgs/,Hobby & Painting
1kqiddk,Warhammer40k,2025-05-19,2025-05,"Newest addition to my Depth Guard, a custom Defiler making his debut at the finale of my LGS's escalation league! As is tradition, the newest, nicest painted model you bring to a match gets shot off the board turn 1 without even moving lol [x-post from r/deathguard40k]",15,2,https://reddit.com/r/Warhammer40k/comments/1kqiddk/newest_addition_to_my_depth_guard_a_custom/,Hobby & Painting
1ksl7k5,Warhammer40k,2025-05-22,2025-05,Local Game Store Refusing to Deal With a Cheater,101,116,https://reddit.com/r/Warhammer40k/comments/1ksl7k5/local_game_store_refusing_to_deal_with_a_cheater/,Misc
1kttz4x,Warhammer40k,2025-05-23,2025-05,"I found some old MKIIs at my LGS, what a find!",2,1,https://reddit.com/r/Warhammer40k/comments/1kttz4x/i_found_some_old_mkiis_at_my_lgs_what_a_find/,Misc
1ktghpr,Warhammer40k,2025-05-23,2025-05,Looks at whats still in ny local game store,0,0,https://reddit.com/r/Warhammer40k/comments/1ktghpr/looks_at_whats_still_in_ny_local_game_store/,Misc
1ktghuz,Warhammer40k,2025-05-23,2025-05,Looks at whats still in ny local game store,0,11,https://reddit.com/r/Warhammer40k/comments/1ktghuz/looks_at_whats_still_in_ny_local_game_store/,Misc
1kt7xid,Warhammer40k,2025-05-23,2025-05,Local Store Sale,0,8,https://reddit.com/r/Warhammer40k/comments/1kt7xid/local_store_sale/,Rules
1kuancc,Warhammer40k,2025-05-24,2025-05,Got an awesome deal at my FLGS today!!!,2,2,https://reddit.com/r/Warhammer40k/comments/1kuancc/got_an_awesome_deal_at_my_flgs_today/,Hobby & Painting
1ku3iv1,Warhammer40k,2025-05-24,2025-05,Finished Captain Adrax just in time for my LGS competition deadline. Wish me luck.,279,12,https://reddit.com/r/Warhammer40k/comments/1ku3iv1/finished_captain_adrax_just_in_time_for_my_lgs/,Hobby & Painting
1ku78kv,Warhammer40k,2025-05-24,2025-05,My brother’s Angels of Death diorama/armies on parade submission in our local store,263,4,https://reddit.com/r/Warhammer40k/comments/1ku78kv/my_brothers_angels_of_death_dioramaarmies_on/,Hobby & Painting
1kuyly2,Warhammer40k,2025-05-25,2025-05,Visited Warhammer Store & Cafe in Tokyo.,1322,81,https://reddit.com/r/Warhammer40k/comments/1kuyly2/visited_warhammer_store_cafe_in_tokyo/,Misc
1l0ez5n,Warhammer40k,2025-06-01,2025-06,Did the LGS mess up?,1,0,https://reddit.com/r/Warhammer40k/comments/1l0ez5n/did_the_lgs_mess_up/,Hobby & Painting
1l11rt8,Warhammer40k,2025-06-01,2025-06,Picked up a very old tyranid pewter model from a local thrift store,94,5,https://reddit.com/r/Warhammer40k/comments/1l11rt8/picked_up_a_very_old_tyranid_pewter_model_from_a/,Misc
1l1b1dj,Warhammer40k,2025-06-02,2025-06,I am preparing two tables for the local TCG shop to get some new players into the hobby! Can you think of anything i might need for that?,3,9,https://reddit.com/r/Warhammer40k/comments/1l1b1dj/i_am_preparing_two_tables_for_the_local_tcg_shop/,Misc
1l2m5yg,Warhammer40k,2025-06-03,2025-06,LGS painting competition entry,5,2,https://reddit.com/r/Warhammer40k/comments/1l2m5yg/lgs_painting_competition_entry/,Hobby & Painting
1l399ol,Warhammer40k,2025-06-04,2025-06,Captain Centos returns to celebrate some major Warhammer store milestones - Warhammer Community,1087,161,https://reddit.com/r/Warhammer40k/comments/1l399ol/captain_centos_returns_to_celebrate_some_major/,News & Rumours
1l4lyws,Warhammer40k,2025-06-06,2025-06,How to prepare enough to go to a LGS to run some casual games?,2,10,https://reddit.com/r/Warhammer40k/comments/1l4lyws/how_to_prepare_enough_to_go_to_a_lgs_to_run_some/,New Starter Help
1lcs4yj,Warhammer40k,2025-06-16,2025-06,Still Viable but Hardly Seen at your LGS?,1,27,https://reddit.com/r/Warhammer40k/comments/1lcs4yj/still_viable_but_hardly_seen_at_your_lgs/,New Starter Help
1lgzxgh,Warhammer40k,2025-06-21,2025-06,Mission Deck (2025-2026) is currently in stock in US (Warhammer Online Store),32,7,https://reddit.com/r/Warhammer40k/comments/1lgzxgh/mission_deck_20252026_is_currently_in_stock_in_us/,Rules
1li53fv,Warhammer40k,2025-06-23,2025-06,Picked this box up for free from my local game store. I love the diagram they have in the back.,12,7,https://reddit.com/r/Warhammer40k/comments/1li53fv/picked_this_box_up_for_free_from_my_local_game/,Hobby & Painting
1lkbm4l,Warhammer40k,2025-06-25,2025-06,"I got this for free from a Warhammer store, what is it?",1,1,https://reddit.com/r/Warhammer40k/comments/1lkbm4l/i_got_this_for_free_from_a_warhammer_store_what/,New Starter Help
1lk7ena,Warhammer40k,2025-06-25,2025-06,Just painted my first miniature at my local store!,1,0,https://reddit.com/r/Warhammer40k/comments/1lk7ena/just_painted_my_first_miniature_at_my_local_store/,Hobby & Painting
1lm6lpt,Warhammer40k,2025-06-27,2025-06,First time at FLGS,3,8,https://reddit.com/r/Warhammer40k/comments/1lm6lpt/first_time_at_flgs/,New Starter Help
1lnmie7,Warhammer40k,2025-06-29,2025-06,What is the warhammer world store exclusive miniature?,0,4,https://reddit.com/r/Warhammer40k/comments/1lnmie7/what_is_the_warhammer_world_store_exclusive/,Hobby & Painting
1lod3r5,Warhammer40k,2025-06-30,2025-06,10% off at New Hobby Shop in NJ,1,0,https://reddit.com/r/Warhammer40k/comments/1lod3r5/10_off_at_new_hobby_shop_in_nj/,News & Rumours
1lpzd3n,Warhammer40k,2025-07-02,2025-07,Finished up the kill team terrain for my local hobby shop. Hopefully it's something you would play on.,7,1,https://reddit.com/r/Warhammer40k/comments/1lpzd3n/finished_up_the_kill_team_terrain_for_my_local/,Hobby & Painting
1lqnsrg,Warhammer40k,2025-07-03,2025-07,My local games store banned kreigsmen. Because they looked like Nazis.,0,26,https://reddit.com/r/Warhammer40k/comments/1lqnsrg/my_local_games_store_banned_kreigsmen_because/,Misc
1lr6biu,Warhammer40k,2025-07-04,2025-07,Picked up My drop pods early from my FLGS!,1,0,https://reddit.com/r/Warhammer40k/comments/1lr6biu/picked_up_my_drop_pods_early_from_my_flgs/,Hobby & Painting
1lsgkwj,Warhammer40k,2025-07-05,2025-07,Does proixes allow in any games? ( maybe a LGS tourament),0,3,https://reddit.com/r/Warhammer40k/comments/1lsgkwj/does_proixes_allow_in_any_games_maybe_a_lgs/,New Starter Help
1lsbel4,Warhammer40k,2025-07-05,2025-07,"I won the last 3 tournaments at my local store, now I am banned from the next tournament",4332,620,https://reddit.com/r/Warhammer40k/comments/1lsbel4/i_won_the_last_3_tournaments_at_my_local_store/,Misc
1ltylk8,Warhammer40k,2025-07-07,2025-07,FLGS Painting Competition Voting,1,0,https://reddit.com/r/Warhammer40k/comments/1ltylk8/flgs_painting_competition_voting/,Hobby & Painting
1ltgfkq,Warhammer40k,2025-07-07,2025-07,Warhammer Store in Stuttgart Germany,4,0,https://reddit.com/r/Warhammer40k/comments/1ltgfkq/warhammer_store_in_stuttgart_germany/,Misc
1lts7mt,Warhammer40k,2025-07-07,2025-07,Saw 2 copies of this at my local store - steal or nah?,0,8,https://reddit.com/r/Warhammer40k/comments/1lts7mt/saw_2_copies_of_this_at_my_local_store_steal_or/,Hobby & Painting
1lvct94,Warhammer40k,2025-07-09,2025-07,I'm sad because I visited the most amazing Game Store ever...,135,20,https://reddit.com/r/Warhammer40k/comments/1lvct94/im_sad_because_i_visited_the_most_amazing_game/,News & Rumours
1lw8afe,Warhammer40k,2025-07-10,2025-07,LGS have funny monthly rules and asks for ideas,1,0,https://reddit.com/r/Warhammer40k/comments/1lw8afe/lgs_have_funny_monthly_rules_and_asks_for_ideas/,Misc
1lysftb,Warhammer40k,2025-07-13,2025-07,Would it be okay to field Thunder Warriors as Adeptus Custodes at my FLGS?,0,7,https://reddit.com/r/Warhammer40k/comments/1lysftb/would_it_be_okay_to_field_thunder_warriors_as/,New Starter Help
1lznhbo,Warhammer40k,2025-07-14,2025-07,Just wanted to say Kudos to the anonymous kitbash at my local store,161,2,https://reddit.com/r/Warhammer40k/comments/1lznhbo/just_wanted_to_say_kudos_to_the_anonymous_kitbash/,Hobby & Painting
1m290d2,Warhammer40k,2025-07-17,2025-07,If you’re traveling for the Tacoma Open and looking for an LGS..,8,7,https://reddit.com/r/Warhammer40k/comments/1m290d2/if_youre_traveling_for_the_tacoma_open_and/,Misc
1m2ajbj,Warhammer40k,2025-07-17,2025-07,My brother and I realized there is a Warhammer store in the city we are in right now,2,5,https://reddit.com/r/Warhammer40k/comments/1m2ajbj/my_brother_and_i_realized_there_is_a_warhammer/,Hobby & Painting
1m2w3pc,Warhammer40k,2025-07-18,2025-07,Going to a warhammer store soon any tips on what to pick up as a beginner,1,22,https://reddit.com/r/Warhammer40k/comments/1m2w3pc/going_to_a_warhammer_store_soon_any_tips_on_what/,New Starter Help
1m5ihxj,Warhammer40k,2025-07-21,2025-07,Couple of recent battleforce boxes still sat at my FLGS. Any worth picking up for posterity?,0,14,https://reddit.com/r/Warhammer40k/comments/1m5ihxj/couple_of_recent_battleforce_boxes_still_sat_at/,Hobby & Painting
1m5i7jl,Warhammer40k,2025-07-21,2025-07,Finished painting the mini of the month for my warhammer store,9,2,https://reddit.com/r/Warhammer40k/comments/1m5i7jl/finished_painting_the_mini_of_the_month_for_my/,Hobby & Painting
1m5l541,Warhammer40k,2025-07-21,2025-07,Global Warhammer store celebration – Mark huge milestones with Captain Centos - Warhammer Community,841,119,https://reddit.com/r/Warhammer40k/comments/1m5l541/global_warhammer_store_celebration_mark_huge/,News & Rumours
1m5li8i,Warhammer40k,2025-07-21,2025-07,Global Warhammer store celebration – Mark huge milestones with Captain Centos - Warhammer Community,5,1,https://reddit.com/r/Warhammer40k/comments/1m5li8i/global_warhammer_store_celebration_mark_huge/,News & Rumours
1m5ln5i,Warhammer40k,2025-07-21,2025-07,Got this coin at a Warhammer store as a gift for spending too much money. What symbol is this?,2258,209,https://reddit.com/r/Warhammer40k/comments/1m5ln5i/got_this_coin_at_a_warhammer_store_as_a_gift_for/,Lore
1m6k98q,Warhammer40k,2025-07-22,2025-07,Is it possible to return an item to a warhammer store if it’s not in the plastic wrapping?,0,13,https://reddit.com/r/Warhammer40k/comments/1m6k98q/is_it_possible_to_return_an_item_to_a_warhammer/,Hobby & Painting
1m7m0sj,Warhammer40k,2025-07-23,2025-07,I started making Warhammer shirts for our Saturday game nights and now my friends want me to open a store 😅,1,0,https://reddit.com/r/Warhammer40k/comments/1m7m0sj/i_started_making_warhammer_shirts_for_our/,"Art, Cosplay & OC"
1m9zzq7,Warhammer40k,2025-07-26,2025-07,Restored this old captain I found at my local games store.,2,0,https://reddit.com/r/Warhammer40k/comments/1m9zzq7/restored_this_old_captain_i_found_at_my_local/,Hobby & Painting
1masj9h,Warhammer40k,2025-07-27,2025-07,Airport Warhammer store,0,1,https://reddit.com/r/Warhammer40k/comments/1masj9h/airport_warhammer_store/,Hobby & Painting
1mb0wbf,Warhammer40k,2025-07-27,2025-07,New additions to local book store,68,3,https://reddit.com/r/Warhammer40k/comments/1mb0wbf/new_additions_to_local_book_store/,Misc
1mc36xg,Warhammer40k,2025-07-29,2025-07,Going against a random Opponent for the first time at my local Warhammer Store! What should I do to be a good opponent?,1419,377,https://reddit.com/r/Warhammer40k/comments/1mc36xg/going_against_a_random_opponent_for_the_first/,New Starter Help
1mecdww,Warhammer40k,2025-07-31,2025-07,Can’t go to a painting workshop at FLGS because I’m a minor,0,15,https://reddit.com/r/Warhammer40k/comments/1mecdww/cant_go_to_a_painting_workshop_at_flgs_because_im/,Misc
1me8bzm,Warhammer40k,2025-07-31,2025-07,Imperial fist I painted for a local store competition,2463,43,https://reddit.com/r/Warhammer40k/comments/1me8bzm/imperial_fist_i_painted_for_a_local_store/,Hobby & Painting
1mhr00p,Warhammer40k,2025-08-04,2025-08,Planning new community focused Warhammer store & need your input!,1,0,https://reddit.com/r/Warhammer40k/comments/1mhr00p/planning_new_community_focused_warhammer_store/,Misc
1mk9x0k,Warhammer40k,2025-08-07,2025-08,What’s your best LGS story?,0,3,https://reddit.com/r/Warhammer40k/comments/1mk9x0k/whats_your_best_lgs_story/,Misc
1mnnsvp,Warhammer40k,2025-08-11,2025-08,Some WIP intercessors I got for free at my FLGS (they were used). c&c welcome.,3,1,https://reddit.com/r/Warhammer40k/comments/1mnnsvp/some_wip_intercessors_i_got_for_free_at_my_flgs/,Hobby & Painting
1mom15j,Warhammer40k,2025-08-12,2025-08,My local games store is having a King of the Colloseum tournament. Is this list any good?,1,3,https://reddit.com/r/Warhammer40k/comments/1mom15j/my_local_games_store_is_having_a_king_of_the/,Army List Review
1msr1q9,Warhammer40k,2025-08-17,2025-08,"Went to the warhammer store for the first time, bought some stuff and did some painting.",1,0,https://reddit.com/r/Warhammer40k/comments/1msr1q9/went_to_the_warhammer_store_for_the_first_time/,Hobby & Painting
1mw7r1z,Warhammer40k,2025-08-21,2025-08,My Black Templars army on parade at the local Warhammer store,35,0,https://reddit.com/r/Warhammer40k/comments/1mw7r1z/my_black_templars_army_on_parade_at_the_local/,Hobby & Painting
1mxfjwo,Warhammer40k,2025-08-22,2025-08,"Me, staring down the employee at the LGS 10 minutes before they open tomorrow:",2,0,https://reddit.com/r/Warhammer40k/comments/1mxfjwo/me_staring_down_the_employee_at_the_lgs_10/,"Art, Cosplay & OC"
1mxkx56,Warhammer40k,2025-08-22,2025-08,Warhammer Store Tokyo Exclusives,1,2,https://reddit.com/r/Warhammer40k/comments/1mxkx56/warhammer_store_tokyo_exclusives/,Misc
1mxrqz3,Warhammer40k,2025-08-23,2025-08,Game Shop east coast,1,0,https://reddit.com/r/Warhammer40k/comments/1mxrqz3/game_shop_east_coast/,Misc
1mz0lse,Warhammer40k,2025-08-24,2025-08,Saw & bought this at my lgs yesterday!,9,6,https://reddit.com/r/Warhammer40k/comments/1mz0lse/saw_bought_this_at_my_lgs_yesterday/,Misc
1myhulx,Warhammer40k,2025-08-24,2025-08,warhammer store question,1,3,https://reddit.com/r/Warhammer40k/comments/1myhulx/warhammer_store_question/,New Starter Help
1mzl6cp,Warhammer40k,2025-08-25,2025-08,FLGS in Amsterdam,0,2,https://reddit.com/r/Warhammer40k/comments/1mzl6cp/flgs_in_amsterdam/,New Starter Help
1mzcmfc,Warhammer40k,2025-08-25,2025-08,Warhammer store broke my model,1,0,https://reddit.com/r/Warhammer40k/comments/1mzcmfc/warhammer_store_broke_my_model/,Hobby & Painting
1n07cd7,Warhammer40k,2025-08-26,2025-08,"Found this at local LGS, what is this thing?",1095,108,https://reddit.com/r/Warhammer40k/comments/1n07cd7/found_this_at_local_lgs_what_is_this_thing/,Hobby & Painting
1n0mqry,Warhammer40k,2025-08-26,2025-08,"And my local game store called me, Trazonk the dice collectoorrr (jk, i trade dice with mates every time i game, my fav for now is the catachan green, ork dice rolled the most 6, as expected)",10,2,https://reddit.com/r/Warhammer40k/comments/1n0mqry/and_my_local_game_store_called_me_trazonk_the/,Hobby & Painting
1n0qzj8,Warhammer40k,2025-08-26,2025-08,Just getting into this hobby jw where’s good to get minis aside from Warhammer shop,0,4,https://reddit.com/r/Warhammer40k/comments/1n0qzj8/just_getting_into_this_hobby_jw_wheres_good_to/,New Starter Help
1n14joa,Warhammer40k,2025-08-27,2025-08,Angel of Redemption painted for my local Warhammer store!,16,2,https://reddit.com/r/Warhammer40k/comments/1n14joa/angel_of_redemption_painted_for_my_local/,Hobby & Painting
1n52uk1,Warhammer40k,2025-08-31,2025-08,"I hosted a charity Apocalypse game yesterday at my FLGS - over 70,000 points of figures on the table. We raised $200 and 2 full 70 gallon bins of food for the local food bank!",626,25,https://reddit.com/r/Warhammer40k/comments/1n52uk1/i_hosted_a_charity_apocalypse_game_yesterday_at/,Hobby & Painting
1n54vnl,Warhammer40k,2025-08-31,2025-08,Was lucky enough to get the last Centos from my local store. Finally he's ready,46,2,https://reddit.com/r/Warhammer40k/comments/1n54vnl/was_lucky_enough_to_get_the_last_centos_from_my/,Hobby & Painting
1n578pm,Warhammer40k,2025-08-31,2025-08,Interesting find at my local Goodwill Store,545,34,https://reddit.com/r/Warhammer40k/comments/1n578pm/interesting_find_at_my_local_goodwill_store/,Hobby & Painting
1n6yexl,Warhammer40k,2025-09-02,2025-09,My LGS is having a sale,0,3,https://reddit.com/r/Warhammer40k/comments/1n6yexl/my_lgs_is_having_a_sale/,Misc
1nfnu23,Warhammer40k,2025-09-13,2025-09,"On a vacation to a city bigger than mine, so naturally I had to stop off at the Warhammer store.",93,5,https://reddit.com/r/Warhammer40k/comments/1nfnu23/on_a_vacation_to_a_city_bigger_than_mine_so/,Misc
1nhhwtd,Warhammer40k,2025-09-15,2025-09,We all know what miniatures must be on the shelves of this Tabletop Game Shop Simulator,1,0,https://reddit.com/r/Warhammer40k/comments/1nhhwtd/we_all_know_what_miniatures_must_be_on_the/,Misc
1nhmpbq,Warhammer40k,2025-09-15,2025-09,The chaos lord kitbash I submitted to my local GW store anniversary painting competition,241,5,https://reddit.com/r/Warhammer40k/comments/1nhmpbq/the_chaos_lord_kitbash_i_submitted_to_my_local_gw/,Hobby & Painting
1niworc,Warhammer40k,2025-09-16,2025-09,New to Warhammer…Won this in a raffle at my LGS,1,0,https://reddit.com/r/Warhammer40k/comments/1niworc/new_to_warhammerwon_this_in_a_raffle_at_my_lgs/,Hobby & Painting
1nj0i3x,Warhammer40k,2025-09-17,2025-09,New to Warhammer…Won this in a raffle at my LGS,1,0,https://reddit.com/r/Warhammer40k/comments/1nj0i3x/new_to_warhammerwon_this_in_a_raffle_at_my_lgs/,Hobby & Painting
1nkl4mq,Warhammer40k,2025-09-18,2025-09,Found in FLGS Bin -- What Is It?,1,3,https://reddit.com/r/Warhammer40k/comments/1nkl4mq/found_in_flgs_bin_what_is_it/,Misc
1nlyq88,Warhammer40k,2025-09-20,2025-09,Can I go to the store and ask if they would teach me the core rules of the game,6,9,https://reddit.com/r/Warhammer40k/comments/1nlyq88/can_i_go_to_the_store_and_ask_if_they_would_teach/,New Starter Help
1nm171o,Warhammer40k,2025-09-20,2025-09,Went to my Friendly Local Warhammer Store and now I'm hooked!,8,6,https://reddit.com/r/Warhammer40k/comments/1nm171o/went_to_my_friendly_local_warhammer_store_and_now/,New Starter Help
1nqlcjc,Warhammer40k,2025-09-25,2025-09,"In San Jose, CA for work. Looking for FLGS that sell 40K. Most specifically for anywhere that sells at a discount or used.",0,2,https://reddit.com/r/Warhammer40k/comments/1nqlcjc/in_san_jose_ca_for_work_looking_for_flgs_that/,New Starter Help
1nrh71i,Warhammer40k,2025-09-27,2025-09,My LGS had one Tomb World left,3,0,https://reddit.com/r/Warhammer40k/comments/1nrh71i/my_lgs_had_one_tomb_world_left/,Misc
1ns4vap,Warhammer40k,2025-09-27,2025-09,Local Warhammer store is running armies on parade day. Should I enter?,1244,49,https://reddit.com/r/Warhammer40k/comments/1ns4vap/local_warhammer_store_is_running_armies_on_parade/,Hobby & Painting
1ns4a2w,Warhammer40k,2025-09-27,2025-09,On display at my local LEGO store,2,0,https://reddit.com/r/Warhammer40k/comments/1ns4a2w/on_display_at_my_local_lego_store/,Misc
1nsk8ib,Warhammer40k,2025-09-28,2025-09,Warhammer Store Istanbul,0,1,https://reddit.com/r/Warhammer40k/comments/1nsk8ib/warhammer_store_istanbul/,New Starter Help
1nskt5b,Warhammer40k,2025-09-28,2025-09,"HELP!! my warhammer resin tanks of land raider and rhino, have become melty and weak also floppy from alcohol to remove the spray paint of DIY STORE, pls help to fix the tanks",0,16,https://reddit.com/r/Warhammer40k/comments/1nskt5b/help_my_warhammer_resin_tanks_of_land_raider_and/,Hobby & Painting
1nwyz03,Warhammer40k,2025-10-03,2025-10,Warhammer Day is coming soon – Find out what rewards you can earn in store - Warhammer Community,274,47,https://reddit.com/r/Warhammer40k/comments/1nwyz03/warhammer_day_is_coming_soon_find_out_what/,News & Rumours
1nx6ywr,Warhammer40k,2025-10-03,2025-10,Warhammer Online Store Voucher,3,3,https://reddit.com/r/Warhammer40k/comments/1nx6ywr/warhammer_online_store_voucher/,Misc
1nykozs,Warhammer40k,2025-10-05,2025-10,"Worst ""deals"" you've ever seen at your local game store?",3,13,https://reddit.com/r/Warhammer40k/comments/1nykozs/worst_deals_youve_ever_seen_at_your_local_game/,Hobby & Painting
1nz4hl1,Warhammer40k,2025-10-06,2025-10,World Eaters for local store armies on parade.,19,2,https://reddit.com/r/Warhammer40k/comments/1nz4hl1/world_eaters_for_local_store_armies_on_parade/,Hobby & Painting
1o0ra2r,Warhammer40k,2025-10-07,2025-10,Lucky finds at local game store,1,0,https://reddit.com/r/Warhammer40k/comments/1o0ra2r/lucky_finds_at_local_game_store/,Hobby & Painting
1o28ixe,Warhammer40k,2025-10-09,2025-10,Would I get kicked out of a Warhammer store for using a 3D printed mini?,0,5,https://reddit.com/r/Warhammer40k/comments/1o28ixe/would_i_get_kicked_out_of_a_warhammer_store_for/,Rules
1o3cyr8,Warhammer40k,2025-10-10,2025-10,Got gifted this at my local store by the staff (I know them) for my birthday. I can't find anything online about it tho. Anyone could help me ?,0,5,https://reddit.com/r/Warhammer40k/comments/1o3cyr8/got_gifted_this_at_my_local_store_by_the_staff_i/,Misc
1o3vfdm,Warhammer40k,2025-10-11,2025-10,Bad Dads ruined my LGS,0,22,https://reddit.com/r/Warhammer40k/comments/1o3vfdm/bad_dads_ruined_my_lgs/,Misc
1o5knzk,Warhammer40k,2025-10-13,2025-10,"Made some new friends yesterday at my local WH store, including Da Legendary Red Gobbo",2,0,https://reddit.com/r/Warhammer40k/comments/1o5knzk/made_some_new_friends_yesterday_at_my_local_wh/,Misc
1o66bd8,Warhammer40k,2025-10-14,2025-10,Any LGS owners or people who work at LGSs here? Asking for advice on a LGS I frequent.,0,15,https://reddit.com/r/Warhammer40k/comments/1o66bd8/any_lgs_owners_or_people_who_work_at_lgss_here/,Misc
1o66joc,Warhammer40k,2025-10-14,2025-10,LGS now price all models as MSRP.,0,9,https://reddit.com/r/Warhammer40k/comments/1o66joc/lgs_now_price_all_models_as_msrp/,Misc
1o8bar3,Warhammer40k,2025-10-16,2025-10,What power pack does this sorcerer have? Taken from warhammer store,343,9,https://reddit.com/r/Warhammer40k/comments/1o8bar3/what_power_pack_does_this_sorcerer_have_taken/,Hobby & Painting
1o8oet0,Warhammer40k,2025-10-17,2025-10,My local lgs has begun preforming scummy practices in regard to prizing.,1,14,https://reddit.com/r/Warhammer40k/comments/1o8oet0/my_local_lgs_has_begun_preforming_scummy/,Misc
1oatdff,Warhammer40k,2025-10-19,2025-10,Which Warhammer Store should I visit in Wien?,1,0,https://reddit.com/r/Warhammer40k/comments/1oatdff/which_warhammer_store_should_i_visit_in_wien/,Hobby & Painting
1of9y55,Warhammer40k,2025-10-24,2025-10,I dont know the first thing about Warhammer but picked up a warhammer monopoly at a thrift store because it looked flippin awesome. Found some figures inside that did not belong.,23,8,https://reddit.com/r/Warhammer40k/comments/1of9y55/i_dont_know_the_first_thing_about_warhammer_but/,New Starter Help
1og064c,Warhammer40k,2025-10-25,2025-10,"Some armies on Parade at my local Warhammer Store, Ulm Germany",14,0,https://reddit.com/r/Warhammer40k/comments/1og064c/some_armies_on_parade_at_my_local_warhammer_store/,Hobby & Painting
1og4x79,Warhammer40k,2025-10-25,2025-10,Small Warhammer 40K diorama in a dollar store bell jar!,296,13,https://reddit.com/r/Warhammer40k/comments/1og4x79/small_warhammer_40k_diorama_in_a_dollar_store/,Hobby & Painting
1ogulng,Warhammer40k,2025-10-26,2025-10,"Warhammer+ Discount Codes, Store and Displate",0,0,https://reddit.com/r/Warhammer40k/comments/1ogulng/warhammer_discount_codes_store_and_displate/,Misc
1ohgc6u,Warhammer40k,2025-10-27,2025-10,Awesome find at my lgs!,3,0,https://reddit.com/r/Warhammer40k/comments/1ohgc6u/awesome_find_at_my_lgs/,Hobby & Painting
1ojmn9n,Warhammer40k,2025-10-30,2025-10,Hi! I am a Brazilian player on my way to visit an Official Warhammer Store for the first time in the US.,70,35,https://reddit.com/r/Warhammer40k/comments/1ojmn9n/hi_i_am_a_brazilian_player_on_my_way_to_visit_an/,New Starter Help
1omk9p6,Warhammer40k,2025-11-02,2025-11,My wife and I painted our first warhammer minis at Pasadena Maryland warhammer store.,10,7,https://reddit.com/r/Warhammer40k/comments/1omk9p6/my_wife_and_i_painted_our_first_warhammer_minis/,Hobby & Painting
1onac2w,Warhammer40k,2025-11-03,2025-11,"Warhammer store in Pasadena, Maryland",3,1,https://reddit.com/r/Warhammer40k/comments/1onac2w/warhammer_store_in_pasadena_maryland/,New Starter Help
1op4uj4,Warhammer40k,2025-11-05,2025-11,"Would this conversion be acceptable as a Lieutenant with Combi Weapon for a GT? Any current/former judges opinion would be appreciated (Not asking about FLGS or beer and pretzel, obviously I know how that works)",1,1,https://reddit.com/r/Warhammer40k/comments/1op4uj4/would_this_conversion_be_acceptable_as_a/,Hobby & Painting
1osxbpi,Warhammer40k,2025-11-09,2025-11,Picked up grey knight sprues from my LGS to paint something new. how are they on the tabletop?,1,1,https://reddit.com/r/Warhammer40k/comments/1osxbpi/picked_up_grey_knight_sprues_from_my_lgs_to_paint/,Rules
1ou71o9,Warhammer40k,2025-11-11,2025-11,To the Tau player at my FLGs with the purple color scheme:  (Missed Connections),1,0,https://reddit.com/r/Warhammer40k/comments/1ou71o9/to_the_tau_player_at_my_flgs_with_the_purple/,Misc
1owf1vw,Warhammer40k,2025-11-13,2025-11,Warhammer opening store commemorating mini,3,0,https://reddit.com/r/Warhammer40k/comments/1owf1vw/warhammer_opening_store_commemorating_mini/,Hobby & Painting
1oyozuw,Warhammer40k,2025-11-16,2025-11,Dose every friendly local game store have a sick dieorama?,1256,167,https://reddit.com/r/Warhammer40k/comments/1oyozuw/dose_every_friendly_local_game_store_have_a_sick/,Impcat
1p1dj8q,Warhammer40k,2025-11-19,2025-11,Considering Opening a Friendly local game store and want your feedback,2,32,https://reddit.com/r/Warhammer40k/comments/1p1dj8q/considering_opening_a_friendly_local_game_store/,Misc
1p1ciwi,Warhammer40k,2025-11-19,2025-11,My haul from the Hobby shop for my anniversary.,1,0,https://reddit.com/r/Warhammer40k/comments/1p1ciwi/my_haul_from_the_hobby_shop_for_my_anniversary/,Hobby & Painting
1p28wou,Warhammer40k,2025-11-20,2025-11,How likely would someone play 1000p game with me with this state of an army? Would a GW shop allow it?,1648,288,https://reddit.com/r/Warhammer40k/comments/1p28wou/how_likely_would_someone_play_1000p_game_with_me/,Hobby & Painting
1p3cuvc,Warhammer40k,2025-11-21,2025-11,LGS has a big sale going on. Got these 3 for $244!,0,16,https://reddit.com/r/Warhammer40k/comments/1p3cuvc/lgs_has_a_big_sale_going_on_got_these_3_for_244/,Hobby & Painting
1p4msy5,Warhammer40k,2025-11-23,2025-11,"Painted my first Votann model for my LGS's Tanksgiving event! I had a great time trying an airbrush for the first time, excited to do some Yaegirs next",15,0,https://reddit.com/r/Warhammer40k/comments/1p4msy5/painted_my_first_votann_model_for_my_lgss/,Hobby & Painting
1p5nzu5,Warhammer40k,2025-11-24,2025-11,What does your ideal LGS look like?,7,41,https://reddit.com/r/Warhammer40k/comments/1p5nzu5/what_does_your_ideal_lgs_look_like/,Misc
1p8k5ah,Warhammer40k,2025-11-28,2025-11,I saw someone using data cards printed in a TCG like format lasy week at LGS,1,3,https://reddit.com/r/Warhammer40k/comments/1p8k5ah/i_saw_someone_using_data_cards_printed_in_a_tcg/,Hobby & Painting
1p9kec8,Warhammer40k,2025-11-29,2025-11,Black Friday deal from my FLGS.  Starting my army for 11th,6,0,https://reddit.com/r/Warhammer40k/comments/1p9kec8/black_friday_deal_from_my_flgs_starting_my_army/,Hobby & Painting
1pa2vtl,Warhammer40k,2025-11-29,2025-11,I love my LGS,1,0,https://reddit.com/r/Warhammer40k/comments/1pa2vtl/i_love_my_lgs/,Misc
1p9h8ts,Warhammer40k,2025-11-29,2025-11,So... No black Friday at the Warhammer store then...,0,9,https://reddit.com/r/Warhammer40k/comments/1p9h8ts/so_no_black_friday_at_the_warhammer_store_then/,Misc
1p9tcqs,Warhammer40k,2025-11-29,2025-11,Warhammer In Store Holiday Promotion?,1,0,https://reddit.com/r/Warhammer40k/comments/1p9tcqs/warhammer_in_store_holiday_promotion/,News & Rumours
1pa2s25,Warhammer40k,2025-11-29,2025-11,Popped by my local Warhammer store today,1,0,https://reddit.com/r/Warhammer40k/comments/1pa2s25/popped_by_my_local_warhammer_store_today/,Hobby & Painting
1pat2g3,Warhammer40k,2025-11-30,2025-11,Looking for a cool hobby shop,0,0,https://reddit.com/r/Warhammer40k/comments/1pat2g3/looking_for_a_cool_hobby_shop/,Hobby & Painting
1pbenp1,Warhammer40k,2025-12-01,2025-12,Bought 9th Edition Codex by accident from LGS,0,10,https://reddit.com/r/Warhammer40k/comments/1pbenp1/bought_9th_edition_codex_by_accident_from_lgs/,New Starter Help
1pc01r4,Warhammer40k,2025-12-02,2025-12,"Online only, does that mean I must order from the website or at my local Warhammer store instead of other stores?",0,2,https://reddit.com/r/Warhammer40k/comments/1pc01r4/online_only_does_that_mean_i_must_order_from_the/,Misc
1pfyxob,Warhammer40k,2025-12-06,2025-12,Just got my very first mini of the month at an official Warhammer store!,1,0,https://reddit.com/r/Warhammer40k/comments/1pfyxob/just_got_my_very_first_mini_of_the_month_at_an/,Hobby & Painting
1pgh2ae,Warhammer40k,2025-12-07,2025-12,Here is a little diorama I made for my local Warhammer store,2586,69,https://reddit.com/r/Warhammer40k/comments/1pgh2ae/here_is_a_little_diorama_i_made_for_my_local/,Hobby & Painting
1pgnl82,Warhammer40k,2025-12-07,2025-12,Two random bag I got from a Warhammer store,0,2,https://reddit.com/r/Warhammer40k/comments/1pgnl82/two_random_bag_i_got_from_a_warhammer_store/,Hobby & Painting
1pjwikb,Warhammer40k,2025-12-11,2025-12,Nabbed this sweet army painter rack from the FLGS,89,7,https://reddit.com/r/Warhammer40k/comments/1pjwikb/nabbed_this_sweet_army_painter_rack_from_the_flgs/,Hobby & Painting
1pm7qzp,Warhammer40k,2025-12-14,2025-12,Warhammer store in Akihabara,331,13,https://reddit.com/r/Warhammer40k/comments/1pm7qzp/warhammer_store_in_akihabara/,Hobby & Painting
1pnpgob,Warhammer40k,2025-12-16,2025-12,resurrected a new model from my local lgs bits bin,4,0,https://reddit.com/r/Warhammer40k/comments/1pnpgob/resurrected_a_new_model_from_my_local_lgs_bits_bin/,Hobby & Painting
1pqwpqm,Warhammer40k,2025-12-19,2025-12,Just realized there’s a Warhammer store like 10 minutes from my house!,1392,158,https://reddit.com/r/Warhammer40k/comments/1pqwpqm/just_realized_theres_a_warhammer_store_like_10/,Misc
1psxurj,Warhammer40k,2025-12-22,2025-12,LGS Secret Santa gift I painted,22,0,https://reddit.com/r/Warhammer40k/comments/1psxurj/lgs_secret_santa_gift_i_painted/,Hobby & Painting
1px4uk8,Warhammer40k,2025-12-27,2025-12,"Found out there's a Warhammer store not to far from me, the journey begins :)",469,77,https://reddit.com/r/Warhammer40k/comments/1px4uk8/found_out_theres_a_warhammer_store_not_to_far/,Hobby & Painting
1pyjqlm,Warhammer40k,2025-12-29,2025-12,"I’m about to go to the hobby shop soon, is this a good list of paints for the 143rd Krieg?",2,0,https://reddit.com/r/Warhammer40k/comments/1pyjqlm/im_about_to_go_to_the_hobby_shop_soon_is_this_a/,Hobby & Painting
1pzto0o,Warhammer40k,2025-12-30,2025-12,Went to the Warhammer Store and Cafe in Tokyo. It was great.,1,0,https://reddit.com/r/Warhammer40k/comments/1pzto0o/went_to_the_warhammer_store_and_cafe_in_tokyo_it/,Misc
1q0pj6m,Warhammer40k,2025-12-31,2025-12,Do I just have to go to my local Warhammer store and ask them for a free miniature if I am just starting out?,1,15,https://reddit.com/r/Warhammer40k/comments/1q0pj6m/do_i_just_have_to_go_to_my_local_warhammer_store/,New Starter Help
1q1mrsb,Warhammer40k,2026-01-02,2026-01,Six Months In — Time to upgrade and I accidentally bought some minis at the hobby shop,0,4,https://reddit.com/r/Warhammer40k/comments/1q1mrsb/six_months_in_time_to_upgrade_and_i_accidentally/,Hobby & Painting
1q35n61,Warhammer40k,2026-01-03,2026-01,New tradition unlocked: Visiting a Warhammer store every first Saturday for the free mini of the month!,1245,188,https://reddit.com/r/Warhammer40k/comments/1q35n61/new_tradition_unlocked_visiting_a_warhammer_store/,Hobby & Painting
1q40uge,Warhammer40k,2026-01-04,2026-01,"If someone you were playing against at your FLGS had a bunch of legends units in their army, would you be mad if they didn't tell you in advance?",0,11,https://reddit.com/r/Warhammer40k/comments/1q40uge/if_someone_you_were_playing_against_at_your_flgs/,New Starter Help
1q3f2dd,Warhammer40k,2026-01-04,2026-01,Local game store is the goat,1,0,https://reddit.com/r/Warhammer40k/comments/1q3f2dd/local_game_store_is_the_goat/,Hobby & Painting
1q3tdbw,Warhammer40k,2026-01-04,2026-01,went to my local GW store and partially painted my first miniature :D,5,1,https://reddit.com/r/Warhammer40k/comments/1q3tdbw/went_to_my_local_gw_store_and_partially_painted/,Hobby & Painting
1q5elpf,Warhammer40k,2026-01-06,2026-01,Warhammer Store Anniversary Dates,1048,250,https://reddit.com/r/Warhammer40k/comments/1q5elpf/warhammer_store_anniversary_dates/,Misc
1q9c4bd,Warhammer40k,2026-01-10,2026-01,First time painting a mini. My friend took me to our local Warhammer store and the guy there showed me how to paint. How’d I do?,3,0,https://reddit.com/r/Warhammer40k/comments/1q9c4bd/first_time_painting_a_mini_my_friend_took_me_to/,Hobby & Painting
1qb1brq,Warhammer40k,2026-01-12,2026-01,Warhammer store vs FLGS,0,11,https://reddit.com/r/Warhammer40k/comments/1qb1brq/warhammer_store_vs_flgs/,New Starter Help
1qcw39m,Warhammer40k,2026-01-14,2026-01,To support my FLGS or not,0,16,https://reddit.com/r/Warhammer40k/comments/1qcw39m/to_support_my_flgs_or_not/,New Starter Help
1qfnap9,Warhammer40k,2026-01-17,2026-01,Price difference in my local store (DE),1,0,https://reddit.com/r/Warhammer40k/comments/1qfnap9/price_difference_in_my_local_store_de/,Hobby & Painting
1qog5bx,Warhammer40k,2026-01-27,2026-01,Don't tell my LGS...,1621,58,https://reddit.com/r/Warhammer40k/comments/1qog5bx/dont_tell_my_lgs/,Hobby & Painting
1qodpq2,Warhammer40k,2026-01-27,2026-01,My MotM got third place at my local warhammer store:),675,18,https://reddit.com/r/Warhammer40k/comments/1qodpq2/my_motm_got_third_place_at_my_local_warhammer/,Hobby & Painting
1qr1uop,Warhammer40k,2026-01-30,2026-01,Is it worth pre-ordering things at an actual warhammer store?,0,10,https://reddit.com/r/Warhammer40k/comments/1qr1uop/is_it_worth_preordering_things_at_an_actual/,Misc
1qsxurf,Warhammer40k,2026-02-01,2026-02,Local store just posted this... Hinting at Space Hulk? Anyone else's store do anything similar?,287,55,https://reddit.com/r/Warhammer40k/comments/1qsxurf/local_store_just_posted_this_hinting_at_space/,News & Rumours
1qucrki,Warhammer40k,2026-02-03,2026-02,Berlin lgs recommendations,1,0,https://reddit.com/r/Warhammer40k/comments/1qucrki/berlin_lgs_recommendations/,Misc
1qw0eof,Warhammer40k,2026-02-04,2026-02,Really disappointing matchmaking experience at my local game store. Is this normal?,496,172,https://reddit.com/r/Warhammer40k/comments/1qw0eof/really_disappointing_matchmaking_experience_at_my/,New Starter Help
1qvyp3x,Warhammer40k,2026-02-04,2026-02,Went to my local Warhammer store and painted my first mini-figure. Now what?,716,152,https://reddit.com/r/Warhammer40k/comments/1qvyp3x/went_to_my_local_warhammer_store_and_painted_my/,New Starter Help
1r3cxo3,Warhammer40k,2026-02-13,2026-02,Warhammer store grand opening,0,4,https://reddit.com/r/Warhammer40k/comments/1r3cxo3/warhammer_store_grand_opening/,New Starter Help
1r3y9u1,Warhammer40k,2026-02-13,2026-02,Free discount code for Warhammer merch store,0,0,https://reddit.com/r/Warhammer40k/comments/1r3y9u1/free_discount_code_for_warhammer_merch_store/,Misc
1r7rqo2,Warhammer40k,2026-02-18,2026-02,Anybody else like sifting through bits at your LGS?,436,106,https://reddit.com/r/Warhammer40k/comments/1r7rqo2/anybody_else_like_sifting_through_bits_at_your_lgs/,Misc
1rb0diy,Warhammer40k,2026-02-21,2026-02,Local Store Raffle win!,11,0,https://reddit.com/r/Warhammer40k/comments/1rb0diy/local_store_raffle_win/,Hobby & Painting
1rbtlxu,Warhammer40k,2026-02-22,2026-02,FLGS in Killeen TX area,1,0,https://reddit.com/r/Warhammer40k/comments/1rbtlxu/flgs_in_killeen_tx_area/,Misc
1rchabh,Warhammer40k,2026-02-23,2026-02,I made a dice rolling app for Warhammer 40K players! Minimalist Wargame Dice is now on the Play Store!,1,0,https://reddit.com/r/Warhammer40k/comments/1rchabh/i_made_a_dice_rolling_app_for_warhammer_40k/,Misc
1rd0wkf,Warhammer40k,2026-02-24,2026-02,Look! The guy at my local nerd store gave me two little guys to put together,5,2,https://reddit.com/r/Warhammer40k/comments/1rd0wkf/look_the_guy_at_my_local_nerd_store_gave_me_two/,Hobby & Painting
1reiyn1,Warhammer40k,2026-02-25,2026-02,What is a badass gift I could pick up for my brother who has a lot of 40k stuff already? Want to pick up at a local MPLS game shop. Not very familiar with 40k,0,7,https://reddit.com/r/Warhammer40k/comments/1reiyn1/what_is_a_badass_gift_i_could_pick_up_for_my/,New Starter Help
1rgpeht,Warhammer40k,2026-02-28,2026-02,One of my LGS is doing a 10 person (5v5) 3k (ish) points and are allowing legends units so here's my list lol what yall think?,1,1,https://reddit.com/r/Warhammer40k/comments/1rgpeht/one_of_my_lgs_is_doing_a_10_person_5v5_3k_ish/,Army List Review
1rgpkw9,Warhammer40k,2026-02-28,2026-02,One of my LGS is doing a 10 person (5v5) 3k-points each apocalypse game and are allowing legends units so here's my list lol what yall think?,0,6,https://reddit.com/r/Warhammer40k/comments/1rgpkw9/one_of_my_lgs_is_doing_a_10_person_5v5_3kpoints/,Army List Review
1rh7l4i,Warhammer40k,2026-02-28,2026-02,Pictures from Warhammer Experience Tokyo and Warhammer Store,1,0,https://reddit.com/r/Warhammer40k/comments/1rh7l4i/pictures_from_warhammer_experience_tokyo_and/,Misc
1rhznvc,Warhammer40k,2026-03-01,2026-03,Some pics from the 5v5 apocalypse game my LGS did,4,1,https://reddit.com/r/Warhammer40k/comments/1rhznvc/some_pics_from_the_5v5_apocalypse_game_my_lgs_did/,Hobby & Painting
1rj8ic8,Warhammer40k,2026-03-02,2026-03,Mural that was being done at a hobby shop I like to go to!,3533,77,https://reddit.com/r/Warhammer40k/comments/1rj8ic8/mural_that_was_being_done_at_a_hobby_shop_i_like/,Hobby & Painting
1rj0hgq,Warhammer40k,2026-03-02,2026-03,First ever visit to a warhammer store and I need some list building advice.,0,21,https://reddit.com/r/Warhammer40k/comments/1rj0hgq/first_ever_visit_to_a_warhammer_store_and_i_need/,Hobby & Painting
1rk6ya9,Warhammer40k,2026-03-04,2026-03,"Recently got the Necron Kill team to play with my cousins. Any advice or tips? I’m brand new to 40k/Killteam & have a WarHammer store down the street from me where I did a practice game, but I haven’t painted them yet.",1,1,https://reddit.com/r/Warhammer40k/comments/1rk6ya9/recently_got_the_necron_kill_team_to_play_with_my/,New Starter Help
1rl79m2,Warhammer40k,2026-03-05,2026-03,Finished my first competition model for my FLGS,1194,34,https://reddit.com/r/Warhammer40k/comments/1rl79m2/finished_my_first_competition_model_for_my_flgs/,Hobby & Painting
1rosaa0,Warhammer40k,2026-03-09,2026-03,Lgs bits bin tech marine kitbash,14,1,https://reddit.com/r/Warhammer40k/comments/1rosaa0/lgs_bits_bin_tech_marine_kitbash/,Hobby & Painting
