date,keyword,score
2021-02-23,Warhammer 40k,70
2021-02-24,Warhammer 40k,72
2021-02-25,Warhammer 40k,73
2021-02-26,Warhammer 40k,89
2021-02-27,Warhammer 40k,88
2021-02-28,Warhammer 40k,90
2021-03-01,Warhammer 40k,76
2021-03-02,Warhammer 40k,77
2021-03-03,Warhammer 40k,85
2021-03-04,Warhammer 40k,78
2021-03-05,Warhammer 40k,74
2021-03-06,Warhammer 40k,85
2021-03-07,Warhammer 40k,84
2021-03-08,Warhammer 40k,75
2021-03-09,Warhammer 40k,70
2021-03-10,Warhammer 40k,75
2021-03-11,Warhammer 40k,74
2021-03-12,Warhammer 40k,72
2021-03-13,Warhammer 40k,89
2021-03-14,Warhammer 40k,93
2021-03-15,Warhammer 40k,78
2021-03-16,Warhammer 40k,78
2021-03-17,Warhammer 40k,77
2021-03-18,Warhammer 40k,74
2021-03-19,Warhammer 40k,77
2021-03-20,Warhammer 40k,83
2021-03-21,Warhammer 40k,85
2021-03-22,Warhammer 40k,77
2021-03-23,Warhammer 40k,74
2021-03-24,Warhammer 40k,74
2021-03-25,Warhammer 40k,73
2021-03-26,Warhammer 40k,69
2021-03-27,Warhammer 40k,81
2021-03-28,Warhammer 40k,83
2021-03-29,Warhammer 40k,75
2021-03-30,Warhammer 40k,68
2021-03-31,Warhammer 40k,70
2021-04-01,Warhammer 40k,64
2021-04-02,Warhammer 40k,78
2021-04-03,Warhammer 40k,86
2021-04-04,Warhammer 40k,83
2021-04-05,Warhammer 40k,74
2021-04-06,Warhammer 40k,70
2021-04-07,Warhammer 40k,71
2021-04-08,Warhammer 40k,68
2021-04-09,Warhammer 40k,76
2021-04-10,Warhammer 40k,77
2021-04-11,Warhammer 40k,78
2021-04-12,Warhammer 40k,69
2021-04-13,Warhammer 40k,69
2021-04-14,Warhammer 40k,69
2021-04-15,Warhammer 40k,67
2021-04-16,Warhammer 40k,63
2021-04-17,Warhammer 40k,73
2021-04-18,Warhammer 40k,72
2021-04-19,Warhammer 40k,68
2021-04-20,Warhammer 40k,63
2021-04-21,Warhammer 40k,66
2021-04-22,Warhammer 40k,70
2021-04-23,Warhammer 40k,70
2021-04-24,Warhammer 40k,75
2021-04-25,Warhammer 40k,80
2021-04-26,Warhammer 40k,78
2021-04-27,Warhammer 40k,72
2021-04-28,Warhammer 40k,64
2021-04-29,Warhammer 40k,68
2021-04-30,Warhammer 40k,68
2021-05-01,Warhammer 40k,82
2021-05-02,Warhammer 40k,83
2021-05-03,Warhammer 40k,75
2021-05-04,Warhammer 40k,72
2021-05-05,Warhammer 40k,67
2021-05-06,Warhammer 40k,70
2021-05-07,Warhammer 40k,70
2021-05-08,Warhammer 40k,83
2021-05-09,Warhammer 40k,87
2021-05-10,Warhammer 40k,67
2021-05-11,Warhammer 40k,68
2021-05-12,Warhammer 40k,70
2021-05-13,Warhammer 40k,73
2021-05-14,Warhammer 40k,68
2021-05-15,Warhammer 40k,73
2021-05-16,Warhammer 40k,75
2021-05-17,Warhammer 40k,70
2021-05-18,Warhammer 40k,64
2021-05-19,Warhammer 40k,61
2021-05-20,Warhammer 40k,60
2021-05-21,Warhammer 40k,66
2021-05-22,Warhammer 40k,69
2021-05-23,Warhammer 40k,80
2021-05-24,Warhammer 40k,65
2021-05-25,Warhammer 40k,61
2021-05-26,Warhammer 40k,60
2021-05-27,Warhammer 40k,65
2021-05-28,Warhammer 40k,62
2021-05-29,Warhammer 40k,73
2021-05-30,Warhammer 40k,71
2021-05-31,Warhammer 40k,71
2021-06-01,Warhammer 40k,76
2021-06-02,Warhammer 40k,73
2021-06-03,Warhammer 40k,84
2021-06-04,Warhammer 40k,91
2021-06-05,Warhammer 40k,95
2021-06-06,Warhammer 40k,93
2021-06-07,Warhammer 40k,79
2021-06-08,Warhammer 40k,78
2021-06-09,Warhammer 40k,73
2021-06-10,Warhammer 40k,74
2021-06-11,Warhammer 40k,75
2021-06-12,Warhammer 40k,79
2021-06-13,Warhammer 40k,86
2021-06-14,Warhammer 40k,70
2021-06-15,Warhammer 40k,76
2021-06-16,Warhammer 40k,67
2021-06-17,Warhammer 40k,69
2021-06-18,Warhammer 40k,69
2021-06-19,Warhammer 40k,94
2021-06-20,Warhammer 40k,86
2021-06-21,Warhammer 40k,69
2021-06-22,Warhammer 40k,68
2021-06-23,Warhammer 40k,68
2021-06-24,Warhammer 40k,80
2021-06-25,Warhammer 40k,71
2021-06-26,Warhammer 40k,83
2021-06-27,Warhammer 40k,86
2021-06-28,Warhammer 40k,69
2021-06-29,Warhammer 40k,72
2021-06-30,Warhammer 40k,73
2021-07-01,Warhammer 40k,77
2021-07-02,Warhammer 40k,72
2021-07-03,Warhammer 40k,81
2021-07-04,Warhammer 40k,81
2021-07-05,Warhammer 40k,68
2021-07-06,Warhammer 40k,74
2021-07-07,Warhammer 40k,69
2021-07-08,Warhammer 40k,74
2021-07-09,Warhammer 40k,81
2021-07-10,Warhammer 40k,99
2021-07-11,Warhammer 40k,96
2021-07-12,Warhammer 40k,82
2021-07-13,Warhammer 40k,84
2021-07-14,Warhammer 40k,86
2021-07-15,Warhammer 40k,86
2021-07-16,Warhammer 40k,89
2021-07-17,Warhammer 40k,100
2021-07-18,Warhammer 40k,87
2021-07-19,Warhammer 40k,89
2021-07-20,Warhammer 40k,87
2021-07-21,Warhammer 40k,79
2021-07-22,Warhammer 40k,88
2021-07-23,Warhammer 40k,84
2021-07-24,Warhammer 40k,87
2021-07-25,Warhammer 40k,93
2021-07-26,Warhammer 40k,80
2021-07-27,Warhammer 40k,77
2021-07-28,Warhammer 40k,75
2021-07-29,Warhammer 40k,76
2021-07-30,Warhammer 40k,84
2021-07-31,Warhammer 40k,89
2021-08-01,Warhammer 40k,79
2021-08-02,Warhammer 40k,76
2021-08-03,Warhammer 40k,70
2021-08-04,Warhammer 40k,60
2021-08-05,Warhammer 40k,69
2021-08-06,Warhammer 40k,69
2021-08-07,Warhammer 40k,76
2021-08-08,Warhammer 40k,86
2021-08-09,Warhammer 40k,69
2021-08-10,Warhammer 40k,62
2021-08-11,Warhammer 40k,69
2021-08-12,Warhammer 40k,72
2021-08-13,Warhammer 40k,68
2021-08-14,Warhammer 40k,79
2021-08-15,Warhammer 40k,84
2021-08-16,Warhammer 40k,68
2021-08-17,Warhammer 40k,77
2021-08-18,Warhammer 40k,69
2021-08-19,Warhammer 40k,71
2021-08-20,Warhammer 40k,78
2021-08-21,Warhammer 40k,81
2021-08-22,Warhammer 40k,31
2021-08-23,Warhammer 40k,29
2021-08-24,Warhammer 40k,30
2021-08-25,Warhammer 40k,25
2021-08-26,Warhammer 40k,27
2021-08-27,Warhammer 40k,26
2021-08-28,Warhammer 40k,27
2021-08-29,Warhammer 40k,32
2021-08-30,Warhammer 40k,25
2021-08-31,Warhammer 40k,23
2021-09-01,Warhammer 40k,23
2021-09-02,Warhammer 40k,23
2021-09-03,Warhammer 40k,25
2021-09-04,Warhammer 40k,27
2021-09-05,Warhammer 40k,26
2021-09-06,Warhammer 40k,23
2021-09-07,Warhammer 40k,21
2021-09-08,Warhammer 40k,22
2021-09-09,Warhammer 40k,21
2021-09-10,Warhammer 40k,21
2021-09-11,Warhammer 40k,22
2021-09-12,Warhammer 40k,23
2021-09-13,Warhammer 40k,22
2021-09-14,Warhammer 40k,26
2021-09-15,Warhammer 40k,21
2021-09-16,Warhammer 40k,22
2021-09-17,Warhammer 40k,22
2021-09-18,Warhammer 40k,24
2021-09-19,Warhammer 40k,23
2021-09-20,Warhammer 40k,20
2021-09-21,Warhammer 40k,21
2021-09-22,Warhammer 40k,22
2021-09-23,Warhammer 40k,23
2021-09-24,Warhammer 40k,21
2021-09-25,Warhammer 40k,25
2021-09-26,Warhammer 40k,26
2021-09-27,Warhammer 40k,26
2021-09-28,Warhammer 40k,23
2021-09-29,Warhammer 40k,20
2021-09-30,Warhammer 40k,22
2021-10-01,Warhammer 40k,21
2021-10-02,Warhammer 40k,25
2021-10-03,Warhammer 40k,23
2021-10-04,Warhammer 40k,21
2021-10-05,Warhammer 40k,22
2021-10-06,Warhammer 40k,20
2021-10-07,Warhammer 40k,24
2021-10-08,Warhammer 40k,22
2021-10-09,Warhammer 40k,26
2021-10-10,Warhammer 40k,29
2021-10-11,Warhammer 40k,22
2021-10-12,Warhammer 40k,20
2021-10-13,Warhammer 40k,21
2021-10-14,Warhammer 40k,23
2021-10-15,Warhammer 40k,21
2021-10-16,Warhammer 40k,29
2021-10-17,Warhammer 40k,24
2021-10-18,Warhammer 40k,23
2021-10-19,Warhammer 40k,26
2021-10-20,Warhammer 40k,23
2021-10-21,Warhammer 40k,22
2021-10-22,Warhammer 40k,28
2021-10-23,Warhammer 40k,25
2021-10-24,Warhammer 40k,25
2021-10-25,Warhammer 40k,27
2021-10-26,Warhammer 40k,24
2021-10-27,Warhammer 40k,22
2021-10-28,Warhammer 40k,26
2021-10-29,Warhammer 40k,23
2021-10-30,Warhammer 40k,28
2021-10-31,Warhammer 40k,32
2021-11-01,Warhammer 40k,22
2021-11-02,Warhammer 40k,25
2021-11-03,Warhammer 40k,23
2021-11-04,Warhammer 40k,24
2021-11-05,Warhammer 40k,24
2021-11-06,Warhammer 40k,28
2021-11-07,Warhammer 40k,26
2021-11-08,Warhammer 40k,24
2021-11-09,Warhammer 40k,28
2021-11-10,Warhammer 40k,27
2021-11-11,Warhammer 40k,21
2021-11-12,Warhammer 40k,26
2021-11-13,Warhammer 40k,26
2021-11-14,Warhammer 40k,28
2021-11-15,Warhammer 40k,27
2021-11-16,Warhammer 40k,21
2021-11-17,Warhammer 40k,24
2021-11-18,Warhammer 40k,26
2021-11-19,Warhammer 40k,24
2021-11-20,Warhammer 40k,23
2021-11-21,Warhammer 40k,28
2021-11-22,Warhammer 40k,23
2021-11-23,Warhammer 40k,24
2021-11-24,Warhammer 40k,28
2021-11-25,Warhammer 40k,23
2021-11-26,Warhammer 40k,25
2021-11-27,Warhammer 40k,28
2021-11-28,Warhammer 40k,27
2021-11-29,Warhammer 40k,23
2021-11-30,Warhammer 40k,26
2021-12-01,Warhammer 40k,22
2021-12-02,Warhammer 40k,24
2021-12-03,Warhammer 40k,27
2021-12-04,Warhammer 40k,27
2021-12-05,Warhammer 40k,30
2021-12-06,Warhammer 40k,26
2021-12-07,Warhammer 40k,26
2021-12-08,Warhammer 40k,25
2021-12-09,Warhammer 40k,26
2021-12-10,Warhammer 40k,57
2021-12-11,Warhammer 40k,39
2021-12-12,Warhammer 40k,34
2021-12-13,Warhammer 40k,33
2021-12-14,Warhammer 40k,32
2021-12-15,Warhammer 40k,29
2021-12-16,Warhammer 40k,28
2021-12-17,Warhammer 40k,31
2021-12-18,Warhammer 40k,29
2021-12-19,Warhammer 40k,31
2021-12-20,Warhammer 40k,28
2021-12-21,Warhammer 40k,33
2021-12-22,Warhammer 40k,32
2021-12-23,Warhammer 40k,33
2021-12-24,Warhammer 40k,36
2021-12-25,Warhammer 40k,38
2021-12-26,Warhammer 40k,39
2021-12-27,Warhammer 40k,36
2021-12-28,Warhammer 40k,35
2021-12-29,Warhammer 40k,34
2021-12-30,Warhammer 40k,33
2021-12-31,Warhammer 40k,35
2022-01-01,Warhammer 40k,46
2022-01-02,Warhammer 40k,42
2022-01-03,Warhammer 40k,37
2022-01-04,Warhammer 40k,84
2022-01-05,Warhammer 40k,29
2022-01-06,Warhammer 40k,31
2022-01-07,Warhammer 40k,37
2022-01-08,Warhammer 40k,41
2022-01-09,Warhammer 40k,43
2022-01-10,Warhammer 40k,36
2022-01-11,Warhammer 40k,34
2022-01-12,Warhammer 40k,34
2022-01-13,Warhammer 40k,75
2022-01-14,Warhammer 40k,28
2022-01-15,Warhammer 40k,38
2022-01-16,Warhammer 40k,78
2022-01-17,Warhammer 40k,30
2022-01-18,Warhammer 40k,32
2022-01-19,Warhammer 40k,33
2022-01-20,Warhammer 40k,35
2022-01-21,Warhammer 40k,34
2022-01-22,Warhammer 40k,41
2022-01-23,Warhammer 40k,49
2022-01-24,Warhammer 40k,100
2022-01-25,Warhammer 40k,35
2022-01-26,Warhammer 40k,33
2022-01-27,Warhammer 40k,32
2022-01-28,Warhammer 40k,44
2022-01-29,Warhammer 40k,42
2022-01-30,Warhammer 40k,44
2022-01-31,Warhammer 40k,36
2022-02-01,Warhammer 40k,36
2022-02-02,Warhammer 40k,36
2022-02-03,Warhammer 40k,36
2022-02-04,Warhammer 40k,36
2022-02-05,Warhammer 40k,38
2022-02-06,Warhammer 40k,44
2022-02-07,Warhammer 40k,38
2022-02-08,Warhammer 40k,39
2022-02-09,Warhammer 40k,37
2022-02-10,Warhammer 40k,31
2022-02-11,Warhammer 40k,36
2022-02-12,Warhammer 40k,37
2022-02-13,Warhammer 40k,39
2022-02-14,Warhammer 40k,37
2022-02-15,Warhammer 40k,37
2022-02-16,Warhammer 40k,36
2022-02-17,Warhammer 40k,38
2022-02-18,Warhammer 40k,63
2022-02-19,Warhammer 40k,60
2022-02-20,Warhammer 40k,64
2022-02-21,Warhammer 40k,59
2022-02-22,Warhammer 40k,53
2022-02-23,Warhammer 40k,51
2022-02-24,Warhammer 40k,39
2022-02-25,Warhammer 40k,43
2022-02-26,Warhammer 40k,48
2022-02-27,Warhammer 40k,49
2022-02-28,Warhammer 40k,44
2022-03-01,Warhammer 40k,44
2022-03-02,Warhammer 40k,39
2022-03-03,Warhammer 40k,43
2022-03-04,Warhammer 40k,41
2022-03-05,Warhammer 40k,52
2022-03-06,Warhammer 40k,45
2022-03-07,Warhammer 40k,40
2022-03-08,Warhammer 40k,37
2022-03-09,Warhammer 40k,42
2022-03-10,Warhammer 40k,38
2022-03-11,Warhammer 40k,43
2022-03-12,Warhammer 40k,47
2022-03-13,Warhammer 40k,51
2022-03-14,Warhammer 40k,40
2022-03-15,Warhammer 40k,42
2022-03-16,Warhammer 40k,43
2022-03-17,Warhammer 40k,41
2022-03-18,Warhammer 40k,41
2022-03-19,Warhammer 40k,47
2022-03-20,Warhammer 40k,47
2022-03-21,Warhammer 40k,44
2022-03-22,Warhammer 40k,40
2022-03-23,Warhammer 40k,38
2022-03-24,Warhammer 40k,51
2022-03-25,Warhammer 40k,50
2022-03-26,Warhammer 40k,54
2022-03-27,Warhammer 40k,55
2022-03-28,Warhammer 40k,47
2022-03-29,Warhammer 40k,46
2022-03-30,Warhammer 40k,45
2022-03-31,Warhammer 40k,47
2022-04-01,Warhammer 40k,56
2022-04-02,Warhammer 40k,100
2022-04-03,Warhammer 40k,73
2022-04-04,Warhammer 40k,52
2022-04-05,Warhammer 40k,49
2022-04-06,Warhammer 40k,48
2022-04-07,Warhammer 40k,47
2022-04-08,Warhammer 40k,47
2022-04-09,Warhammer 40k,49
2022-04-10,Warhammer 40k,49
2022-04-11,Warhammer 40k,46
2022-04-12,Warhammer 40k,42
2022-04-13,Warhammer 40k,44
2022-04-14,Warhammer 40k,52
2022-04-15,Warhammer 40k,57
2022-04-16,Warhammer 40k,54
2022-04-17,Warhammer 40k,57
2022-04-18,Warhammer 40k,48
2022-04-19,Warhammer 40k,45
2022-04-20,Warhammer 40k,43
2022-04-21,Warhammer 40k,44
2022-04-22,Warhammer 40k,49
2022-04-23,Warhammer 40k,50
2022-04-24,Warhammer 40k,53
2022-04-25,Warhammer 40k,42
2022-04-26,Warhammer 40k,44
2022-04-27,Warhammer 40k,43
2022-04-28,Warhammer 40k,45
2022-04-29,Warhammer 40k,41
2022-04-30,Warhammer 40k,49
2022-05-01,Warhammer 40k,53
2022-05-02,Warhammer 40k,49
2022-05-03,Warhammer 40k,48
2022-05-04,Warhammer 40k,52
2022-05-05,Warhammer 40k,57
2022-05-06,Warhammer 40k,54
2022-05-07,Warhammer 40k,63
2022-05-08,Warhammer 40k,61
2022-05-09,Warhammer 40k,54
2022-05-10,Warhammer 40k,53
2022-05-11,Warhammer 40k,50
2022-05-12,Warhammer 40k,51
2022-05-13,Warhammer 40k,73
2022-05-14,Warhammer 40k,63
2022-05-15,Warhammer 40k,61
2022-05-16,Warhammer 40k,54
2022-05-17,Warhammer 40k,50
2022-05-18,Warhammer 40k,46
2022-05-19,Warhammer 40k,45
2022-05-20,Warhammer 40k,48
2022-05-21,Warhammer 40k,49
2022-05-22,Warhammer 40k,54
2022-05-23,Warhammer 40k,49
2022-05-24,Warhammer 40k,45
2022-05-25,Warhammer 40k,41
2022-05-26,Warhammer 40k,47
2022-05-27,Warhammer 40k,40
2022-05-28,Warhammer 40k,49
2022-05-29,Warhammer 40k,49
2022-05-30,Warhammer 40k,42
2022-05-31,Warhammer 40k,44
2022-06-01,Warhammer 40k,55
2022-06-02,Warhammer 40k,66
2022-06-03,Warhammer 40k,58
2022-06-04,Warhammer 40k,68
2022-06-05,Warhammer 40k,67
2022-06-06,Warhammer 40k,60
2022-06-07,Warhammer 40k,56
2022-06-08,Warhammer 40k,52
2022-06-09,Warhammer 40k,47
2022-06-10,Warhammer 40k,58
2022-06-11,Warhammer 40k,54
2022-06-12,Warhammer 40k,59
2022-06-13,Warhammer 40k,51
2022-06-14,Warhammer 40k,46
2022-06-15,Warhammer 40k,48
2022-06-16,Warhammer 40k,45
2022-06-17,Warhammer 40k,43
2022-06-18,Warhammer 40k,58
2022-06-19,Warhammer 40k,59
2022-06-20,Warhammer 40k,46
2022-06-21,Warhammer 40k,51
2022-06-22,Warhammer 40k,48
2022-06-23,Warhammer 40k,49
2022-06-24,Warhammer 40k,45
2022-06-25,Warhammer 40k,54
2022-06-26,Warhammer 40k,54
2022-06-27,Warhammer 40k,48
2022-06-28,Warhammer 40k,41
2022-06-29,Warhammer 40k,44
2022-06-30,Warhammer 40k,43
2022-07-01,Warhammer 40k,45
2022-07-02,Warhammer 40k,51
2022-07-03,Warhammer 40k,51
2022-07-04,Warhammer 40k,49
2022-07-05,Warhammer 40k,47
2022-07-06,Warhammer 40k,43
2022-07-07,Warhammer 40k,44
2022-07-08,Warhammer 40k,47
2022-07-09,Warhammer 40k,50
2022-07-10,Warhammer 40k,52
2022-07-11,Warhammer 40k,48
2022-07-12,Warhammer 40k,46
2022-07-13,Warhammer 40k,42
2022-07-14,Warhammer 40k,38
2022-07-15,Warhammer 40k,46
2022-07-16,Warhammer 40k,51
2022-07-17,Warhammer 40k,51
2022-07-18,Warhammer 40k,49
2022-07-19,Warhammer 40k,43
2022-07-20,Warhammer 40k,42
2022-07-21,Warhammer 40k,43
2022-07-22,Warhammer 40k,42
2022-07-23,Warhammer 40k,48
2022-07-24,Warhammer 40k,48
2022-07-25,Warhammer 40k,48
2022-07-26,Warhammer 40k,46
2022-07-27,Warhammer 40k,44
2022-07-28,Warhammer 40k,48
2022-07-29,Warhammer 40k,47
2022-07-30,Warhammer 40k,53
2022-07-31,Warhammer 40k,53
2022-08-01,Warhammer 40k,52
2022-08-02,Warhammer 40k,46
2022-08-03,Warhammer 40k,45
2022-08-04,Warhammer 40k,46
2022-08-05,Warhammer 40k,49
2022-08-06,Warhammer 40k,53
2022-08-07,Warhammer 40k,53
2022-08-08,Warhammer 40k,48
2022-08-09,Warhammer 40k,45
2022-08-10,Warhammer 40k,44
2022-08-11,Warhammer 40k,48
2022-08-12,Warhammer 40k,44
2022-08-13,Warhammer 40k,49
2022-08-14,Warhammer 40k,50
2022-08-15,Warhammer 40k,56
2022-08-16,Warhammer 40k,50
2022-08-17,Warhammer 40k,18
2022-08-18,Warhammer 40k,19
2022-08-19,Warhammer 40k,20
2022-08-20,Warhammer 40k,24
2022-08-21,Warhammer 40k,23
2022-08-22,Warhammer 40k,22
2022-08-23,Warhammer 40k,21
2022-08-24,Warhammer 40k,21
2022-08-25,Warhammer 40k,23
2022-08-26,Warhammer 40k,23
2022-08-27,Warhammer 40k,23
2022-08-28,Warhammer 40k,24
2022-08-29,Warhammer 40k,22
2022-08-30,Warhammer 40k,21
2022-08-31,Warhammer 40k,20
2022-09-01,Warhammer 40k,21
2022-09-02,Warhammer 40k,21
2022-09-03,Warhammer 40k,24
2022-09-04,Warhammer 40k,24
2022-09-05,Warhammer 40k,22
2022-09-06,Warhammer 40k,20
2022-09-07,Warhammer 40k,18
2022-09-08,Warhammer 40k,17
2022-09-09,Warhammer 40k,22
2022-09-10,Warhammer 40k,21
2022-09-11,Warhammer 40k,23
2022-09-12,Warhammer 40k,28
2022-09-13,Warhammer 40k,31
2022-09-14,Warhammer 40k,34
2022-09-15,Warhammer 40k,37
2022-09-16,Warhammer 40k,37
2022-09-17,Warhammer 40k,40
2022-09-18,Warhammer 40k,34
2022-09-19,Warhammer 40k,30
2022-09-20,Warhammer 40k,27
2022-09-21,Warhammer 40k,27
2022-09-22,Warhammer 40k,27
2022-09-23,Warhammer 40k,25
2022-09-24,Warhammer 40k,29
2022-09-25,Warhammer 40k,29
2022-09-26,Warhammer 40k,24
2022-09-27,Warhammer 40k,24
2022-09-28,Warhammer 40k,23
2022-09-29,Warhammer 40k,25
2022-09-30,Warhammer 40k,25
2022-10-01,Warhammer 40k,28
2022-10-02,Warhammer 40k,27
2022-10-03,Warhammer 40k,26
2022-10-04,Warhammer 40k,26
2022-10-05,Warhammer 40k,27
2022-10-06,Warhammer 40k,28
2022-10-07,Warhammer 40k,37
2022-10-08,Warhammer 40k,37
2022-10-09,Warhammer 40k,35
2022-10-10,Warhammer 40k,30
2022-10-11,Warhammer 40k,25
2022-10-12,Warhammer 40k,26
2022-10-13,Warhammer 40k,25
2022-10-14,Warhammer 40k,33
2022-10-15,Warhammer 40k,36
2022-10-16,Warhammer 40k,35
2022-10-17,Warhammer 40k,29
2022-10-18,Warhammer 40k,26
2022-10-19,Warhammer 40k,25
2022-10-20,Warhammer 40k,27
2022-10-21,Warhammer 40k,27
2022-10-22,Warhammer 40k,29
2022-10-23,Warhammer 40k,28
2022-10-24,Warhammer 40k,26
2022-10-25,Warhammer 40k,24
2022-10-26,Warhammer 40k,24
2022-10-27,Warhammer 40k,27
2022-10-28,Warhammer 40k,26
2022-10-29,Warhammer 40k,28
2022-10-30,Warhammer 40k,27
2022-10-31,Warhammer 40k,25
2022-11-01,Warhammer 40k,24
2022-11-02,Warhammer 40k,24
2022-11-03,Warhammer 40k,24
2022-11-04,Warhammer 40k,25
2022-11-05,Warhammer 40k,27
2022-11-06,Warhammer 40k,25
2022-11-07,Warhammer 40k,26
2022-11-08,Warhammer 40k,24
2022-11-09,Warhammer 40k,22
2022-11-10,Warhammer 40k,23
2022-11-11,Warhammer 40k,26
2022-11-12,Warhammer 40k,27
2022-11-13,Warhammer 40k,28
2022-11-14,Warhammer 40k,26
2022-11-15,Warhammer 40k,26
2022-11-16,Warhammer 40k,25
2022-11-17,Warhammer 40k,27
2022-11-18,Warhammer 40k,33
2022-11-19,Warhammer 40k,37
2022-11-20,Warhammer 40k,37
2022-11-21,Warhammer 40k,31
2022-11-22,Warhammer 40k,31
2022-11-23,Warhammer 40k,29
2022-11-24,Warhammer 40k,30
2022-11-25,Warhammer 40k,32
2022-11-26,Warhammer 40k,37
2022-11-27,Warhammer 40k,39
2022-11-28,Warhammer 40k,33
2022-11-29,Warhammer 40k,33
2022-11-30,Warhammer 40k,37
2022-12-01,Warhammer 40k,41
2022-12-02,Warhammer 40k,36
2022-12-03,Warhammer 40k,41
2022-12-04,Warhammer 40k,42
2022-12-05,Warhammer 40k,36
2022-12-06,Warhammer 40k,33
2022-12-07,Warhammer 40k,35
2022-12-08,Warhammer 40k,37
2022-12-09,Warhammer 40k,36
2022-12-10,Warhammer 40k,39
2022-12-11,Warhammer 40k,41
2022-12-12,Warhammer 40k,35
2022-12-13,Warhammer 40k,32
2022-12-14,Warhammer 40k,30
2022-12-15,Warhammer 40k,31
2022-12-16,Warhammer 40k,100
2022-12-17,Warhammer 40k,78
2022-12-18,Warhammer 40k,64
2022-12-19,Warhammer 40k,58
2022-12-20,Warhammer 40k,55
2022-12-21,Warhammer 40k,57
2022-12-22,Warhammer 40k,53
2022-12-23,Warhammer 40k,52
2022-12-24,Warhammer 40k,52
2022-12-25,Warhammer 40k,51
2022-12-26,Warhammer 40k,50
2022-12-27,Warhammer 40k,48
2022-12-28,Warhammer 40k,47
2022-12-29,Warhammer 40k,46
2022-12-30,Warhammer 40k,49
2022-12-31,Warhammer 40k,45
2023-01-01,Warhammer 40k,48
2023-01-02,Warhammer 40k,46
2023-01-03,Warhammer 40k,41
2023-01-04,Warhammer 40k,40
2023-01-05,Warhammer 40k,41
2023-01-06,Warhammer 40k,40
2023-01-07,Warhammer 40k,43
2023-01-08,Warhammer 40k,45
2023-01-09,Warhammer 40k,36
2023-01-10,Warhammer 40k,36
2023-01-11,Warhammer 40k,34
2023-01-12,Warhammer 40k,32
2023-01-13,Warhammer 40k,32
2023-01-14,Warhammer 40k,37
2023-01-15,Warhammer 40k,38
2023-01-16,Warhammer 40k,34
2023-01-17,Warhammer 40k,33
2023-01-18,Warhammer 40k,30
2023-01-19,Warhammer 40k,31
2023-01-20,Warhammer 40k,32
2023-01-21,Warhammer 40k,35
2023-01-22,Warhammer 40k,34
2023-01-23,Warhammer 40k,31
2023-01-24,Warhammer 40k,29
2023-01-25,Warhammer 40k,29
2023-01-26,Warhammer 40k,27
2023-01-27,Warhammer 40k,31
2023-01-28,Warhammer 40k,31
2023-01-29,Warhammer 40k,32
2023-01-30,Warhammer 40k,28
2023-01-31,Warhammer 40k,26
2023-02-01,Warhammer 40k,27
2023-02-02,Warhammer 40k,26
2023-02-03,Warhammer 40k,25
2023-02-04,Warhammer 40k,29
2023-02-05,Warhammer 40k,30
2023-02-06,Warhammer 40k,26
2023-02-07,Warhammer 40k,26
2023-02-08,Warhammer 40k,24
2023-02-09,Warhammer 40k,26
2023-02-10,Warhammer 40k,27
2023-02-11,Warhammer 40k,28
2023-02-12,Warhammer 40k,29
2023-02-13,Warhammer 40k,48
2023-02-14,Warhammer 40k,45
2023-02-15,Warhammer 40k,45
2023-02-16,Warhammer 40k,48
2023-02-17,Warhammer 40k,48
2023-02-18,Warhammer 40k,51
2023-02-19,Warhammer 40k,57
2023-02-20,Warhammer 40k,48
2023-02-21,Warhammer 40k,45
2023-02-22,Warhammer 40k,45
2023-02-23,Warhammer 40k,46
2023-02-24,Warhammer 40k,48
2023-02-25,Warhammer 40k,54
2023-02-26,Warhammer 40k,52
2023-02-27,Warhammer 40k,43
2023-02-28,Warhammer 40k,43
2023-03-01,Warhammer 40k,40
2023-03-02,Warhammer 40k,40
2023-03-03,Warhammer 40k,46
2023-03-04,Warhammer 40k,51
2023-03-05,Warhammer 40k,50
2023-03-06,Warhammer 40k,43
2023-03-07,Warhammer 40k,45
2023-03-08,Warhammer 40k,42
2023-03-09,Warhammer 40k,45
2023-03-10,Warhammer 40k,50
2023-03-11,Warhammer 40k,50
2023-03-12,Warhammer 40k,54
2023-03-13,Warhammer 40k,45
2023-03-14,Warhammer 40k,46
2023-03-15,Warhammer 40k,44
2023-03-16,Warhammer 40k,47
2023-03-17,Warhammer 40k,48
2023-03-18,Warhammer 40k,68
2023-03-19,Warhammer 40k,86
2023-03-20,Warhammer 40k,64
2023-03-21,Warhammer 40k,63
2023-03-22,Warhammer 40k,55
2023-03-23,Warhammer 40k,100
2023-03-24,Warhammer 40k,80
2023-03-25,Warhammer 40k,71
2023-03-26,Warhammer 40k,67
2023-03-27,Warhammer 40k,59
2023-03-28,Warhammer 40k,56
2023-03-29,Warhammer 40k,50
2023-03-30,Warhammer 40k,64
2023-03-31,Warhammer 40k,67
2023-04-01,Warhammer 40k,65
2023-04-02,Warhammer 40k,66
2023-04-03,Warhammer 40k,58
2023-04-04,Warhammer 40k,49
2023-04-05,Warhammer 40k,52
2023-04-06,Warhammer 40k,49
2023-04-07,Warhammer 40k,57
2023-04-08,Warhammer 40k,54
2023-04-09,Warhammer 40k,60
2023-04-10,Warhammer 40k,54
2023-04-11,Warhammer 40k,50
2023-04-12,Warhammer 40k,49
2023-04-13,Warhammer 40k,49
2023-04-14,Warhammer 40k,53
2023-04-15,Warhammer 40k,57
2023-04-16,Warhammer 40k,60
2023-04-17,Warhammer 40k,52
2023-04-18,Warhammer 40k,48
2023-04-19,Warhammer 40k,48
2023-04-20,Warhammer 40k,49
2023-04-21,Warhammer 40k,48
2023-04-22,Warhammer 40k,56
2023-04-23,Warhammer 40k,53
2023-04-24,Warhammer 40k,52
2023-04-25,Warhammer 40k,49
2023-04-26,Warhammer 40k,44
2023-04-27,Warhammer 40k,48
2023-04-28,Warhammer 40k,49
2023-04-29,Warhammer 40k,70
2023-04-30,Warhammer 40k,69
2023-05-01,Warhammer 40k,68
2023-05-02,Warhammer 40k,63
2023-05-03,Warhammer 40k,59
2023-05-04,Warhammer 40k,60
2023-05-05,Warhammer 40k,58
2023-05-06,Warhammer 40k,57
2023-05-07,Warhammer 40k,55
2023-05-08,Warhammer 40k,53
2023-05-09,Warhammer 40k,55
2023-05-10,Warhammer 40k,59
2023-05-11,Warhammer 40k,55
2023-05-12,Warhammer 40k,53
2023-05-13,Warhammer 40k,54
2023-05-14,Warhammer 40k,56
2023-05-15,Warhammer 40k,51
2023-05-16,Warhammer 40k,48
2023-05-17,Warhammer 40k,54
2023-05-18,Warhammer 40k,51
2023-05-19,Warhammer 40k,55
2023-05-20,Warhammer 40k,53
2023-05-21,Warhammer 40k,50
2023-05-22,Warhammer 40k,50
2023-05-23,Warhammer 40k,60
2023-05-24,Warhammer 40k,63
2023-05-25,Warhammer 40k,67
2023-05-26,Warhammer 40k,81
2023-05-27,Warhammer 40k,80
2023-05-28,Warhammer 40k,73
2023-05-29,Warhammer 40k,66
2023-05-30,Warhammer 40k,68
2023-05-31,Warhammer 40k,78
2023-06-01,Warhammer 40k,71
2023-06-02,Warhammer 40k,64
2023-06-03,Warhammer 40k,69
2023-06-04,Warhammer 40k,75
2023-06-05,Warhammer 40k,66
2023-06-06,Warhammer 40k,61
2023-06-07,Warhammer 40k,59
2023-06-08,Warhammer 40k,59
2023-06-09,Warhammer 40k,69
2023-06-10,Warhammer 40k,81
2023-06-11,Warhammer 40k,73
2023-06-12,Warhammer 40k,67
2023-06-13,Warhammer 40k,59
2023-06-14,Warhammer 40k,60
2023-06-15,Warhammer 40k,63
2023-06-16,Warhammer 40k,70
2023-06-17,Warhammer 40k,73
2023-06-18,Warhammer 40k,70
2023-06-19,Warhammer 40k,64
2023-06-20,Warhammer 40k,60
2023-06-21,Warhammer 40k,61
2023-06-22,Warhammer 40k,59
2023-06-23,Warhammer 40k,59
2023-06-24,Warhammer 40k,69
2023-06-25,Warhammer 40k,68
2023-06-26,Warhammer 40k,63
2023-06-27,Warhammer 40k,59
2023-06-28,Warhammer 40k,60
2023-06-29,Warhammer 40k,61
2023-06-30,Warhammer 40k,60
2023-07-01,Warhammer 40k,67
2023-07-02,Warhammer 40k,70
2023-07-03,Warhammer 40k,59
2023-07-04,Warhammer 40k,62
2023-07-05,Warhammer 40k,56
2023-07-06,Warhammer 40k,58
2023-07-07,Warhammer 40k,65
2023-07-08,Warhammer 40k,61
2023-07-09,Warhammer 40k,64
2023-07-10,Warhammer 40k,61
2023-07-11,Warhammer 40k,58
2023-07-12,Warhammer 40k,58
2023-07-13,Warhammer 40k,58
2023-07-14,Warhammer 40k,61
2023-07-15,Warhammer 40k,71
2023-07-16,Warhammer 40k,71
2023-07-17,Warhammer 40k,65
2023-07-18,Warhammer 40k,61
2023-07-19,Warhammer 40k,60
2023-07-20,Warhammer 40k,54
2023-07-21,Warhammer 40k,56
2023-07-22,Warhammer 40k,62
2023-07-23,Warhammer 40k,62
2023-07-24,Warhammer 40k,57
2023-07-25,Warhammer 40k,53
2023-07-26,Warhammer 40k,55
2023-07-27,Warhammer 40k,54
2023-07-28,Warhammer 40k,58
2023-07-29,Warhammer 40k,59
2023-07-30,Warhammer 40k,70
2023-07-31,Warhammer 40k,57
2023-08-01,Warhammer 40k,53
2023-08-02,Warhammer 40k,55
2023-08-03,Warhammer 40k,53
2023-08-04,Warhammer 40k,53
2023-08-05,Warhammer 40k,55
2023-08-06,Warhammer 40k,68
2023-08-07,Warhammer 40k,60
2023-08-08,Warhammer 40k,50
2023-08-09,Warhammer 40k,46
2023-08-10,Warhammer 40k,49
2023-08-11,Warhammer 40k,51
2023-08-12,Warhammer 40k,58
2023-08-13,Warhammer 40k,64
2023-08-14,Warhammer 40k,57
2023-08-15,Warhammer 40k,55
2023-08-16,Warhammer 40k,51
2023-08-17,Warhammer 40k,50
2023-08-18,Warhammer 40k,55
2023-08-19,Warhammer 40k,58
2023-08-20,Warhammer 40k,63
2023-08-21,Warhammer 40k,50
2023-08-22,Warhammer 40k,51
2023-08-23,Warhammer 40k,54
2023-08-24,Warhammer 40k,58
2023-08-25,Warhammer 40k,61
2023-08-26,Warhammer 40k,66
2023-08-27,Warhammer 40k,70
2023-08-28,Warhammer 40k,66
2023-08-29,Warhammer 40k,58
2023-08-30,Warhammer 40k,61
2023-08-31,Warhammer 40k,63
2023-09-01,Warhammer 40k,57
2023-09-02,Warhammer 40k,58
2023-09-03,Warhammer 40k,59
2023-09-04,Warhammer 40k,55
2023-09-05,Warhammer 40k,55
2023-09-06,Warhammer 40k,51
2023-09-07,Warhammer 40k,64
2023-09-08,Warhammer 40k,56
2023-09-09,Warhammer 40k,60
2023-09-10,Warhammer 40k,62
2023-09-11,Warhammer 40k,53
2023-09-12,Warhammer 40k,50
2023-09-13,Warhammer 40k,51
2023-09-14,Warhammer 40k,52
2023-09-15,Warhammer 40k,53
2023-09-16,Warhammer 40k,59
2023-09-17,Warhammer 40k,61
2023-09-18,Warhammer 40k,53
2023-09-19,Warhammer 40k,47
2023-09-20,Warhammer 40k,48
2023-09-21,Warhammer 40k,50
2023-09-22,Warhammer 40k,52
2023-09-23,Warhammer 40k,56
2023-09-24,Warhammer 40k,59
2023-09-25,Warhammer 40k,53
2023-09-26,Warhammer 40k,48
2023-09-27,Warhammer 40k,49
2023-09-28,Warhammer 40k,48
2023-09-29,Warhammer 40k,53
2023-09-30,Warhammer 40k,60
2023-10-01,Warhammer 40k,61
2023-10-02,Warhammer 40k,55
2023-10-03,Warhammer 40k,58
2023-10-04,Warhammer 40k,69
2023-10-05,Warhammer 40k,68
2023-10-06,Warhammer 40k,69
2023-10-07,Warhammer 40k,77
2023-10-08,Warhammer 40k,78
2023-10-09,Warhammer 40k,74
2023-10-10,Warhammer 40k,66
2023-10-11,Warhammer 40k,68
2023-10-12,Warhammer 40k,63
2023-10-13,Warhammer 40k,70
2023-10-14,Warhammer 40k,80
2023-10-15,Warhammer 40k,73
2023-10-16,Warhammer 40k,64
2023-10-17,Warhammer 40k,57
2023-10-18,Warhammer 40k,63
2023-10-19,Warhammer 40k,64
2023-10-20,Warhammer 40k,69
2023-10-21,Warhammer 40k,74
2023-10-22,Warhammer 40k,75
2023-10-23,Warhammer 40k,67
2023-10-24,Warhammer 40k,68
2023-10-25,Warhammer 40k,60
2023-10-26,Warhammer 40k,64
2023-10-27,Warhammer 40k,70
2023-10-28,Warhammer 40k,74
2023-10-29,Warhammer 40k,66
2023-10-30,Warhammer 40k,63
2023-10-31,Warhammer 40k,68
2023-11-01,Warhammer 40k,62
2023-11-02,Warhammer 40k,61
2023-11-03,Warhammer 40k,60
2023-11-04,Warhammer 40k,63
2023-11-05,Warhammer 40k,74
2023-11-06,Warhammer 40k,63
2023-11-07,Warhammer 40k,64
2023-11-08,Warhammer 40k,58
2023-11-09,Warhammer 40k,58
2023-11-10,Warhammer 40k,60
2023-11-11,Warhammer 40k,69
2023-11-12,Warhammer 40k,75
2023-11-13,Warhammer 40k,62
2023-11-14,Warhammer 40k,62
2023-11-15,Warhammer 40k,64
2023-11-16,Warhammer 40k,58
2023-11-17,Warhammer 40k,59
2023-11-18,Warhammer 40k,77
2023-11-19,Warhammer 40k,67
2023-11-20,Warhammer 40k,66
2023-11-21,Warhammer 40k,67
2023-11-22,Warhammer 40k,67
2023-11-23,Warhammer 40k,65
2023-11-24,Warhammer 40k,70
2023-11-25,Warhammer 40k,72
2023-11-26,Warhammer 40k,74
2023-11-27,Warhammer 40k,60
2023-11-28,Warhammer 40k,57
2023-11-29,Warhammer 40k,58
2023-11-30,Warhammer 40k,56
2023-12-01,Warhammer 40k,57
2023-12-02,Warhammer 40k,70
2023-12-03,Warhammer 40k,65
2023-12-04,Warhammer 40k,65
2023-12-05,Warhammer 40k,63
2023-12-06,Warhammer 40k,72
2023-12-07,Warhammer 40k,89
2023-12-08,Warhammer 40k,96
2023-12-09,Warhammer 40k,96
2023-12-10,Warhammer 40k,100
2023-12-11,Warhammer 40k,82
2023-12-12,Warhammer 40k,80
2023-12-13,Warhammer 40k,72
2023-12-14,Warhammer 40k,77
2023-12-15,Warhammer 40k,81
2023-12-16,Warhammer 40k,87
2023-12-17,Warhammer 40k,90
2023-12-18,Warhammer 40k,84
2023-12-19,Warhammer 40k,83
2023-12-20,Warhammer 40k,86
2023-12-21,Warhammer 40k,83
2023-12-22,Warhammer 40k,90
2023-12-23,Warhammer 40k,96
2023-12-24,Warhammer 40k,98
2023-12-25,Warhammer 40k,100
2023-12-26,Warhammer 40k,91
2023-12-27,Warhammer 40k,87
2023-12-28,Warhammer 40k,88
2023-12-29,Warhammer 40k,92
2023-12-30,Warhammer 40k,96
2023-12-31,Warhammer 40k,95
2024-01-01,Warhammer 40k,92
2024-01-02,Warhammer 40k,84
2024-01-03,Warhammer 40k,81
2024-01-04,Warhammer 40k,81
2024-01-05,Warhammer 40k,78
2024-01-06,Warhammer 40k,88
2024-01-07,Warhammer 40k,84
2024-01-08,Warhammer 40k,74
2024-01-09,Warhammer 40k,65
2024-01-10,Warhammer 40k,63
2024-01-11,Warhammer 40k,65
2024-01-12,Warhammer 40k,72
2024-01-13,Warhammer 40k,84
2024-01-14,Warhammer 40k,84
2024-01-15,Warhammer 40k,71
2024-01-16,Warhammer 40k,71
2024-01-17,Warhammer 40k,71
2024-01-18,Warhammer 40k,73
2024-01-19,Warhammer 40k,72
2024-01-20,Warhammer 40k,76
2024-01-21,Warhammer 40k,81
2024-01-22,Warhammer 40k,68
2024-01-23,Warhammer 40k,63
2024-01-24,Warhammer 40k,67
2024-01-25,Warhammer 40k,66
2024-01-26,Warhammer 40k,63
2024-01-27,Warhammer 40k,77
2024-01-28,Warhammer 40k,73
2024-01-29,Warhammer 40k,65
2024-01-30,Warhammer 40k,67
2024-01-31,Warhammer 40k,66
2024-02-01,Warhammer 40k,60
2024-02-02,Warhammer 40k,66
2024-02-03,Warhammer 40k,80
2024-02-04,Warhammer 40k,75
2024-02-05,Warhammer 40k,66
2024-02-06,Warhammer 40k,74
2024-02-07,Warhammer 40k,69
2024-02-08,Warhammer 40k,73
2024-02-09,Warhammer 40k,76
2024-02-10,Warhammer 40k,100
2024-02-11,Warhammer 40k,88
2024-02-12,Warhammer 40k,68
2024-02-13,Warhammer 40k,68
2024-02-14,Warhammer 40k,68
2024-02-15,Warhammer 40k,65
2024-02-16,Warhammer 40k,69
2024-02-17,Warhammer 40k,83
2024-02-18,Warhammer 40k,88
2024-02-19,Warhammer 40k,81
2024-02-20,Warhammer 40k,70
2024-02-21,Warhammer 40k,69
2024-02-22,Warhammer 40k,68
2024-02-23,Warhammer 40k,70
2024-02-24,Warhammer 40k,73
2024-02-25,Warhammer 40k,78
2024-02-26,Warhammer 40k,69
2024-02-27,Warhammer 40k,68
2024-02-28,Warhammer 40k,64
2024-02-29,Warhammer 40k,64
2024-03-01,Warhammer 40k,59
2024-03-02,Warhammer 40k,77
2024-03-03,Warhammer 40k,81
2024-03-04,Warhammer 40k,70
2024-03-05,Warhammer 40k,68
2024-03-06,Warhammer 40k,69
2024-03-07,Warhammer 40k,62
2024-03-08,Warhammer 40k,66
2024-03-09,Warhammer 40k,73
2024-03-10,Warhammer 40k,72
2024-03-11,Warhammer 40k,69
2024-03-12,Warhammer 40k,69
2024-03-13,Warhammer 40k,65
2024-03-14,Warhammer 40k,67
2024-03-15,Warhammer 40k,69
2024-03-16,Warhammer 40k,78
2024-03-17,Warhammer 40k,78
2024-03-18,Warhammer 40k,67
2024-03-19,Warhammer 40k,68
2024-03-20,Warhammer 40k,67
2024-03-21,Warhammer 40k,62
2024-03-22,Warhammer 40k,61
2024-03-23,Warhammer 40k,70
2024-03-24,Warhammer 40k,79
2024-03-25,Warhammer 40k,66
2024-03-26,Warhammer 40k,57
2024-03-27,Warhammer 40k,62
2024-03-28,Warhammer 40k,60
2024-03-29,Warhammer 40k,66
2024-03-30,Warhammer 40k,70
2024-03-31,Warhammer 40k,78
2024-04-01,Warhammer 40k,64
2024-04-02,Warhammer 40k,58
2024-04-03,Warhammer 40k,61
2024-04-04,Warhammer 40k,59
2024-04-05,Warhammer 40k,63
2024-04-06,Warhammer 40k,70
2024-04-07,Warhammer 40k,70
2024-04-08,Warhammer 40k,67
2024-04-09,Warhammer 40k,60
2024-04-10,Warhammer 40k,60
2024-04-11,Warhammer 40k,58
2024-04-12,Warhammer 40k,59
2024-04-13,Warhammer 40k,67
2024-04-14,Warhammer 40k,71
2024-04-15,Warhammer 40k,67
2024-04-16,Warhammer 40k,68
2024-04-17,Warhammer 40k,63
2024-04-18,Warhammer 40k,64
2024-04-19,Warhammer 40k,68
2024-04-20,Warhammer 40k,81
2024-04-21,Warhammer 40k,81
2024-04-22,Warhammer 40k,71
2024-04-23,Warhammer 40k,59
2024-04-24,Warhammer 40k,64
2024-04-25,Warhammer 40k,65
2024-04-26,Warhammer 40k,64
2024-04-27,Warhammer 40k,71
2024-04-28,Warhammer 40k,77
2024-04-29,Warhammer 40k,63
2024-04-30,Warhammer 40k,63
2024-05-01,Warhammer 40k,66
2024-05-02,Warhammer 40k,61
2024-05-03,Warhammer 40k,60
2024-05-04,Warhammer 40k,66
2024-05-05,Warhammer 40k,67
2024-05-06,Warhammer 40k,59
2024-05-07,Warhammer 40k,57
2024-05-08,Warhammer 40k,54
2024-05-09,Warhammer 40k,57
2024-05-10,Warhammer 40k,56
2024-05-11,Warhammer 40k,63
2024-05-12,Warhammer 40k,63
2024-05-13,Warhammer 40k,58
2024-05-14,Warhammer 40k,54
2024-05-15,Warhammer 40k,54
2024-05-16,Warhammer 40k,48
2024-05-17,Warhammer 40k,58
2024-05-18,Warhammer 40k,64
2024-05-19,Warhammer 40k,61
2024-05-20,Warhammer 40k,56
2024-05-21,Warhammer 40k,56
2024-05-22,Warhammer 40k,51
2024-05-23,Warhammer 40k,68
2024-05-24,Warhammer 40k,82
2024-05-25,Warhammer 40k,88
2024-05-26,Warhammer 40k,89
2024-05-27,Warhammer 40k,71
2024-05-28,Warhammer 40k,72
2024-05-29,Warhammer 40k,71
2024-05-30,Warhammer 40k,70
2024-05-31,Warhammer 40k,68
2024-06-01,Warhammer 40k,71
2024-06-02,Warhammer 40k,76
2024-06-03,Warhammer 40k,67
2024-06-04,Warhammer 40k,59
2024-06-05,Warhammer 40k,62
2024-06-06,Warhammer 40k,61
2024-06-07,Warhammer 40k,63
2024-06-08,Warhammer 40k,77
2024-06-09,Warhammer 40k,71
2024-06-10,Warhammer 40k,58
2024-06-11,Warhammer 40k,56
2024-06-12,Warhammer 40k,58
2024-06-13,Warhammer 40k,58
2024-06-14,Warhammer 40k,62
2024-06-15,Warhammer 40k,63
2024-06-16,Warhammer 40k,74
2024-06-17,Warhammer 40k,63
2024-06-18,Warhammer 40k,57
2024-06-19,Warhammer 40k,61
2024-06-20,Warhammer 40k,66
2024-06-21,Warhammer 40k,64
2024-06-22,Warhammer 40k,70
2024-06-23,Warhammer 40k,74
2024-06-24,Warhammer 40k,60
2024-06-25,Warhammer 40k,56
2024-06-26,Warhammer 40k,59
2024-06-27,Warhammer 40k,59
2024-06-28,Warhammer 40k,64
2024-06-29,Warhammer 40k,66
2024-06-30,Warhammer 40k,66
2024-07-01,Warhammer 40k,57
2024-07-02,Warhammer 40k,57
2024-07-03,Warhammer 40k,49
2024-07-04,Warhammer 40k,52
2024-07-05,Warhammer 40k,50
2024-07-06,Warhammer 40k,58
2024-07-07,Warhammer 40k,65
2024-07-08,Warhammer 40k,58
2024-07-09,Warhammer 40k,52
2024-07-10,Warhammer 40k,53
2024-07-11,Warhammer 40k,50
2024-07-12,Warhammer 40k,55
2024-07-13,Warhammer 40k,58
2024-07-14,Warhammer 40k,57
2024-07-15,Warhammer 40k,52
2024-07-16,Warhammer 40k,50
2024-07-17,Warhammer 40k,50
2024-07-18,Warhammer 40k,50
2024-07-19,Warhammer 40k,50
2024-07-20,Warhammer 40k,57
2024-07-21,Warhammer 40k,61
2024-07-22,Warhammer 40k,58
2024-07-23,Warhammer 40k,59
2024-07-24,Warhammer 40k,53
2024-07-25,Warhammer 40k,53
2024-07-26,Warhammer 40k,51
2024-07-27,Warhammer 40k,55
2024-07-28,Warhammer 40k,57
2024-07-29,Warhammer 40k,49
2024-07-30,Warhammer 40k,48
2024-07-31,Warhammer 40k,51
2024-08-01,Warhammer 40k,52
2024-08-02,Warhammer 40k,58
2024-08-03,Warhammer 40k,57
2024-08-04,Warhammer 40k,63
2024-08-05,Warhammer 40k,54
2024-08-06,Warhammer 40k,16
2024-08-07,Warhammer 40k,17
2024-08-08,Warhammer 40k,20
2024-08-09,Warhammer 40k,21
2024-08-10,Warhammer 40k,24
2024-08-11,Warhammer 40k,23
2024-08-12,Warhammer 40k,22
2024-08-13,Warhammer 40k,22
2024-08-14,Warhammer 40k,21
2024-08-15,Warhammer 40k,21
2024-08-16,Warhammer 40k,21
2024-08-17,Warhammer 40k,24
2024-08-18,Warhammer 40k,23
2024-08-19,Warhammer 40k,22
2024-08-20,Warhammer 40k,21
2024-08-21,Warhammer 40k,21
2024-08-22,Warhammer 40k,20
2024-08-23,Warhammer 40k,20
2024-08-24,Warhammer 40k,24
2024-08-25,Warhammer 40k,25
2024-08-26,Warhammer 40k,22
2024-08-27,Warhammer 40k,22
2024-08-28,Warhammer 40k,22
2024-08-29,Warhammer 40k,23
2024-08-30,Warhammer 40k,23
2024-08-31,Warhammer 40k,28
2024-09-01,Warhammer 40k,27
2024-09-02,Warhammer 40k,27
2024-09-03,Warhammer 40k,28
2024-09-04,Warhammer 40k,44
2024-09-05,Warhammer 40k,66
2024-09-06,Warhammer 40k,75
2024-09-07,Warhammer 40k,85
2024-09-08,Warhammer 40k,89
2024-09-09,Warhammer 40k,100
2024-09-10,Warhammer 40k,89
2024-09-11,Warhammer 40k,77
2024-09-12,Warhammer 40k,73
2024-09-13,Warhammer 40k,76
2024-09-14,Warhammer 40k,80
2024-09-15,Warhammer 40k,78
2024-09-16,Warhammer 40k,67
2024-09-17,Warhammer 40k,61
2024-09-18,Warhammer 40k,62
2024-09-19,Warhammer 40k,54
2024-09-20,Warhammer 40k,58
2024-09-21,Warhammer 40k,69
2024-09-22,Warhammer 40k,65
2024-09-23,Warhammer 40k,54
2024-09-24,Warhammer 40k,52
2024-09-25,Warhammer 40k,49
2024-09-26,Warhammer 40k,49
2024-09-27,Warhammer 40k,50
2024-09-28,Warhammer 40k,57
2024-09-29,Warhammer 40k,53
2024-09-30,Warhammer 40k,50
2024-10-01,Warhammer 40k,45
2024-10-02,Warhammer 40k,43
2024-10-03,Warhammer 40k,43
2024-10-04,Warhammer 40k,46
2024-10-05,Warhammer 40k,51
2024-10-06,Warhammer 40k,53
2024-10-07,Warhammer 40k,43
2024-10-08,Warhammer 40k,42
2024-10-09,Warhammer 40k,40
2024-10-10,Warhammer 40k,38
2024-10-11,Warhammer 40k,42
2024-10-12,Warhammer 40k,46
2024-10-13,Warhammer 40k,55
2024-10-14,Warhammer 40k,44
2024-10-15,Warhammer 40k,38
2024-10-16,Warhammer 40k,38
2024-10-17,Warhammer 40k,37
2024-10-18,Warhammer 40k,37
2024-10-19,Warhammer 40k,42
2024-10-20,Warhammer 40k,41
2024-10-21,Warhammer 40k,34
2024-10-22,Warhammer 40k,31
2024-10-23,Warhammer 40k,31
2024-10-24,Warhammer 40k,31
2024-10-25,Warhammer 40k,32
2024-10-26,Warhammer 40k,33
2024-10-27,Warhammer 40k,34
2024-10-28,Warhammer 40k,29
2024-10-29,Warhammer 40k,29
2024-10-30,Warhammer 40k,26
2024-10-31,Warhammer 40k,27
2024-11-01,Warhammer 40k,29
2024-11-02,Warhammer 40k,29
2024-11-03,Warhammer 40k,31
2024-11-04,Warhammer 40k,26
2024-11-05,Warhammer 40k,25
2024-11-06,Warhammer 40k,21
2024-11-07,Warhammer 40k,24
2024-11-08,Warhammer 40k,25
2024-11-09,Warhammer 40k,28
2024-11-10,Warhammer 40k,30
2024-11-11,Warhammer 40k,26
2024-11-12,Warhammer 40k,24
2024-11-13,Warhammer 40k,24
2024-11-14,Warhammer 40k,24
2024-11-15,Warhammer 40k,25
2024-11-16,Warhammer 40k,27
2024-11-17,Warhammer 40k,30
2024-11-18,Warhammer 40k,25
2024-11-19,Warhammer 40k,23
2024-11-20,Warhammer 40k,24
2024-11-21,Warhammer 40k,23
2024-11-22,Warhammer 40k,25
2024-11-23,Warhammer 40k,29
2024-11-24,Warhammer 40k,29
2024-11-25,Warhammer 40k,24
2024-11-26,Warhammer 40k,23
2024-11-27,Warhammer 40k,24
2024-11-28,Warhammer 40k,24
2024-11-29,Warhammer 40k,28
2024-11-30,Warhammer 40k,30
2024-12-01,Warhammer 40k,29
2024-12-02,Warhammer 40k,25
2024-12-03,Warhammer 40k,25
2024-12-04,Warhammer 40k,24
2024-12-05,Warhammer 40k,24
2024-12-06,Warhammer 40k,23
2024-12-07,Warhammer 40k,27
2024-12-08,Warhammer 40k,27
2024-12-09,Warhammer 40k,21
2024-12-10,Warhammer 40k,36
2024-12-11,Warhammer 40k,40
2024-12-12,Warhammer 40k,37
2024-12-13,Warhammer 40k,37
2024-12-14,Warhammer 40k,45
2024-12-15,Warhammer 40k,44
2024-12-16,Warhammer 40k,39
2024-12-17,Warhammer 40k,35
2024-12-18,Warhammer 40k,34
2024-12-19,Warhammer 40k,37
2024-12-20,Warhammer 40k,34
2024-12-21,Warhammer 40k,38
2024-12-22,Warhammer 40k,40
2024-12-23,Warhammer 40k,35
2024-12-24,Warhammer 40k,37
2024-12-25,Warhammer 40k,44
2024-12-26,Warhammer 40k,38
2024-12-27,Warhammer 40k,36
2024-12-28,Warhammer 40k,39
2024-12-29,Warhammer 40k,43
2024-12-30,Warhammer 40k,36
2024-12-31,Warhammer 40k,36
2025-01-01,Warhammer 40k,38
2025-01-02,Warhammer 40k,33
2025-01-03,Warhammer 40k,35
2025-01-04,Warhammer 40k,34
2025-01-05,Warhammer 40k,36
2025-01-06,Warhammer 40k,30
2025-01-07,Warhammer 40k,30
2025-01-08,Warhammer 40k,28
2025-01-09,Warhammer 40k,29
2025-01-10,Warhammer 40k,28
2025-01-11,Warhammer 40k,33
2025-01-12,Warhammer 40k,31
2025-01-13,Warhammer 40k,27
2025-01-14,Warhammer 40k,26
2025-01-15,Warhammer 40k,25
2025-01-16,Warhammer 40k,24
2025-01-17,Warhammer 40k,28
2025-01-18,Warhammer 40k,30
2025-01-19,Warhammer 40k,30
2025-01-20,Warhammer 40k,25
2025-01-21,Warhammer 40k,24
2025-01-22,Warhammer 40k,23
2025-01-23,Warhammer 40k,22
2025-01-24,Warhammer 40k,25
2025-01-25,Warhammer 40k,29
2025-01-26,Warhammer 40k,28
2025-01-27,Warhammer 40k,26
2025-01-28,Warhammer 40k,24
2025-01-29,Warhammer 40k,24
2025-01-30,Warhammer 40k,25
2025-01-31,Warhammer 40k,25
2025-02-01,Warhammer 40k,28
2025-02-02,Warhammer 40k,93
2025-02-03,Warhammer 40k,73
2025-02-04,Warhammer 40k,75
2025-02-05,Warhammer 40k,71
2025-02-06,Warhammer 40k,74
2025-02-07,Warhammer 40k,80
2025-02-08,Warhammer 40k,85
2025-02-09,Warhammer 40k,88
2025-02-10,Warhammer 40k,72
2025-02-11,Warhammer 40k,68
2025-02-12,Warhammer 40k,61
2025-02-13,Warhammer 40k,60
2025-02-14,Warhammer 40k,67
2025-02-15,Warhammer 40k,79
2025-02-16,Warhammer 40k,81
2025-02-17,Warhammer 40k,69
2025-02-18,Warhammer 40k,72
2025-02-19,Warhammer 40k,61
2025-02-20,Warhammer 40k,73
2025-02-21,Warhammer 40k,76
2025-02-22,Warhammer 40k,82
2025-02-23,Warhammer 40k,86
2025-02-24,Warhammer 40k,77
2025-02-25,Warhammer 40k,69
2025-02-26,Warhammer 40k,64
2025-02-27,Warhammer 40k,64
2025-02-28,Warhammer 40k,68
2025-03-01,Warhammer 40k,76
2025-03-02,Warhammer 40k,80
2025-03-03,Warhammer 40k,65
2025-03-04,Warhammer 40k,60
2025-03-05,Warhammer 40k,61
2025-03-06,Warhammer 40k,62
2025-03-07,Warhammer 40k,62
2025-03-08,Warhammer 40k,74
2025-03-09,Warhammer 40k,71
2025-03-10,Warhammer 40k,62
2025-03-11,Warhammer 40k,62
2025-03-12,Warhammer 40k,70
2025-03-13,Warhammer 40k,62
2025-03-14,Warhammer 40k,80
2025-03-15,Warhammer 40k,75
2025-03-16,Warhammer 40k,78
2025-03-17,Warhammer 40k,64
2025-03-18,Warhammer 40k,61
2025-03-19,Warhammer 40k,61
2025-03-20,Warhammer 40k,57
2025-03-21,Warhammer 40k,61
2025-03-22,Warhammer 40k,71
2025-03-23,Warhammer 40k,72
2025-03-24,Warhammer 40k,62
2025-03-25,Warhammer 40k,60
2025-03-26,Warhammer 40k,57
2025-03-27,Warhammer 40k,72
2025-03-28,Warhammer 40k,63
2025-03-29,Warhammer 40k,68
2025-03-30,Warhammer 40k,70
2025-03-31,Warhammer 40k,63
2025-04-01,Warhammer 40k,59
2025-04-02,Warhammer 40k,61
2025-04-03,Warhammer 40k,58
2025-04-04,Warhammer 40k,58
2025-04-05,Warhammer 40k,60
2025-04-06,Warhammer 40k,71
2025-04-07,Warhammer 40k,59
2025-04-08,Warhammer 40k,58
2025-04-09,Warhammer 40k,58
2025-04-10,Warhammer 40k,57
2025-04-11,Warhammer 40k,60
2025-04-12,Warhammer 40k,70
2025-04-13,Warhammer 40k,67
2025-04-14,Warhammer 40k,59
2025-04-15,Warhammer 40k,63
2025-04-16,Warhammer 40k,64
2025-04-17,Warhammer 40k,64
2025-04-18,Warhammer 40k,68
2025-04-19,Warhammer 40k,68
2025-04-20,Warhammer 40k,74
2025-04-21,Warhammer 40k,64
2025-04-22,Warhammer 40k,60
2025-04-23,Warhammer 40k,60
2025-04-24,Warhammer 40k,59
2025-04-25,Warhammer 40k,57
2025-04-26,Warhammer 40k,67
2025-04-27,Warhammer 40k,69
2025-04-28,Warhammer 40k,59
2025-04-29,Warhammer 40k,58
2025-04-30,Warhammer 40k,58
2025-05-01,Warhammer 40k,63
2025-05-02,Warhammer 40k,62
2025-05-03,Warhammer 40k,62
2025-05-04,Warhammer 40k,66
2025-05-05,Warhammer 40k,61
2025-05-06,Warhammer 40k,56
2025-05-07,Warhammer 40k,57
2025-05-08,Warhammer 40k,55
2025-05-09,Warhammer 40k,60
2025-05-10,Warhammer 40k,68
2025-05-11,Warhammer 40k,71
2025-05-12,Warhammer 40k,63
2025-05-13,Warhammer 40k,61
2025-05-14,Warhammer 40k,58
2025-05-15,Warhammer 40k,57
2025-05-16,Warhammer 40k,59
2025-05-17,Warhammer 40k,67
2025-05-18,Warhammer 40k,63
2025-05-19,Warhammer 40k,58
2025-05-20,Warhammer 40k,60
2025-05-21,Warhammer 40k,56
2025-05-22,Warhammer 40k,95
2025-05-23,Warhammer 40k,99
2025-05-24,Warhammer 40k,93
2025-05-25,Warhammer 40k,96
2025-05-26,Warhammer 40k,81
2025-05-27,Warhammer 40k,75
2025-05-28,Warhammer 40k,75
2025-05-29,Warhammer 40k,72
2025-05-30,Warhammer 40k,71
2025-05-31,Warhammer 40k,80
2025-06-01,Warhammer 40k,82
2025-06-02,Warhammer 40k,73
2025-06-03,Warhammer 40k,68
2025-06-04,Warhammer 40k,76
2025-06-05,Warhammer 40k,72
2025-06-06,Warhammer 40k,68
2025-06-07,Warhammer 40k,78
2025-06-08,Warhammer 40k,80
2025-06-09,Warhammer 40k,74
2025-06-10,Warhammer 40k,71
2025-06-11,Warhammer 40k,73
2025-06-12,Warhammer 40k,72
2025-06-13,Warhammer 40k,75
2025-06-14,Warhammer 40k,76
2025-06-15,Warhammer 40k,84
2025-06-16,Warhammer 40k,63
2025-06-17,Warhammer 40k,61
2025-06-18,Warhammer 40k,62
2025-06-19,Warhammer 40k,61
2025-06-20,Warhammer 40k,62
2025-06-21,Warhammer 40k,72
2025-06-22,Warhammer 40k,72
2025-06-23,Warhammer 40k,65
2025-06-24,Warhammer 40k,65
2025-06-25,Warhammer 40k,67
2025-06-26,Warhammer 40k,73
2025-06-27,Warhammer 40k,73
2025-06-28,Warhammer 40k,88
2025-06-29,Warhammer 40k,83
2025-06-30,Warhammer 40k,100
2025-07-01,Warhammer 40k,72
2025-07-02,Warhammer 40k,73
2025-07-03,Warhammer 40k,78
2025-07-04,Warhammer 40k,70
2025-07-05,Warhammer 40k,79
2025-07-06,Warhammer 40k,84
2025-07-07,Warhammer 40k,70
2025-07-08,Warhammer 40k,71
2025-07-09,Warhammer 40k,67
2025-07-10,Warhammer 40k,72
2025-07-11,Warhammer 40k,68
2025-07-12,Warhammer 40k,80
2025-07-13,Warhammer 40k,80
2025-07-14,Warhammer 40k,75
2025-07-15,Warhammer 40k,66
2025-07-16,Warhammer 40k,64
2025-07-17,Warhammer 40k,69
2025-07-18,Warhammer 40k,73
2025-07-19,Warhammer 40k,87
2025-07-20,Warhammer 40k,82
2025-07-21,Warhammer 40k,75
2025-07-22,Warhammer 40k,64
2025-07-23,Warhammer 40k,70
2025-07-24,Warhammer 40k,68
2025-07-25,Warhammer 40k,76
2025-07-26,Warhammer 40k,79
2025-07-27,Warhammer 40k,88
2025-07-28,Warhammer 40k,71
2025-07-29,Warhammer 40k,77
2025-07-30,Warhammer 40k,77
2025-07-31,Warhammer 40k,76
2025-08-01,Warhammer 40k,30
2025-08-02,Warhammer 40k,35
2025-08-03,Warhammer 40k,37
2025-08-04,Warhammer 40k,31
2025-08-05,Warhammer 40k,30
2025-08-06,Warhammer 40k,31
2025-08-07,Warhammer 40k,31
2025-08-08,Warhammer 40k,31
2025-08-09,Warhammer 40k,39
2025-08-10,Warhammer 40k,38
2025-08-11,Warhammer 40k,32
2025-08-12,Warhammer 40k,32
2025-08-13,Warhammer 40k,31
2025-08-14,Warhammer 40k,36
2025-08-15,Warhammer 40k,40
2025-08-16,Warhammer 40k,40
2025-08-17,Warhammer 40k,40
2025-08-18,Warhammer 40k,36
2025-08-19,Warhammer 40k,36
2025-08-20,Warhammer 40k,36
2025-08-21,Warhammer 40k,32
2025-08-22,Warhammer 40k,32
2025-08-23,Warhammer 40k,37
2025-08-24,Warhammer 40k,39
2025-08-25,Warhammer 40k,33
2025-08-26,Warhammer 40k,32
2025-08-27,Warhammer 40k,31
2025-08-28,Warhammer 40k,29
2025-08-29,Warhammer 40k,33
2025-08-30,Warhammer 40k,35
2025-08-31,Warhammer 40k,35
2025-09-01,Warhammer 40k,33
2025-09-02,Warhammer 40k,31
2025-09-03,Warhammer 40k,30
2025-09-04,Warhammer 40k,31
2025-09-05,Warhammer 40k,33
2025-09-06,Warhammer 40k,36
2025-09-07,Warhammer 40k,39
2025-09-08,Warhammer 40k,33
2025-09-09,Warhammer 40k,32
2025-09-10,Warhammer 40k,31
2025-09-11,Warhammer 40k,29
2025-09-12,Warhammer 40k,32
2025-09-13,Warhammer 40k,32
2025-09-14,Warhammer 40k,35
2025-09-15,Warhammer 40k,30
2025-09-16,Warhammer 40k,28
2025-09-17,Warhammer 40k,29
2025-09-18,Warhammer 40k,28
2025-09-19,Warhammer 40k,29
2025-09-20,Warhammer 40k,35
2025-09-21,Warhammer 40k,33
2025-09-22,Warhammer 40k,31
2025-09-23,Warhammer 40k,30
2025-09-24,Warhammer 40k,30
2025-09-25,Warhammer 40k,29
2025-09-26,Warhammer 40k,28
2025-09-27,Warhammer 40k,35
2025-09-28,Warhammer 40k,35
2025-09-29,Warhammer 40k,29
2025-09-30,Warhammer 40k,29
2025-10-01,Warhammer 40k,28
2025-10-02,Warhammer 40k,30
2025-10-03,Warhammer 40k,31
2025-10-04,Warhammer 40k,32
2025-10-05,Warhammer 40k,34
2025-10-06,Warhammer 40k,31
2025-10-07,Warhammer 40k,30
2025-10-08,Warhammer 40k,28
2025-10-09,Warhammer 40k,30
2025-10-10,Warhammer 40k,30
2025-10-11,Warhammer 40k,32
2025-10-12,Warhammer 40k,32
2025-10-13,Warhammer 40k,28
2025-10-14,Warhammer 40k,28
2025-10-15,Warhammer 40k,25
2025-10-16,Warhammer 40k,29
2025-10-17,Warhammer 40k,30
2025-10-18,Warhammer 40k,34
2025-10-19,Warhammer 40k,34
2025-10-20,Warhammer 40k,31
2025-10-21,Warhammer 40k,29
2025-10-22,Warhammer 40k,28
2025-10-23,Warhammer 40k,30
2025-10-24,Warhammer 40k,31
2025-10-25,Warhammer 40k,34
2025-10-26,Warhammer 40k,32
2025-10-27,Warhammer 40k,28
2025-10-28,Warhammer 40k,28
2025-10-29,Warhammer 40k,27
2025-10-30,Warhammer 40k,26
2025-10-31,Warhammer 40k,28
2025-11-01,Warhammer 40k,32
2025-11-02,Warhammer 40k,35
2025-11-03,Warhammer 40k,27
2025-11-04,Warhammer 40k,26
2025-11-05,Warhammer 40k,26
2025-11-06,Warhammer 40k,25
2025-11-07,Warhammer 40k,28
2025-11-08,Warhammer 40k,41
2025-11-09,Warhammer 40k,36
2025-11-10,Warhammer 40k,32
2025-11-11,Warhammer 40k,33
2025-11-12,Warhammer 40k,30
2025-11-13,Warhammer 40k,28
2025-11-14,Warhammer 40k,30
2025-11-15,Warhammer 40k,33
2025-11-16,Warhammer 40k,31
2025-11-17,Warhammer 40k,28
2025-11-18,Warhammer 40k,29
2025-11-19,Warhammer 40k,26
2025-11-20,Warhammer 40k,26
2025-11-21,Warhammer 40k,27
2025-11-22,Warhammer 40k,29
2025-11-23,Warhammer 40k,30
2025-11-24,Warhammer 40k,26
2025-11-25,Warhammer 40k,32
2025-11-26,Warhammer 40k,31
2025-11-27,Warhammer 40k,30
2025-11-28,Warhammer 40k,32
2025-11-29,Warhammer 40k,36
2025-11-30,Warhammer 40k,35
2025-12-01,Warhammer 40k,32
2025-12-02,Warhammer 40k,30
2025-12-03,Warhammer 40k,32
2025-12-04,Warhammer 40k,33
2025-12-05,Warhammer 40k,35
2025-12-06,Warhammer 40k,36
2025-12-07,Warhammer 40k,40
2025-12-08,Warhammer 40k,33
2025-12-09,Warhammer 40k,32
2025-12-10,Warhammer 40k,31
2025-12-11,Warhammer 40k,31
2025-12-12,Warhammer 40k,100
2025-12-13,Warhammer 40k,59
2025-12-14,Warhammer 40k,52
2025-12-15,Warhammer 40k,44
2025-12-16,Warhammer 40k,42
2025-12-17,Warhammer 40k,40
2025-12-18,Warhammer 40k,41
2025-12-19,Warhammer 40k,38
2025-12-20,Warhammer 40k,45
2025-12-21,Warhammer 40k,42
2025-12-22,Warhammer 40k,40
2025-12-23,Warhammer 40k,38
2025-12-24,Warhammer 40k,37
2025-12-25,Warhammer 40k,44
2025-12-26,Warhammer 40k,46
2025-12-27,Warhammer 40k,48
2025-12-28,Warhammer 40k,47
2025-12-29,Warhammer 40k,45
2025-12-30,Warhammer 40k,44
2025-12-31,Warhammer 40k,41
2026-01-01,Warhammer 40k,45
2026-01-02,Warhammer 40k,46
2026-01-03,Warhammer 40k,44
2026-01-04,Warhammer 40k,45
2026-01-05,Warhammer 40k,41
2026-01-06,Warhammer 40k,40
2026-01-07,Warhammer 40k,39
2026-01-08,Warhammer 40k,39
2026-01-09,Warhammer 40k,41
2026-01-10,Warhammer 40k,43
2026-01-11,Warhammer 40k,45
2026-01-12,Warhammer 40k,43
2026-01-13,Warhammer 40k,38
2026-01-14,Warhammer 40k,37
2026-01-15,Warhammer 40k,39
2026-01-16,Warhammer 40k,41
2026-01-17,Warhammer 40k,47
2026-01-18,Warhammer 40k,47
2026-01-19,Warhammer 40k,39
2026-01-20,Warhammer 40k,36
2026-01-21,Warhammer 40k,37
2026-01-22,Warhammer 40k,37
2026-01-23,Warhammer 40k,34
2026-01-24,Warhammer 40k,40
2026-01-25,Warhammer 40k,41
2026-01-26,Warhammer 40k,37
2026-01-27,Warhammer 40k,35
2026-01-28,Warhammer 40k,34
2026-02-22,Warhammer 40k,61
2021-02-23,Warhammer Age of Sigmar,3
2021-02-24,Warhammer Age of Sigmar,3
2021-02-25,Warhammer Age of Sigmar,4
2021-02-26,Warhammer Age of Sigmar,2
2021-02-27,Warhammer Age of Sigmar,5
2021-02-28,Warhammer Age of Sigmar,5
2021-03-01,Warhammer Age of Sigmar,3
2021-03-02,Warhammer Age of Sigmar,2
2021-03-03,Warhammer Age of Sigmar,3
2021-03-04,Warhammer Age of Sigmar,4
2021-03-05,Warhammer Age of Sigmar,3
2021-03-06,Warhammer Age of Sigmar,3
2021-03-07,Warhammer Age of Sigmar,3
2021-03-08,Warhammer Age of Sigmar,4
2021-03-09,Warhammer Age of Sigmar,3
2021-03-10,Warhammer Age of Sigmar,4
2021-03-11,Warhammer Age of Sigmar,5
2021-03-12,Warhammer Age of Sigmar,4
2021-03-13,Warhammer Age of Sigmar,6
2021-03-14,Warhammer Age of Sigmar,6
2021-03-15,Warhammer Age of Sigmar,3
2021-03-16,Warhammer Age of Sigmar,3
2021-03-17,Warhammer Age of Sigmar,3
2021-03-18,Warhammer Age of Sigmar,5
2021-03-19,Warhammer Age of Sigmar,5
2021-03-20,Warhammer Age of Sigmar,6
2021-03-21,Warhammer Age of Sigmar,5
2021-03-22,Warhammer Age of Sigmar,6
2021-03-23,Warhammer Age of Sigmar,3
2021-03-24,Warhammer Age of Sigmar,5
2021-03-25,Warhammer Age of Sigmar,5
2021-03-26,Warhammer Age of Sigmar,5
2021-03-27,Warhammer Age of Sigmar,6
2021-03-28,Warhammer Age of Sigmar,6
2021-03-29,Warhammer Age of Sigmar,4
2021-03-30,Warhammer Age of Sigmar,3
2021-03-31,Warhammer Age of Sigmar,3
2021-04-01,Warhammer Age of Sigmar,4
2021-04-02,Warhammer Age of Sigmar,5
2021-04-03,Warhammer Age of Sigmar,5
2021-04-04,Warhammer Age of Sigmar,5
2021-04-05,Warhammer Age of Sigmar,5
2021-04-06,Warhammer Age of Sigmar,3
2021-04-07,Warhammer Age of Sigmar,5
2021-04-08,Warhammer Age of Sigmar,5
2021-04-09,Warhammer Age of Sigmar,3
2021-04-10,Warhammer Age of Sigmar,3
2021-04-11,Warhammer Age of Sigmar,4
2021-04-12,Warhammer Age of Sigmar,5
2021-04-13,Warhammer Age of Sigmar,6
2021-04-14,Warhammer Age of Sigmar,4
2021-04-15,Warhammer Age of Sigmar,4
2021-04-16,Warhammer Age of Sigmar,3
2021-04-17,Warhammer Age of Sigmar,5
2021-04-18,Warhammer Age of Sigmar,4
2021-04-19,Warhammer Age of Sigmar,4
2021-04-20,Warhammer Age of Sigmar,5
2021-04-21,Warhammer Age of Sigmar,3
2021-04-22,Warhammer Age of Sigmar,3
2021-04-23,Warhammer Age of Sigmar,5
2021-04-24,Warhammer Age of Sigmar,4
2021-04-25,Warhammer Age of Sigmar,4
2021-04-26,Warhammer Age of Sigmar,3
2021-04-27,Warhammer Age of Sigmar,4
2021-04-28,Warhammer Age of Sigmar,3
2021-04-29,Warhammer Age of Sigmar,5
2021-04-30,Warhammer Age of Sigmar,4
2021-05-01,Warhammer Age of Sigmar,5
2021-05-02,Warhammer Age of Sigmar,4
2021-05-03,Warhammer Age of Sigmar,7
2021-05-04,Warhammer Age of Sigmar,6
2021-05-05,Warhammer Age of Sigmar,5
2021-05-06,Warhammer Age of Sigmar,5
2021-05-07,Warhammer Age of Sigmar,7
2021-05-08,Warhammer Age of Sigmar,7
2021-05-09,Warhammer Age of Sigmar,8
2021-05-10,Warhammer Age of Sigmar,7
2021-05-11,Warhammer Age of Sigmar,6
2021-05-12,Warhammer Age of Sigmar,6
2021-05-13,Warhammer Age of Sigmar,7
2021-05-14,Warhammer Age of Sigmar,5
2021-05-15,Warhammer Age of Sigmar,9
2021-05-16,Warhammer Age of Sigmar,7
2021-05-17,Warhammer Age of Sigmar,6
2021-05-18,Warhammer Age of Sigmar,6
2021-05-19,Warhammer Age of Sigmar,4
2021-05-20,Warhammer Age of Sigmar,6
2021-05-21,Warhammer Age of Sigmar,7
2021-05-22,Warhammer Age of Sigmar,7
2021-05-23,Warhammer Age of Sigmar,10
2021-05-24,Warhammer Age of Sigmar,7
2021-05-25,Warhammer Age of Sigmar,8
2021-05-26,Warhammer Age of Sigmar,9
2021-05-27,Warhammer Age of Sigmar,22
2021-05-28,Warhammer Age of Sigmar,13
2021-05-29,Warhammer Age of Sigmar,18
2021-05-30,Warhammer Age of Sigmar,17
2021-05-31,Warhammer Age of Sigmar,10
2021-06-01,Warhammer Age of Sigmar,12
2021-06-02,Warhammer Age of Sigmar,7
2021-06-03,Warhammer Age of Sigmar,8
2021-06-04,Warhammer Age of Sigmar,7
2021-06-05,Warhammer Age of Sigmar,8
2021-06-06,Warhammer Age of Sigmar,8
2021-06-07,Warhammer Age of Sigmar,8
2021-06-08,Warhammer Age of Sigmar,8
2021-06-09,Warhammer Age of Sigmar,4
2021-06-10,Warhammer Age of Sigmar,6
2021-06-11,Warhammer Age of Sigmar,7
2021-06-12,Warhammer Age of Sigmar,8
2021-06-13,Warhammer Age of Sigmar,4
2021-06-14,Warhammer Age of Sigmar,7
2021-06-15,Warhammer Age of Sigmar,5
2021-06-16,Warhammer Age of Sigmar,8
2021-06-17,Warhammer Age of Sigmar,7
2021-06-18,Warhammer Age of Sigmar,6
2021-06-19,Warhammer Age of Sigmar,11
2021-06-20,Warhammer Age of Sigmar,7
2021-06-21,Warhammer Age of Sigmar,6
2021-06-22,Warhammer Age of Sigmar,5
2021-06-23,Warhammer Age of Sigmar,4
2021-06-24,Warhammer Age of Sigmar,6
2021-06-25,Warhammer Age of Sigmar,5
2021-06-26,Warhammer Age of Sigmar,6
2021-06-27,Warhammer Age of Sigmar,6
2021-06-28,Warhammer Age of Sigmar,7
2021-06-29,Warhammer Age of Sigmar,6
2021-06-30,Warhammer Age of Sigmar,6
2021-07-01,Warhammer Age of Sigmar,5
2021-07-02,Warhammer Age of Sigmar,5
2021-07-03,Warhammer Age of Sigmar,7
2021-07-04,Warhammer Age of Sigmar,8
2021-07-05,Warhammer Age of Sigmar,4
2021-07-06,Warhammer Age of Sigmar,4
2021-07-07,Warhammer Age of Sigmar,7
2021-07-08,Warhammer Age of Sigmar,6
2021-07-09,Warhammer Age of Sigmar,5
2021-07-10,Warhammer Age of Sigmar,7
2021-07-11,Warhammer Age of Sigmar,4
2021-07-12,Warhammer Age of Sigmar,6
2021-07-13,Warhammer Age of Sigmar,5
2021-07-14,Warhammer Age of Sigmar,6
2021-07-15,Warhammer Age of Sigmar,7
2021-07-16,Warhammer Age of Sigmar,4
2021-07-17,Warhammer Age of Sigmar,4
2021-07-18,Warhammer Age of Sigmar,5
2021-07-19,Warhammer Age of Sigmar,7
2021-07-20,Warhammer Age of Sigmar,4
2021-07-21,Warhammer Age of Sigmar,6
2021-07-22,Warhammer Age of Sigmar,3
2021-07-23,Warhammer Age of Sigmar,5
2021-07-24,Warhammer Age of Sigmar,9
2021-07-25,Warhammer Age of Sigmar,6
2021-07-26,Warhammer Age of Sigmar,5
2021-07-27,Warhammer Age of Sigmar,6
2021-07-28,Warhammer Age of Sigmar,4
2021-07-29,Warhammer Age of Sigmar,4
2021-07-30,Warhammer Age of Sigmar,5
2021-07-31,Warhammer Age of Sigmar,4
2021-08-01,Warhammer Age of Sigmar,5
2021-08-02,Warhammer Age of Sigmar,7
2021-08-03,Warhammer Age of Sigmar,4
2021-08-04,Warhammer Age of Sigmar,3
2021-08-05,Warhammer Age of Sigmar,5
2021-08-06,Warhammer Age of Sigmar,4
2021-08-07,Warhammer Age of Sigmar,3
2021-08-08,Warhammer Age of Sigmar,5
2021-08-09,Warhammer Age of Sigmar,4
2021-08-10,Warhammer Age of Sigmar,4
2021-08-11,Warhammer Age of Sigmar,4
2021-08-12,Warhammer Age of Sigmar,5
2021-08-13,Warhammer Age of Sigmar,4
2021-08-14,Warhammer Age of Sigmar,4
2021-08-15,Warhammer Age of Sigmar,6
2021-08-16,Warhammer Age of Sigmar,4
2021-08-17,Warhammer Age of Sigmar,4
2021-08-18,Warhammer Age of Sigmar,4
2021-08-19,Warhammer Age of Sigmar,4
2021-08-20,Warhammer Age of Sigmar,4
2021-08-21,Warhammer Age of Sigmar,4
2021-08-22,Warhammer Age of Sigmar,2
2021-08-23,Warhammer Age of Sigmar,2
2021-08-24,Warhammer Age of Sigmar,2
2021-08-25,Warhammer Age of Sigmar,2
2021-08-26,Warhammer Age of Sigmar,2
2021-08-27,Warhammer Age of Sigmar,1
2021-08-28,Warhammer Age of Sigmar,1
2021-08-29,Warhammer Age of Sigmar,2
2021-08-30,Warhammer Age of Sigmar,1
2021-08-31,Warhammer Age of Sigmar,0
2021-09-01,Warhammer Age of Sigmar,1
2021-09-02,Warhammer Age of Sigmar,1
2021-09-03,Warhammer Age of Sigmar,1
2021-09-04,Warhammer Age of Sigmar,1
2021-09-05,Warhammer Age of Sigmar,3
2021-09-06,Warhammer Age of Sigmar,1
2021-09-07,Warhammer Age of Sigmar,2
2021-09-08,Warhammer Age of Sigmar,2
2021-09-09,Warhammer Age of Sigmar,1
2021-09-10,Warhammer Age of Sigmar,0
2021-09-11,Warhammer Age of Sigmar,1
2021-09-12,Warhammer Age of Sigmar,1
2021-09-13,Warhammer Age of Sigmar,1
2021-09-14,Warhammer Age of Sigmar,1
2021-09-15,Warhammer Age of Sigmar,1
2021-09-16,Warhammer Age of Sigmar,1
2021-09-17,Warhammer Age of Sigmar,1
2021-09-18,Warhammer Age of Sigmar,1
2021-09-19,Warhammer Age of Sigmar,2
2021-09-20,Warhammer Age of Sigmar,2
2021-09-21,Warhammer Age of Sigmar,1
2021-09-22,Warhammer Age of Sigmar,1
2021-09-23,Warhammer Age of Sigmar,2
2021-09-24,Warhammer Age of Sigmar,0
2021-09-25,Warhammer Age of Sigmar,1
2021-09-26,Warhammer Age of Sigmar,2
2021-09-27,Warhammer Age of Sigmar,1
2021-09-28,Warhammer Age of Sigmar,1
2021-09-29,Warhammer Age of Sigmar,0
2021-09-30,Warhammer Age of Sigmar,1
2021-10-01,Warhammer Age of Sigmar,2
2021-10-02,Warhammer Age of Sigmar,2
2021-10-03,Warhammer Age of Sigmar,1
2021-10-04,Warhammer Age of Sigmar,0
2021-10-05,Warhammer Age of Sigmar,0
2021-10-06,Warhammer Age of Sigmar,2
2021-10-07,Warhammer Age of Sigmar,1
2021-10-08,Warhammer Age of Sigmar,1
2021-10-09,Warhammer Age of Sigmar,0
2021-10-10,Warhammer Age of Sigmar,2
2021-10-11,Warhammer Age of Sigmar,1
2021-10-12,Warhammer Age of Sigmar,1
2021-10-13,Warhammer Age of Sigmar,1
2021-10-14,Warhammer Age of Sigmar,0
2021-10-15,Warhammer Age of Sigmar,2
2021-10-16,Warhammer Age of Sigmar,2
2021-10-17,Warhammer Age of Sigmar,2
2021-10-18,Warhammer Age of Sigmar,2
2021-10-19,Warhammer Age of Sigmar,1
2021-10-20,Warhammer Age of Sigmar,1
2021-10-21,Warhammer Age of Sigmar,0
2021-10-22,Warhammer Age of Sigmar,1
2021-10-23,Warhammer Age of Sigmar,1
2021-10-24,Warhammer Age of Sigmar,2
2021-10-25,Warhammer Age of Sigmar,1
2021-10-26,Warhammer Age of Sigmar,1
2021-10-27,Warhammer Age of Sigmar,1
2021-10-28,Warhammer Age of Sigmar,1
2021-10-29,Warhammer Age of Sigmar,1
2021-10-30,Warhammer Age of Sigmar,2
2021-10-31,Warhammer Age of Sigmar,1
2021-11-01,Warhammer Age of Sigmar,1
2021-11-02,Warhammer Age of Sigmar,1
2021-11-03,Warhammer Age of Sigmar,2
2021-11-04,Warhammer Age of Sigmar,1
2021-11-05,Warhammer Age of Sigmar,1
2021-11-06,Warhammer Age of Sigmar,2
2021-11-07,Warhammer Age of Sigmar,2
2021-11-08,Warhammer Age of Sigmar,2
2021-11-09,Warhammer Age of Sigmar,1
2021-11-10,Warhammer Age of Sigmar,2
2021-11-11,Warhammer Age of Sigmar,1
2021-11-12,Warhammer Age of Sigmar,2
2021-11-13,Warhammer Age of Sigmar,2
2021-11-14,Warhammer Age of Sigmar,1
2021-11-15,Warhammer Age of Sigmar,1
2021-11-16,Warhammer Age of Sigmar,1
2021-11-17,Warhammer Age of Sigmar,2
2021-11-18,Warhammer Age of Sigmar,3
2021-11-19,Warhammer Age of Sigmar,2
2021-11-20,Warhammer Age of Sigmar,2
2021-11-21,Warhammer Age of Sigmar,2
2021-11-22,Warhammer Age of Sigmar,2
2021-11-23,Warhammer Age of Sigmar,1
2021-11-24,Warhammer Age of Sigmar,1
2021-11-25,Warhammer Age of Sigmar,2
2021-11-26,Warhammer Age of Sigmar,2
2021-11-27,Warhammer Age of Sigmar,2
2021-11-28,Warhammer Age of Sigmar,2
2021-11-29,Warhammer Age of Sigmar,2
2021-11-30,Warhammer Age of Sigmar,2
2021-12-01,Warhammer Age of Sigmar,1
2021-12-02,Warhammer Age of Sigmar,2
2021-12-03,Warhammer Age of Sigmar,1
2021-12-04,Warhammer Age of Sigmar,1
2021-12-05,Warhammer Age of Sigmar,2
2021-12-06,Warhammer Age of Sigmar,1
2021-12-07,Warhammer Age of Sigmar,1
2021-12-08,Warhammer Age of Sigmar,2
2021-12-09,Warhammer Age of Sigmar,2
2021-12-10,Warhammer Age of Sigmar,2
2021-12-11,Warhammer Age of Sigmar,2
2021-12-12,Warhammer Age of Sigmar,2
2021-12-13,Warhammer Age of Sigmar,2
2021-12-14,Warhammer Age of Sigmar,2
2021-12-15,Warhammer Age of Sigmar,1
2021-12-16,Warhammer Age of Sigmar,1
2021-12-17,Warhammer Age of Sigmar,1
2021-12-18,Warhammer Age of Sigmar,2
2021-12-19,Warhammer Age of Sigmar,2
2021-12-20,Warhammer Age of Sigmar,2
2021-12-21,Warhammer Age of Sigmar,2
2021-12-22,Warhammer Age of Sigmar,1
2021-12-23,Warhammer Age of Sigmar,2
2021-12-24,Warhammer Age of Sigmar,1
2021-12-25,Warhammer Age of Sigmar,2
2021-12-26,Warhammer Age of Sigmar,2
2021-12-27,Warhammer Age of Sigmar,2
2021-12-28,Warhammer Age of Sigmar,2
2021-12-29,Warhammer Age of Sigmar,2
2021-12-30,Warhammer Age of Sigmar,3
2021-12-31,Warhammer Age of Sigmar,2
2022-01-01,Warhammer Age of Sigmar,2
2022-01-02,Warhammer Age of Sigmar,3
2022-01-03,Warhammer Age of Sigmar,3
2022-01-04,Warhammer Age of Sigmar,6
2022-01-05,Warhammer Age of Sigmar,2
2022-01-06,Warhammer Age of Sigmar,1
2022-01-07,Warhammer Age of Sigmar,2
2022-01-08,Warhammer Age of Sigmar,3
2022-01-09,Warhammer Age of Sigmar,2
2022-01-10,Warhammer Age of Sigmar,2
2022-01-11,Warhammer Age of Sigmar,2
2022-01-12,Warhammer Age of Sigmar,2
2022-01-13,Warhammer Age of Sigmar,2
2022-01-14,Warhammer Age of Sigmar,2
2022-01-15,Warhammer Age of Sigmar,3
2022-01-16,Warhammer Age of Sigmar,6
2022-01-17,Warhammer Age of Sigmar,1
2022-01-18,Warhammer Age of Sigmar,2
2022-01-19,Warhammer Age of Sigmar,2
2022-01-20,Warhammer Age of Sigmar,2
2022-01-21,Warhammer Age of Sigmar,2
2022-01-22,Warhammer Age of Sigmar,2
2022-01-23,Warhammer Age of Sigmar,2
2022-01-24,Warhammer Age of Sigmar,6
2022-01-25,Warhammer Age of Sigmar,2
2022-01-26,Warhammer Age of Sigmar,1
2022-01-27,Warhammer Age of Sigmar,2
2022-01-28,Warhammer Age of Sigmar,2
2022-01-29,Warhammer Age of Sigmar,2
2022-01-30,Warhammer Age of Sigmar,1
2022-01-31,Warhammer Age of Sigmar,2
2022-02-01,Warhammer Age of Sigmar,2
2022-02-02,Warhammer Age of Sigmar,2
2022-02-03,Warhammer Age of Sigmar,2
2022-02-04,Warhammer Age of Sigmar,2
2022-02-05,Warhammer Age of Sigmar,2
2022-02-06,Warhammer Age of Sigmar,2
2022-02-07,Warhammer Age of Sigmar,3
2022-02-08,Warhammer Age of Sigmar,2
2022-02-09,Warhammer Age of Sigmar,2
2022-02-10,Warhammer Age of Sigmar,1
2022-02-11,Warhammer Age of Sigmar,2
2022-02-12,Warhammer Age of Sigmar,2
2022-02-13,Warhammer Age of Sigmar,2
2022-02-14,Warhammer Age of Sigmar,2
2022-02-15,Warhammer Age of Sigmar,2
2022-02-16,Warhammer Age of Sigmar,2
2022-02-17,Warhammer Age of Sigmar,2
2022-02-18,Warhammer Age of Sigmar,3
2022-02-19,Warhammer Age of Sigmar,3
2022-02-20,Warhammer Age of Sigmar,3
2022-02-21,Warhammer Age of Sigmar,4
2022-02-22,Warhammer Age of Sigmar,3
2022-02-23,Warhammer Age of Sigmar,3
2022-02-24,Warhammer Age of Sigmar,2
2022-02-25,Warhammer Age of Sigmar,2
2022-02-26,Warhammer Age of Sigmar,3
2022-02-27,Warhammer Age of Sigmar,3
2022-02-28,Warhammer Age of Sigmar,3
2022-03-01,Warhammer Age of Sigmar,3
2022-03-02,Warhammer Age of Sigmar,3
2022-03-03,Warhammer Age of Sigmar,2
2022-03-04,Warhammer Age of Sigmar,2
2022-03-05,Warhammer Age of Sigmar,4
2022-03-06,Warhammer Age of Sigmar,3
2022-03-07,Warhammer Age of Sigmar,2
2022-03-08,Warhammer Age of Sigmar,2
2022-03-09,Warhammer Age of Sigmar,2
2022-03-10,Warhammer Age of Sigmar,1
2022-03-11,Warhammer Age of Sigmar,2
2022-03-12,Warhammer Age of Sigmar,2
2022-03-13,Warhammer Age of Sigmar,3
2022-03-14,Warhammer Age of Sigmar,2
2022-03-15,Warhammer Age of Sigmar,2
2022-03-16,Warhammer Age of Sigmar,2
2022-03-17,Warhammer Age of Sigmar,1
2022-03-18,Warhammer Age of Sigmar,3
2022-03-19,Warhammer Age of Sigmar,3
2022-03-20,Warhammer Age of Sigmar,2
2022-03-21,Warhammer Age of Sigmar,1
2022-03-22,Warhammer Age of Sigmar,2
2022-03-23,Warhammer Age of Sigmar,2
2022-03-24,Warhammer Age of Sigmar,2
2022-03-25,Warhammer Age of Sigmar,3
2022-03-26,Warhammer Age of Sigmar,2
2022-03-27,Warhammer Age of Sigmar,3
2022-03-28,Warhammer Age of Sigmar,2
2022-03-29,Warhammer Age of Sigmar,3
2022-03-30,Warhammer Age of Sigmar,3
2022-03-31,Warhammer Age of Sigmar,2
2022-04-01,Warhammer Age of Sigmar,3
2022-04-02,Warhammer Age of Sigmar,2
2022-04-03,Warhammer Age of Sigmar,3
2022-04-04,Warhammer Age of Sigmar,3
2022-04-05,Warhammer Age of Sigmar,2
2022-04-06,Warhammer Age of Sigmar,2
2022-04-07,Warhammer Age of Sigmar,2
2022-04-08,Warhammer Age of Sigmar,2
2022-04-09,Warhammer Age of Sigmar,3
2022-04-10,Warhammer Age of Sigmar,3
2022-04-11,Warhammer Age of Sigmar,3
2022-04-12,Warhammer Age of Sigmar,2
2022-04-13,Warhammer Age of Sigmar,2
2022-04-14,Warhammer Age of Sigmar,2
2022-04-15,Warhammer Age of Sigmar,3
2022-04-16,Warhammer Age of Sigmar,2
2022-04-17,Warhammer Age of Sigmar,4
2022-04-18,Warhammer Age of Sigmar,2
2022-04-19,Warhammer Age of Sigmar,1
2022-04-20,Warhammer Age of Sigmar,2
2022-04-21,Warhammer Age of Sigmar,2
2022-04-22,Warhammer Age of Sigmar,2
2022-04-23,Warhammer Age of Sigmar,2
2022-04-24,Warhammer Age of Sigmar,2
2022-04-25,Warhammer Age of Sigmar,2
2022-04-26,Warhammer Age of Sigmar,2
2022-04-27,Warhammer Age of Sigmar,2
2022-04-28,Warhammer Age of Sigmar,2
2022-04-29,Warhammer Age of Sigmar,2
2022-04-30,Warhammer Age of Sigmar,3
2022-05-01,Warhammer Age of Sigmar,2
2022-05-02,Warhammer Age of Sigmar,2
2022-05-03,Warhammer Age of Sigmar,2
2022-05-04,Warhammer Age of Sigmar,2
2022-05-05,Warhammer Age of Sigmar,4
2022-05-06,Warhammer Age of Sigmar,2
2022-05-07,Warhammer Age of Sigmar,3
2022-05-08,Warhammer Age of Sigmar,2
2022-05-09,Warhammer Age of Sigmar,3
2022-05-10,Warhammer Age of Sigmar,2
2022-05-11,Warhammer Age of Sigmar,2
2022-05-12,Warhammer Age of Sigmar,2
2022-05-13,Warhammer Age of Sigmar,3
2022-05-14,Warhammer Age of Sigmar,3
2022-05-15,Warhammer Age of Sigmar,2
2022-05-16,Warhammer Age of Sigmar,3
2022-05-17,Warhammer Age of Sigmar,2
2022-05-18,Warhammer Age of Sigmar,2
2022-05-19,Warhammer Age of Sigmar,3
2022-05-20,Warhammer Age of Sigmar,2
2022-05-21,Warhammer Age of Sigmar,2
2022-05-22,Warhammer Age of Sigmar,3
2022-05-23,Warhammer Age of Sigmar,2
2022-05-24,Warhammer Age of Sigmar,1
2022-05-25,Warhammer Age of Sigmar,3
2022-05-26,Warhammer Age of Sigmar,2
2022-05-27,Warhammer Age of Sigmar,2
2022-05-28,Warhammer Age of Sigmar,2
2022-05-29,Warhammer Age of Sigmar,2
2022-05-30,Warhammer Age of Sigmar,2
2022-05-31,Warhammer Age of Sigmar,2
2022-06-01,Warhammer Age of Sigmar,2
2022-06-02,Warhammer Age of Sigmar,2
2022-06-03,Warhammer Age of Sigmar,3
2022-06-04,Warhammer Age of Sigmar,3
2022-06-05,Warhammer Age of Sigmar,2
2022-06-06,Warhammer Age of Sigmar,2
2022-06-07,Warhammer Age of Sigmar,2
2022-06-08,Warhammer Age of Sigmar,3
2022-06-09,Warhammer Age of Sigmar,2
2022-06-10,Warhammer Age of Sigmar,2
2022-06-11,Warhammer Age of Sigmar,3
2022-06-12,Warhammer Age of Sigmar,2
2022-06-13,Warhammer Age of Sigmar,3
2022-06-14,Warhammer Age of Sigmar,1
2022-06-15,Warhammer Age of Sigmar,2
2022-06-16,Warhammer Age of Sigmar,2
2022-06-17,Warhammer Age of Sigmar,2
2022-06-18,Warhammer Age of Sigmar,2
2022-06-19,Warhammer Age of Sigmar,2
2022-06-20,Warhammer Age of Sigmar,2
2022-06-21,Warhammer Age of Sigmar,2
2022-06-22,Warhammer Age of Sigmar,2
2022-06-23,Warhammer Age of Sigmar,2
2022-06-24,Warhammer Age of Sigmar,1
2022-06-25,Warhammer Age of Sigmar,2
2022-06-26,Warhammer Age of Sigmar,2
2022-06-27,Warhammer Age of Sigmar,3
2022-06-28,Warhammer Age of Sigmar,2
2022-06-29,Warhammer Age of Sigmar,2
2022-06-30,Warhammer Age of Sigmar,3
2022-07-01,Warhammer Age of Sigmar,2
2022-07-02,Warhammer Age of Sigmar,2
2022-07-03,Warhammer Age of Sigmar,3
2022-07-04,Warhammer Age of Sigmar,3
2022-07-05,Warhammer Age of Sigmar,2
2022-07-06,Warhammer Age of Sigmar,2
2022-07-07,Warhammer Age of Sigmar,3
2022-07-08,Warhammer Age of Sigmar,2
2022-07-09,Warhammer Age of Sigmar,2
2022-07-10,Warhammer Age of Sigmar,2
2022-07-11,Warhammer Age of Sigmar,3
2022-07-12,Warhammer Age of Sigmar,3
2022-07-13,Warhammer Age of Sigmar,2
2022-07-14,Warhammer Age of Sigmar,2
2022-07-15,Warhammer Age of Sigmar,2
2022-07-16,Warhammer Age of Sigmar,2
2022-07-17,Warhammer Age of Sigmar,2
2022-07-18,Warhammer Age of Sigmar,2
2022-07-19,Warhammer Age of Sigmar,2
2022-07-20,Warhammer Age of Sigmar,2
2022-07-21,Warhammer Age of Sigmar,2
2022-07-22,Warhammer Age of Sigmar,2
2022-07-23,Warhammer Age of Sigmar,2
2022-07-24,Warhammer Age of Sigmar,2
2022-07-25,Warhammer Age of Sigmar,2
2022-07-26,Warhammer Age of Sigmar,2
2022-07-27,Warhammer Age of Sigmar,2
2022-07-28,Warhammer Age of Sigmar,2
2022-07-29,Warhammer Age of Sigmar,2
2022-07-30,Warhammer Age of Sigmar,2
2022-07-31,Warhammer Age of Sigmar,3
2022-08-01,Warhammer Age of Sigmar,3
2022-08-02,Warhammer Age of Sigmar,3
2022-08-03,Warhammer Age of Sigmar,2
2022-08-04,Warhammer Age of Sigmar,2
2022-08-05,Warhammer Age of Sigmar,2
2022-08-06,Warhammer Age of Sigmar,2
2022-08-07,Warhammer Age of Sigmar,2
2022-08-08,Warhammer Age of Sigmar,3
2022-08-09,Warhammer Age of Sigmar,2
2022-08-10,Warhammer Age of Sigmar,4
2022-08-11,Warhammer Age of Sigmar,2
2022-08-12,Warhammer Age of Sigmar,3
2022-08-13,Warhammer Age of Sigmar,2
2022-08-14,Warhammer Age of Sigmar,3
2022-08-15,Warhammer Age of Sigmar,2
2022-08-16,Warhammer Age of Sigmar,2
2022-08-17,Warhammer Age of Sigmar,1
2022-08-18,Warhammer Age of Sigmar,1
2022-08-19,Warhammer Age of Sigmar,1
2022-08-20,Warhammer Age of Sigmar,1
2022-08-21,Warhammer Age of Sigmar,1
2022-08-22,Warhammer Age of Sigmar,1
2022-08-23,Warhammer Age of Sigmar,1
2022-08-24,Warhammer Age of Sigmar,1
2022-08-25,Warhammer Age of Sigmar,1
2022-08-26,Warhammer Age of Sigmar,1
2022-08-27,Warhammer Age of Sigmar,1
2022-08-28,Warhammer Age of Sigmar,1
2022-08-29,Warhammer Age of Sigmar,1
2022-08-30,Warhammer Age of Sigmar,1
2022-08-31,Warhammer Age of Sigmar,1
2022-09-01,Warhammer Age of Sigmar,1
2022-09-02,Warhammer Age of Sigmar,1
2022-09-03,Warhammer Age of Sigmar,1
2022-09-04,Warhammer Age of Sigmar,1
2022-09-05,Warhammer Age of Sigmar,1
2022-09-06,Warhammer Age of Sigmar,1
2022-09-07,Warhammer Age of Sigmar,1
2022-09-08,Warhammer Age of Sigmar,1
2022-09-09,Warhammer Age of Sigmar,1
2022-09-10,Warhammer Age of Sigmar,1
2022-09-11,Warhammer Age of Sigmar,1
2022-09-12,Warhammer Age of Sigmar,1
2022-09-13,Warhammer Age of Sigmar,1
2022-09-14,Warhammer Age of Sigmar,1
2022-09-15,Warhammer Age of Sigmar,1
2022-09-16,Warhammer Age of Sigmar,1
2022-09-17,Warhammer Age of Sigmar,1
2022-09-18,Warhammer Age of Sigmar,1
2022-09-19,Warhammer Age of Sigmar,1
2022-09-20,Warhammer Age of Sigmar,1
2022-09-21,Warhammer Age of Sigmar,1
2022-09-22,Warhammer Age of Sigmar,1
2022-09-23,Warhammer Age of Sigmar,1
2022-09-24,Warhammer Age of Sigmar,1
2022-09-25,Warhammer Age of Sigmar,1
2022-09-26,Warhammer Age of Sigmar,1
2022-09-27,Warhammer Age of Sigmar,1
2022-09-28,Warhammer Age of Sigmar,1
2022-09-29,Warhammer Age of Sigmar,1
2022-09-30,Warhammer Age of Sigmar,1
2022-10-01,Warhammer Age of Sigmar,1
2022-10-02,Warhammer Age of Sigmar,1
2022-10-03,Warhammer Age of Sigmar,1
2022-10-04,Warhammer Age of Sigmar,1
2022-10-05,Warhammer Age of Sigmar,1
2022-10-06,Warhammer Age of Sigmar,1
2022-10-07,Warhammer Age of Sigmar,1
2022-10-08,Warhammer Age of Sigmar,1
2022-10-09,Warhammer Age of Sigmar,1
2022-10-10,Warhammer Age of Sigmar,1
2022-10-11,Warhammer Age of Sigmar,1
2022-10-12,Warhammer Age of Sigmar,1
2022-10-13,Warhammer Age of Sigmar,1
2022-10-14,Warhammer Age of Sigmar,1
2022-10-15,Warhammer Age of Sigmar,1
2022-10-16,Warhammer Age of Sigmar,1
2022-10-17,Warhammer Age of Sigmar,1
2022-10-18,Warhammer Age of Sigmar,1
2022-10-19,Warhammer Age of Sigmar,0
2022-10-20,Warhammer Age of Sigmar,1
2022-10-21,Warhammer Age of Sigmar,1
2022-10-22,Warhammer Age of Sigmar,1
2022-10-23,Warhammer Age of Sigmar,1
2022-10-24,Warhammer Age of Sigmar,1
2022-10-25,Warhammer Age of Sigmar,1
2022-10-26,Warhammer Age of Sigmar,1
2022-10-27,Warhammer Age of Sigmar,1
2022-10-28,Warhammer Age of Sigmar,1
2022-10-29,Warhammer Age of Sigmar,1
2022-10-30,Warhammer Age of Sigmar,1
2022-10-31,Warhammer Age of Sigmar,1
2022-11-01,Warhammer Age of Sigmar,1
2022-11-02,Warhammer Age of Sigmar,1
2022-11-03,Warhammer Age of Sigmar,1
2022-11-04,Warhammer Age of Sigmar,1
2022-11-05,Warhammer Age of Sigmar,1
2022-11-06,Warhammer Age of Sigmar,1
2022-11-07,Warhammer Age of Sigmar,1
2022-11-08,Warhammer Age of Sigmar,1
2022-11-09,Warhammer Age of Sigmar,1
2022-11-10,Warhammer Age of Sigmar,1
2022-11-11,Warhammer Age of Sigmar,1
2022-11-12,Warhammer Age of Sigmar,1
2022-11-13,Warhammer Age of Sigmar,2
2022-11-14,Warhammer Age of Sigmar,1
2022-11-15,Warhammer Age of Sigmar,1
2022-11-16,Warhammer Age of Sigmar,1
2022-11-17,Warhammer Age of Sigmar,1
2022-11-18,Warhammer Age of Sigmar,1
2022-11-19,Warhammer Age of Sigmar,1
2022-11-20,Warhammer Age of Sigmar,1
2022-11-21,Warhammer Age of Sigmar,1
2022-11-22,Warhammer Age of Sigmar,1
2022-11-23,Warhammer Age of Sigmar,1
2022-11-24,Warhammer Age of Sigmar,1
2022-11-25,Warhammer Age of Sigmar,1
2022-11-26,Warhammer Age of Sigmar,1
2022-11-27,Warhammer Age of Sigmar,1
2022-11-28,Warhammer Age of Sigmar,1
2022-11-29,Warhammer Age of Sigmar,1
2022-11-30,Warhammer Age of Sigmar,1
2022-12-01,Warhammer Age of Sigmar,1
2022-12-02,Warhammer Age of Sigmar,1
2022-12-03,Warhammer Age of Sigmar,1
2022-12-04,Warhammer Age of Sigmar,1
2022-12-05,Warhammer Age of Sigmar,1
2022-12-06,Warhammer Age of Sigmar,1
2022-12-07,Warhammer Age of Sigmar,1
2022-12-08,Warhammer Age of Sigmar,1
2022-12-09,Warhammer Age of Sigmar,1
2022-12-10,Warhammer Age of Sigmar,2
2022-12-11,Warhammer Age of Sigmar,1
2022-12-12,Warhammer Age of Sigmar,1
2022-12-13,Warhammer Age of Sigmar,1
2022-12-14,Warhammer Age of Sigmar,1
2022-12-15,Warhammer Age of Sigmar,1
2022-12-16,Warhammer Age of Sigmar,1
2022-12-17,Warhammer Age of Sigmar,1
2022-12-18,Warhammer Age of Sigmar,1
2022-12-19,Warhammer Age of Sigmar,1
2022-12-20,Warhammer Age of Sigmar,1
2022-12-21,Warhammer Age of Sigmar,1
2022-12-22,Warhammer Age of Sigmar,1
2022-12-23,Warhammer Age of Sigmar,1
2022-12-24,Warhammer Age of Sigmar,1
2022-12-25,Warhammer Age of Sigmar,2
2022-12-26,Warhammer Age of Sigmar,1
2022-12-27,Warhammer Age of Sigmar,2
2022-12-28,Warhammer Age of Sigmar,1
2022-12-29,Warhammer Age of Sigmar,2
2022-12-30,Warhammer Age of Sigmar,1
2022-12-31,Warhammer Age of Sigmar,1
2023-01-01,Warhammer Age of Sigmar,1
2023-01-02,Warhammer Age of Sigmar,1
2023-01-03,Warhammer Age of Sigmar,1
2023-01-04,Warhammer Age of Sigmar,1
2023-01-05,Warhammer Age of Sigmar,1
2023-01-06,Warhammer Age of Sigmar,1
2023-01-07,Warhammer Age of Sigmar,2
2023-01-08,Warhammer Age of Sigmar,2
2023-01-09,Warhammer Age of Sigmar,1
2023-01-10,Warhammer Age of Sigmar,1
2023-01-11,Warhammer Age of Sigmar,1
2023-01-12,Warhammer Age of Sigmar,1
2023-01-13,Warhammer Age of Sigmar,1
2023-01-14,Warhammer Age of Sigmar,1
2023-01-15,Warhammer Age of Sigmar,2
2023-01-16,Warhammer Age of Sigmar,1
2023-01-17,Warhammer Age of Sigmar,1
2023-01-18,Warhammer Age of Sigmar,1
2023-01-19,Warhammer Age of Sigmar,1
2023-01-20,Warhammer Age of Sigmar,0
2023-01-21,Warhammer Age of Sigmar,1
2023-01-22,Warhammer Age of Sigmar,2
2023-01-23,Warhammer Age of Sigmar,1
2023-01-24,Warhammer Age of Sigmar,1
2023-01-25,Warhammer Age of Sigmar,1
2023-01-26,Warhammer Age of Sigmar,1
2023-01-27,Warhammer Age of Sigmar,1
2023-01-28,Warhammer Age of Sigmar,1
2023-01-29,Warhammer Age of Sigmar,2
2023-01-30,Warhammer Age of Sigmar,1
2023-01-31,Warhammer Age of Sigmar,1
2023-02-01,Warhammer Age of Sigmar,1
2023-02-02,Warhammer Age of Sigmar,1
2023-02-03,Warhammer Age of Sigmar,1
2023-02-04,Warhammer Age of Sigmar,1
2023-02-05,Warhammer Age of Sigmar,2
2023-02-06,Warhammer Age of Sigmar,1
2023-02-07,Warhammer Age of Sigmar,1
2023-02-08,Warhammer Age of Sigmar,1
2023-02-09,Warhammer Age of Sigmar,1
2023-02-10,Warhammer Age of Sigmar,1
2023-02-11,Warhammer Age of Sigmar,1
2023-02-12,Warhammer Age of Sigmar,1
2023-02-13,Warhammer Age of Sigmar,2
2023-02-14,Warhammer Age of Sigmar,2
2023-02-15,Warhammer Age of Sigmar,2
2023-02-16,Warhammer Age of Sigmar,2
2023-02-17,Warhammer Age of Sigmar,2
2023-02-18,Warhammer Age of Sigmar,2
2023-02-19,Warhammer Age of Sigmar,3
2023-02-20,Warhammer Age of Sigmar,2
2023-02-21,Warhammer Age of Sigmar,2
2023-02-22,Warhammer Age of Sigmar,3
2023-02-23,Warhammer Age of Sigmar,2
2023-02-24,Warhammer Age of Sigmar,2
2023-02-25,Warhammer Age of Sigmar,2
2023-02-26,Warhammer Age of Sigmar,3
2023-02-27,Warhammer Age of Sigmar,2
2023-02-28,Warhammer Age of Sigmar,1
2023-03-01,Warhammer Age of Sigmar,1
2023-03-02,Warhammer Age of Sigmar,2
2023-03-03,Warhammer Age of Sigmar,2
2023-03-04,Warhammer Age of Sigmar,2
2023-03-05,Warhammer Age of Sigmar,2
2023-03-06,Warhammer Age of Sigmar,2
2023-03-07,Warhammer Age of Sigmar,1
2023-03-08,Warhammer Age of Sigmar,2
2023-03-09,Warhammer Age of Sigmar,2
2023-03-10,Warhammer Age of Sigmar,1
2023-03-11,Warhammer Age of Sigmar,2
2023-03-12,Warhammer Age of Sigmar,2
2023-03-13,Warhammer Age of Sigmar,2
2023-03-14,Warhammer Age of Sigmar,2
2023-03-15,Warhammer Age of Sigmar,2
2023-03-16,Warhammer Age of Sigmar,2
2023-03-17,Warhammer Age of Sigmar,2
2023-03-18,Warhammer Age of Sigmar,3
2023-03-19,Warhammer Age of Sigmar,3
2023-03-20,Warhammer Age of Sigmar,2
2023-03-21,Warhammer Age of Sigmar,2
2023-03-22,Warhammer Age of Sigmar,2
2023-03-23,Warhammer Age of Sigmar,2
2023-03-24,Warhammer Age of Sigmar,2
2023-03-25,Warhammer Age of Sigmar,2
2023-03-26,Warhammer Age of Sigmar,3
2023-03-27,Warhammer Age of Sigmar,2
2023-03-28,Warhammer Age of Sigmar,2
2023-03-29,Warhammer Age of Sigmar,2
2023-03-30,Warhammer Age of Sigmar,2
2023-03-31,Warhammer Age of Sigmar,2
2023-04-01,Warhammer Age of Sigmar,1
2023-04-02,Warhammer Age of Sigmar,2
2023-04-03,Warhammer Age of Sigmar,1
2023-04-04,Warhammer Age of Sigmar,2
2023-04-05,Warhammer Age of Sigmar,2
2023-04-06,Warhammer Age of Sigmar,1
2023-04-07,Warhammer Age of Sigmar,2
2023-04-08,Warhammer Age of Sigmar,2
2023-04-09,Warhammer Age of Sigmar,2
2023-04-10,Warhammer Age of Sigmar,2
2023-04-11,Warhammer Age of Sigmar,2
2023-04-12,Warhammer Age of Sigmar,2
2023-04-13,Warhammer Age of Sigmar,2
2023-04-14,Warhammer Age of Sigmar,1
2023-04-15,Warhammer Age of Sigmar,2
2023-04-16,Warhammer Age of Sigmar,2
2023-04-17,Warhammer Age of Sigmar,2
2023-04-18,Warhammer Age of Sigmar,1
2023-04-19,Warhammer Age of Sigmar,2
2023-04-20,Warhammer Age of Sigmar,2
2023-04-21,Warhammer Age of Sigmar,1
2023-04-22,Warhammer Age of Sigmar,3
2023-04-23,Warhammer Age of Sigmar,3
2023-04-24,Warhammer Age of Sigmar,2
2023-04-25,Warhammer Age of Sigmar,1
2023-04-26,Warhammer Age of Sigmar,2
2023-04-27,Warhammer Age of Sigmar,1
2023-04-28,Warhammer Age of Sigmar,1
2023-04-29,Warhammer Age of Sigmar,3
2023-04-30,Warhammer Age of Sigmar,4
2023-05-01,Warhammer Age of Sigmar,2
2023-05-02,Warhammer Age of Sigmar,2
2023-05-03,Warhammer Age of Sigmar,2
2023-05-04,Warhammer Age of Sigmar,2
2023-05-05,Warhammer Age of Sigmar,2
2023-05-06,Warhammer Age of Sigmar,1
2023-05-07,Warhammer Age of Sigmar,1
2023-05-08,Warhammer Age of Sigmar,2
2023-05-09,Warhammer Age of Sigmar,1
2023-05-10,Warhammer Age of Sigmar,2
2023-05-11,Warhammer Age of Sigmar,1
2023-05-12,Warhammer Age of Sigmar,2
2023-05-13,Warhammer Age of Sigmar,2
2023-05-14,Warhammer Age of Sigmar,2
2023-05-15,Warhammer Age of Sigmar,1
2023-05-16,Warhammer Age of Sigmar,2
2023-05-17,Warhammer Age of Sigmar,1
2023-05-18,Warhammer Age of Sigmar,2
2023-05-19,Warhammer Age of Sigmar,2
2023-05-20,Warhammer Age of Sigmar,2
2023-05-21,Warhammer Age of Sigmar,2
2023-05-22,Warhammer Age of Sigmar,2
2023-05-23,Warhammer Age of Sigmar,2
2023-05-24,Warhammer Age of Sigmar,1
2023-05-25,Warhammer Age of Sigmar,3
2023-05-26,Warhammer Age of Sigmar,3
2023-05-27,Warhammer Age of Sigmar,3
2023-05-28,Warhammer Age of Sigmar,3
2023-05-29,Warhammer Age of Sigmar,2
2023-05-30,Warhammer Age of Sigmar,2
2023-05-31,Warhammer Age of Sigmar,2
2023-06-01,Warhammer Age of Sigmar,2
2023-06-02,Warhammer Age of Sigmar,2
2023-06-03,Warhammer Age of Sigmar,2
2023-06-04,Warhammer Age of Sigmar,2
2023-06-05,Warhammer Age of Sigmar,2
2023-06-06,Warhammer Age of Sigmar,1
2023-06-07,Warhammer Age of Sigmar,2
2023-06-08,Warhammer Age of Sigmar,2
2023-06-09,Warhammer Age of Sigmar,2
2023-06-10,Warhammer Age of Sigmar,2
2023-06-11,Warhammer Age of Sigmar,2
2023-06-12,Warhammer Age of Sigmar,2
2023-06-13,Warhammer Age of Sigmar,2
2023-06-14,Warhammer Age of Sigmar,2
2023-06-15,Warhammer Age of Sigmar,2
2023-06-16,Warhammer Age of Sigmar,2
2023-06-17,Warhammer Age of Sigmar,2
2023-06-18,Warhammer Age of Sigmar,1
2023-06-19,Warhammer Age of Sigmar,2
2023-06-20,Warhammer Age of Sigmar,2
2023-06-21,Warhammer Age of Sigmar,2
2023-06-22,Warhammer Age of Sigmar,1
2023-06-23,Warhammer Age of Sigmar,2
2023-06-24,Warhammer Age of Sigmar,2
2023-06-25,Warhammer Age of Sigmar,1
2023-06-26,Warhammer Age of Sigmar,2
2023-06-27,Warhammer Age of Sigmar,2
2023-06-28,Warhammer Age of Sigmar,2
2023-06-29,Warhammer Age of Sigmar,1
2023-06-30,Warhammer Age of Sigmar,2
2023-07-01,Warhammer Age of Sigmar,2
2023-07-02,Warhammer Age of Sigmar,2
2023-07-03,Warhammer Age of Sigmar,1
2023-07-04,Warhammer Age of Sigmar,2
2023-07-05,Warhammer Age of Sigmar,3
2023-07-06,Warhammer Age of Sigmar,2
2023-07-07,Warhammer Age of Sigmar,3
2023-07-08,Warhammer Age of Sigmar,4
2023-07-09,Warhammer Age of Sigmar,4
2023-07-10,Warhammer Age of Sigmar,3
2023-07-11,Warhammer Age of Sigmar,2
2023-07-12,Warhammer Age of Sigmar,2
2023-07-13,Warhammer Age of Sigmar,2
2023-07-14,Warhammer Age of Sigmar,2
2023-07-15,Warhammer Age of Sigmar,2
2023-07-16,Warhammer Age of Sigmar,2
2023-07-17,Warhammer Age of Sigmar,2
2023-07-18,Warhammer Age of Sigmar,2
2023-07-19,Warhammer Age of Sigmar,1
2023-07-20,Warhammer Age of Sigmar,2
2023-07-21,Warhammer Age of Sigmar,2
2023-07-22,Warhammer Age of Sigmar,2
2023-07-23,Warhammer Age of Sigmar,2
2023-07-24,Warhammer Age of Sigmar,2
2023-07-25,Warhammer Age of Sigmar,2
2023-07-26,Warhammer Age of Sigmar,2
2023-07-27,Warhammer Age of Sigmar,3
2023-07-28,Warhammer Age of Sigmar,2
2023-07-29,Warhammer Age of Sigmar,2
2023-07-30,Warhammer Age of Sigmar,2
2023-07-31,Warhammer Age of Sigmar,2
2023-08-01,Warhammer Age of Sigmar,2
2023-08-02,Warhammer Age of Sigmar,2
2023-08-03,Warhammer Age of Sigmar,2
2023-08-04,Warhammer Age of Sigmar,2
2023-08-05,Warhammer Age of Sigmar,2
2023-08-06,Warhammer Age of Sigmar,3
2023-08-07,Warhammer Age of Sigmar,2
2023-08-08,Warhammer Age of Sigmar,2
2023-08-09,Warhammer Age of Sigmar,2
2023-08-10,Warhammer Age of Sigmar,1
2023-08-11,Warhammer Age of Sigmar,1
2023-08-12,Warhammer Age of Sigmar,2
2023-08-13,Warhammer Age of Sigmar,2
2023-08-14,Warhammer Age of Sigmar,2
2023-08-15,Warhammer Age of Sigmar,1
2023-08-16,Warhammer Age of Sigmar,2
2023-08-17,Warhammer Age of Sigmar,2
2023-08-18,Warhammer Age of Sigmar,2
2023-08-19,Warhammer Age of Sigmar,2
2023-08-20,Warhammer Age of Sigmar,3
2023-08-21,Warhammer Age of Sigmar,2
2023-08-22,Warhammer Age of Sigmar,3
2023-08-23,Warhammer Age of Sigmar,3
2023-08-24,Warhammer Age of Sigmar,3
2023-08-25,Warhammer Age of Sigmar,3
2023-08-26,Warhammer Age of Sigmar,4
2023-08-27,Warhammer Age of Sigmar,2
2023-08-28,Warhammer Age of Sigmar,3
2023-08-29,Warhammer Age of Sigmar,3
2023-08-30,Warhammer Age of Sigmar,3
2023-08-31,Warhammer Age of Sigmar,3
2023-09-01,Warhammer Age of Sigmar,2
2023-09-02,Warhammer Age of Sigmar,2
2023-09-03,Warhammer Age of Sigmar,3
2023-09-04,Warhammer Age of Sigmar,3
2023-09-05,Warhammer Age of Sigmar,2
2023-09-06,Warhammer Age of Sigmar,2
2023-09-07,Warhammer Age of Sigmar,2
2023-09-08,Warhammer Age of Sigmar,1
2023-09-09,Warhammer Age of Sigmar,2
2023-09-10,Warhammer Age of Sigmar,2
2023-09-11,Warhammer Age of Sigmar,2
2023-09-12,Warhammer Age of Sigmar,2
2023-09-13,Warhammer Age of Sigmar,2
2023-09-14,Warhammer Age of Sigmar,2
2023-09-15,Warhammer Age of Sigmar,3
2023-09-16,Warhammer Age of Sigmar,2
2023-09-17,Warhammer Age of Sigmar,3
2023-09-18,Warhammer Age of Sigmar,2
2023-09-19,Warhammer Age of Sigmar,2
2023-09-20,Warhammer Age of Sigmar,3
2023-09-21,Warhammer Age of Sigmar,2
2023-09-22,Warhammer Age of Sigmar,1
2023-09-23,Warhammer Age of Sigmar,2
2023-09-24,Warhammer Age of Sigmar,2
2023-09-25,Warhammer Age of Sigmar,2
2023-09-26,Warhammer Age of Sigmar,2
2023-09-27,Warhammer Age of Sigmar,1
2023-09-28,Warhammer Age of Sigmar,2
2023-09-29,Warhammer Age of Sigmar,2
2023-09-30,Warhammer Age of Sigmar,2
2023-10-01,Warhammer Age of Sigmar,2
2023-10-02,Warhammer Age of Sigmar,3
2023-10-03,Warhammer Age of Sigmar,1
2023-10-04,Warhammer Age of Sigmar,2
2023-10-05,Warhammer Age of Sigmar,2
2023-10-06,Warhammer Age of Sigmar,1
2023-10-07,Warhammer Age of Sigmar,3
2023-10-08,Warhammer Age of Sigmar,3
2023-10-09,Warhammer Age of Sigmar,3
2023-10-10,Warhammer Age of Sigmar,2
2023-10-11,Warhammer Age of Sigmar,2
2023-10-12,Warhammer Age of Sigmar,2
2023-10-13,Warhammer Age of Sigmar,2
2023-10-14,Warhammer Age of Sigmar,3
2023-10-15,Warhammer Age of Sigmar,4
2023-10-16,Warhammer Age of Sigmar,3
2023-10-17,Warhammer Age of Sigmar,2
2023-10-18,Warhammer Age of Sigmar,3
2023-10-19,Warhammer Age of Sigmar,2
2023-10-20,Warhammer Age of Sigmar,3
2023-10-21,Warhammer Age of Sigmar,3
2023-10-22,Warhammer Age of Sigmar,3
2023-10-23,Warhammer Age of Sigmar,3
2023-10-24,Warhammer Age of Sigmar,3
2023-10-25,Warhammer Age of Sigmar,3
2023-10-26,Warhammer Age of Sigmar,3
2023-10-27,Warhammer Age of Sigmar,3
2023-10-28,Warhammer Age of Sigmar,3
2023-10-29,Warhammer Age of Sigmar,2
2023-10-30,Warhammer Age of Sigmar,2
2023-10-31,Warhammer Age of Sigmar,3
2023-11-01,Warhammer Age of Sigmar,3
2023-11-02,Warhammer Age of Sigmar,2
2023-11-03,Warhammer Age of Sigmar,3
2023-11-04,Warhammer Age of Sigmar,2
2023-11-05,Warhammer Age of Sigmar,3
2023-11-06,Warhammer Age of Sigmar,3
2023-11-07,Warhammer Age of Sigmar,3
2023-11-08,Warhammer Age of Sigmar,3
2023-11-09,Warhammer Age of Sigmar,3
2023-11-10,Warhammer Age of Sigmar,3
2023-11-11,Warhammer Age of Sigmar,4
2023-11-12,Warhammer Age of Sigmar,4
2023-11-13,Warhammer Age of Sigmar,5
2023-11-14,Warhammer Age of Sigmar,7
2023-11-15,Warhammer Age of Sigmar,7
2023-11-16,Warhammer Age of Sigmar,4
2023-11-17,Warhammer Age of Sigmar,7
2023-11-18,Warhammer Age of Sigmar,10
2023-11-19,Warhammer Age of Sigmar,9
2023-11-20,Warhammer Age of Sigmar,5
2023-11-21,Warhammer Age of Sigmar,6
2023-11-22,Warhammer Age of Sigmar,4
2023-11-23,Warhammer Age of Sigmar,5
2023-11-24,Warhammer Age of Sigmar,4
2023-11-25,Warhammer Age of Sigmar,4
2023-11-26,Warhammer Age of Sigmar,4
2023-11-27,Warhammer Age of Sigmar,3
2023-11-28,Warhammer Age of Sigmar,4
2023-11-29,Warhammer Age of Sigmar,3
2023-11-30,Warhammer Age of Sigmar,3
2023-12-01,Warhammer Age of Sigmar,3
2023-12-02,Warhammer Age of Sigmar,3
2023-12-03,Warhammer Age of Sigmar,3
2023-12-04,Warhammer Age of Sigmar,3
2023-12-05,Warhammer Age of Sigmar,3
2023-12-06,Warhammer Age of Sigmar,2
2023-12-07,Warhammer Age of Sigmar,3
2023-12-08,Warhammer Age of Sigmar,3
2023-12-09,Warhammer Age of Sigmar,3
2023-12-10,Warhammer Age of Sigmar,4
2023-12-11,Warhammer Age of Sigmar,3
2023-12-12,Warhammer Age of Sigmar,2
2023-12-13,Warhammer Age of Sigmar,3
2023-12-14,Warhammer Age of Sigmar,2
2023-12-15,Warhammer Age of Sigmar,2
2023-12-16,Warhammer Age of Sigmar,3
2023-12-17,Warhammer Age of Sigmar,3
2023-12-18,Warhammer Age of Sigmar,3
2023-12-19,Warhammer Age of Sigmar,3
2023-12-20,Warhammer Age of Sigmar,3
2023-12-21,Warhammer Age of Sigmar,3
2023-12-22,Warhammer Age of Sigmar,3
2023-12-23,Warhammer Age of Sigmar,3
2023-12-24,Warhammer Age of Sigmar,4
2023-12-25,Warhammer Age of Sigmar,3
2023-12-26,Warhammer Age of Sigmar,4
2023-12-27,Warhammer Age of Sigmar,3
2023-12-28,Warhammer Age of Sigmar,3
2023-12-29,Warhammer Age of Sigmar,3
2023-12-30,Warhammer Age of Sigmar,3
2023-12-31,Warhammer Age of Sigmar,3
2024-01-01,Warhammer Age of Sigmar,5
2024-01-02,Warhammer Age of Sigmar,2
2024-01-03,Warhammer Age of Sigmar,3
2024-01-04,Warhammer Age of Sigmar,2
2024-01-05,Warhammer Age of Sigmar,4
2024-01-06,Warhammer Age of Sigmar,4
2024-01-07,Warhammer Age of Sigmar,4
2024-01-08,Warhammer Age of Sigmar,3
2024-01-09,Warhammer Age of Sigmar,3
2024-01-10,Warhammer Age of Sigmar,3
2024-01-11,Warhammer Age of Sigmar,3
2024-01-12,Warhammer Age of Sigmar,3
2024-01-13,Warhammer Age of Sigmar,4
2024-01-14,Warhammer Age of Sigmar,4
2024-01-15,Warhammer Age of Sigmar,3
2024-01-16,Warhammer Age of Sigmar,3
2024-01-17,Warhammer Age of Sigmar,3
2024-01-18,Warhammer Age of Sigmar,2
2024-01-19,Warhammer Age of Sigmar,3
2024-01-20,Warhammer Age of Sigmar,4
2024-01-21,Warhammer Age of Sigmar,2
2024-01-22,Warhammer Age of Sigmar,3
2024-01-23,Warhammer Age of Sigmar,3
2024-01-24,Warhammer Age of Sigmar,3
2024-01-25,Warhammer Age of Sigmar,3
2024-01-26,Warhammer Age of Sigmar,2
2024-01-27,Warhammer Age of Sigmar,3
2024-01-28,Warhammer Age of Sigmar,3
2024-01-29,Warhammer Age of Sigmar,4
2024-01-30,Warhammer Age of Sigmar,3
2024-01-31,Warhammer Age of Sigmar,3
2024-02-01,Warhammer Age of Sigmar,3
2024-02-02,Warhammer Age of Sigmar,3
2024-02-03,Warhammer Age of Sigmar,3
2024-02-04,Warhammer Age of Sigmar,3
2024-02-05,Warhammer Age of Sigmar,2
2024-02-06,Warhammer Age of Sigmar,2
2024-02-07,Warhammer Age of Sigmar,2
2024-02-08,Warhammer Age of Sigmar,4
2024-02-09,Warhammer Age of Sigmar,2
2024-02-10,Warhammer Age of Sigmar,4
2024-02-11,Warhammer Age of Sigmar,3
2024-02-12,Warhammer Age of Sigmar,2
2024-02-13,Warhammer Age of Sigmar,3
2024-02-14,Warhammer Age of Sigmar,3
2024-02-15,Warhammer Age of Sigmar,2
2024-02-16,Warhammer Age of Sigmar,2
2024-02-17,Warhammer Age of Sigmar,3
2024-02-18,Warhammer Age of Sigmar,1
2024-02-19,Warhammer Age of Sigmar,2
2024-02-20,Warhammer Age of Sigmar,3
2024-02-21,Warhammer Age of Sigmar,3
2024-02-22,Warhammer Age of Sigmar,3
2024-02-23,Warhammer Age of Sigmar,2
2024-02-24,Warhammer Age of Sigmar,3
2024-02-25,Warhammer Age of Sigmar,3
2024-02-26,Warhammer Age of Sigmar,2
2024-02-27,Warhammer Age of Sigmar,2
2024-02-28,Warhammer Age of Sigmar,3
2024-02-29,Warhammer Age of Sigmar,2
2024-03-01,Warhammer Age of Sigmar,2
2024-03-02,Warhammer Age of Sigmar,2
2024-03-03,Warhammer Age of Sigmar,3
2024-03-04,Warhammer Age of Sigmar,3
2024-03-05,Warhammer Age of Sigmar,5
2024-03-06,Warhammer Age of Sigmar,5
2024-03-07,Warhammer Age of Sigmar,4
2024-03-08,Warhammer Age of Sigmar,3
2024-03-09,Warhammer Age of Sigmar,3
2024-03-10,Warhammer Age of Sigmar,4
2024-03-11,Warhammer Age of Sigmar,4
2024-03-12,Warhammer Age of Sigmar,4
2024-03-13,Warhammer Age of Sigmar,3
2024-03-14,Warhammer Age of Sigmar,3
2024-03-15,Warhammer Age of Sigmar,3
2024-03-16,Warhammer Age of Sigmar,4
2024-03-17,Warhammer Age of Sigmar,4
2024-03-18,Warhammer Age of Sigmar,2
2024-03-19,Warhammer Age of Sigmar,3
2024-03-20,Warhammer Age of Sigmar,4
2024-03-21,Warhammer Age of Sigmar,6
2024-03-22,Warhammer Age of Sigmar,3
2024-03-23,Warhammer Age of Sigmar,5
2024-03-24,Warhammer Age of Sigmar,4
2024-03-25,Warhammer Age of Sigmar,4
2024-03-26,Warhammer Age of Sigmar,3
2024-03-27,Warhammer Age of Sigmar,3
2024-03-28,Warhammer Age of Sigmar,5
2024-03-29,Warhammer Age of Sigmar,3
2024-03-30,Warhammer Age of Sigmar,5
2024-03-31,Warhammer Age of Sigmar,4
2024-04-01,Warhammer Age of Sigmar,3
2024-04-02,Warhammer Age of Sigmar,3
2024-04-03,Warhammer Age of Sigmar,2
2024-04-04,Warhammer Age of Sigmar,5
2024-04-05,Warhammer Age of Sigmar,6
2024-04-06,Warhammer Age of Sigmar,5
2024-04-07,Warhammer Age of Sigmar,4
2024-04-08,Warhammer Age of Sigmar,4
2024-04-09,Warhammer Age of Sigmar,3
2024-04-10,Warhammer Age of Sigmar,3
2024-04-11,Warhammer Age of Sigmar,2
2024-04-12,Warhammer Age of Sigmar,3
2024-04-13,Warhammer Age of Sigmar,3
2024-04-14,Warhammer Age of Sigmar,3
2024-04-15,Warhammer Age of Sigmar,4
2024-04-16,Warhammer Age of Sigmar,3
2024-04-17,Warhammer Age of Sigmar,3
2024-04-18,Warhammer Age of Sigmar,3
2024-04-19,Warhammer Age of Sigmar,2
2024-04-20,Warhammer Age of Sigmar,3
2024-04-21,Warhammer Age of Sigmar,4
2024-04-22,Warhammer Age of Sigmar,3
2024-04-23,Warhammer Age of Sigmar,3
2024-04-24,Warhammer Age of Sigmar,3
2024-04-25,Warhammer Age of Sigmar,2
2024-04-26,Warhammer Age of Sigmar,2
2024-04-27,Warhammer Age of Sigmar,3
2024-04-28,Warhammer Age of Sigmar,3
2024-04-29,Warhammer Age of Sigmar,3
2024-04-30,Warhammer Age of Sigmar,3
2024-05-01,Warhammer Age of Sigmar,3
2024-05-02,Warhammer Age of Sigmar,3
2024-05-03,Warhammer Age of Sigmar,2
2024-05-04,Warhammer Age of Sigmar,2
2024-05-05,Warhammer Age of Sigmar,3
2024-05-06,Warhammer Age of Sigmar,1
2024-05-07,Warhammer Age of Sigmar,3
2024-05-08,Warhammer Age of Sigmar,2
2024-05-09,Warhammer Age of Sigmar,2
2024-05-10,Warhammer Age of Sigmar,2
2024-05-11,Warhammer Age of Sigmar,3
2024-05-12,Warhammer Age of Sigmar,2
2024-05-13,Warhammer Age of Sigmar,3
2024-05-14,Warhammer Age of Sigmar,2
2024-05-15,Warhammer Age of Sigmar,2
2024-05-16,Warhammer Age of Sigmar,2
2024-05-17,Warhammer Age of Sigmar,4
2024-05-18,Warhammer Age of Sigmar,5
2024-05-19,Warhammer Age of Sigmar,3
2024-05-20,Warhammer Age of Sigmar,3
2024-05-21,Warhammer Age of Sigmar,2
2024-05-22,Warhammer Age of Sigmar,3
2024-05-23,Warhammer Age of Sigmar,4
2024-05-24,Warhammer Age of Sigmar,4
2024-05-25,Warhammer Age of Sigmar,4
2024-05-26,Warhammer Age of Sigmar,4
2024-05-27,Warhammer Age of Sigmar,3
2024-05-28,Warhammer Age of Sigmar,3
2024-05-29,Warhammer Age of Sigmar,3
2024-05-30,Warhammer Age of Sigmar,3
2024-05-31,Warhammer Age of Sigmar,2
2024-06-01,Warhammer Age of Sigmar,4
2024-06-02,Warhammer Age of Sigmar,4
2024-06-03,Warhammer Age of Sigmar,2
2024-06-04,Warhammer Age of Sigmar,3
2024-06-05,Warhammer Age of Sigmar,3
2024-06-06,Warhammer Age of Sigmar,2
2024-06-07,Warhammer Age of Sigmar,3
2024-06-08,Warhammer Age of Sigmar,3
2024-06-09,Warhammer Age of Sigmar,3
2024-06-10,Warhammer Age of Sigmar,3
2024-06-11,Warhammer Age of Sigmar,3
2024-06-12,Warhammer Age of Sigmar,2
2024-06-13,Warhammer Age of Sigmar,2
2024-06-14,Warhammer Age of Sigmar,2
2024-06-15,Warhammer Age of Sigmar,4
2024-06-16,Warhammer Age of Sigmar,3
2024-06-17,Warhammer Age of Sigmar,4
2024-06-18,Warhammer Age of Sigmar,3
2024-06-19,Warhammer Age of Sigmar,3
2024-06-20,Warhammer Age of Sigmar,4
2024-06-21,Warhammer Age of Sigmar,2
2024-06-22,Warhammer Age of Sigmar,3
2024-06-23,Warhammer Age of Sigmar,3
2024-06-24,Warhammer Age of Sigmar,3
2024-06-25,Warhammer Age of Sigmar,3
2024-06-26,Warhammer Age of Sigmar,3
2024-06-27,Warhammer Age of Sigmar,2
2024-06-28,Warhammer Age of Sigmar,4
2024-06-29,Warhammer Age of Sigmar,5
2024-06-30,Warhammer Age of Sigmar,4
2024-07-01,Warhammer Age of Sigmar,3
2024-07-02,Warhammer Age of Sigmar,3
2024-07-03,Warhammer Age of Sigmar,3
2024-07-04,Warhammer Age of Sigmar,3
2024-07-05,Warhammer Age of Sigmar,4
2024-07-06,Warhammer Age of Sigmar,3
2024-07-07,Warhammer Age of Sigmar,3
2024-07-08,Warhammer Age of Sigmar,3
2024-07-09,Warhammer Age of Sigmar,4
2024-07-10,Warhammer Age of Sigmar,3
2024-07-11,Warhammer Age of Sigmar,4
2024-07-12,Warhammer Age of Sigmar,3
2024-07-13,Warhammer Age of Sigmar,4
2024-07-14,Warhammer Age of Sigmar,4
2024-07-15,Warhammer Age of Sigmar,4
2024-07-16,Warhammer Age of Sigmar,5
2024-07-17,Warhammer Age of Sigmar,4
2024-07-18,Warhammer Age of Sigmar,3
2024-07-19,Warhammer Age of Sigmar,2
2024-07-20,Warhammer Age of Sigmar,4
2024-07-21,Warhammer Age of Sigmar,5
2024-07-22,Warhammer Age of Sigmar,3
2024-07-23,Warhammer Age of Sigmar,3
2024-07-24,Warhammer Age of Sigmar,5
2024-07-25,Warhammer Age of Sigmar,4
2024-07-26,Warhammer Age of Sigmar,4
2024-07-27,Warhammer Age of Sigmar,4
2024-07-28,Warhammer Age of Sigmar,3
2024-07-29,Warhammer Age of Sigmar,3
2024-07-30,Warhammer Age of Sigmar,3
2024-07-31,Warhammer Age of Sigmar,4
2024-08-01,Warhammer Age of Sigmar,3
2024-08-02,Warhammer Age of Sigmar,3
2024-08-03,Warhammer Age of Sigmar,4
2024-08-04,Warhammer Age of Sigmar,4
2024-08-05,Warhammer Age of Sigmar,2
2024-08-06,Warhammer Age of Sigmar,1
2024-08-07,Warhammer Age of Sigmar,1
2024-08-08,Warhammer Age of Sigmar,1
2024-08-09,Warhammer Age of Sigmar,1
2024-08-10,Warhammer Age of Sigmar,1
2024-08-11,Warhammer Age of Sigmar,1
2024-08-12,Warhammer Age of Sigmar,1
2024-08-13,Warhammer Age of Sigmar,1
2024-08-14,Warhammer Age of Sigmar,1
2024-08-15,Warhammer Age of Sigmar,1
2024-08-16,Warhammer Age of Sigmar,1
2024-08-17,Warhammer Age of Sigmar,1
2024-08-18,Warhammer Age of Sigmar,1
2024-08-19,Warhammer Age of Sigmar,1
2024-08-20,Warhammer Age of Sigmar,1
2024-08-21,Warhammer Age of Sigmar,1
2024-08-22,Warhammer Age of Sigmar,1
2024-08-23,Warhammer Age of Sigmar,1
2024-08-24,Warhammer Age of Sigmar,1
2024-08-25,Warhammer Age of Sigmar,1
2024-08-26,Warhammer Age of Sigmar,1
2024-08-27,Warhammer Age of Sigmar,1
2024-08-28,Warhammer Age of Sigmar,1
2024-08-29,Warhammer Age of Sigmar,1
2024-08-30,Warhammer Age of Sigmar,1
2024-08-31,Warhammer Age of Sigmar,1
2024-09-01,Warhammer Age of Sigmar,1
2024-09-02,Warhammer Age of Sigmar,1
2024-09-03,Warhammer Age of Sigmar,1
2024-09-04,Warhammer Age of Sigmar,1
2024-09-05,Warhammer Age of Sigmar,1
2024-09-06,Warhammer Age of Sigmar,1
2024-09-07,Warhammer Age of Sigmar,1
2024-09-08,Warhammer Age of Sigmar,1
2024-09-09,Warhammer Age of Sigmar,1
2024-09-10,Warhammer Age of Sigmar,1
2024-09-11,Warhammer Age of Sigmar,1
2024-09-12,Warhammer Age of Sigmar,1
2024-09-13,Warhammer Age of Sigmar,1
2024-09-14,Warhammer Age of Sigmar,1
2024-09-15,Warhammer Age of Sigmar,1
2024-09-16,Warhammer Age of Sigmar,1
2024-09-17,Warhammer Age of Sigmar,1
2024-09-18,Warhammer Age of Sigmar,1
2024-09-19,Warhammer Age of Sigmar,1
2024-09-20,Warhammer Age of Sigmar,1
2024-09-21,Warhammer Age of Sigmar,1
2024-09-22,Warhammer Age of Sigmar,1
2024-09-23,Warhammer Age of Sigmar,1
2024-09-24,Warhammer Age of Sigmar,1
2024-09-25,Warhammer Age of Sigmar,1
2024-09-26,Warhammer Age of Sigmar,1
2024-09-27,Warhammer Age of Sigmar,1
2024-09-28,Warhammer Age of Sigmar,1
2024-09-29,Warhammer Age of Sigmar,1
2024-09-30,Warhammer Age of Sigmar,1
2024-10-01,Warhammer Age of Sigmar,1
2024-10-02,Warhammer Age of Sigmar,1
2024-10-03,Warhammer Age of Sigmar,1
2024-10-04,Warhammer Age of Sigmar,1
2024-10-05,Warhammer Age of Sigmar,1
2024-10-06,Warhammer Age of Sigmar,1
2024-10-07,Warhammer Age of Sigmar,1
2024-10-08,Warhammer Age of Sigmar,1
2024-10-09,Warhammer Age of Sigmar,1
2024-10-10,Warhammer Age of Sigmar,1
2024-10-11,Warhammer Age of Sigmar,1
2024-10-12,Warhammer Age of Sigmar,1
2024-10-13,Warhammer Age of Sigmar,1
2024-10-14,Warhammer Age of Sigmar,1
2024-10-15,Warhammer Age of Sigmar,1
2024-10-16,Warhammer Age of Sigmar,1
2024-10-17,Warhammer Age of Sigmar,1
2024-10-18,Warhammer Age of Sigmar,1
2024-10-19,Warhammer Age of Sigmar,1
2024-10-20,Warhammer Age of Sigmar,1
2024-10-21,Warhammer Age of Sigmar,1
2024-10-22,Warhammer Age of Sigmar,1
2024-10-23,Warhammer Age of Sigmar,1
2024-10-24,Warhammer Age of Sigmar,1
2024-10-25,Warhammer Age of Sigmar,1
2024-10-26,Warhammer Age of Sigmar,1
2024-10-27,Warhammer Age of Sigmar,1
2024-10-28,Warhammer Age of Sigmar,1
2024-10-29,Warhammer Age of Sigmar,1
2024-10-30,Warhammer Age of Sigmar,1
2024-10-31,Warhammer Age of Sigmar,1
2024-11-01,Warhammer Age of Sigmar,1
2024-11-02,Warhammer Age of Sigmar,1
2024-11-03,Warhammer Age of Sigmar,1
2024-11-04,Warhammer Age of Sigmar,1
2024-11-05,Warhammer Age of Sigmar,0
2024-11-06,Warhammer Age of Sigmar,0
2024-11-07,Warhammer Age of Sigmar,1
2024-11-08,Warhammer Age of Sigmar,1
2024-11-09,Warhammer Age of Sigmar,1
2024-11-10,Warhammer Age of Sigmar,1
2024-11-11,Warhammer Age of Sigmar,1
2024-11-12,Warhammer Age of Sigmar,1
2024-11-13,Warhammer Age of Sigmar,1
2024-11-14,Warhammer Age of Sigmar,1
2024-11-15,Warhammer Age of Sigmar,1
2024-11-16,Warhammer Age of Sigmar,1
2024-11-17,Warhammer Age of Sigmar,1
2024-11-18,Warhammer Age of Sigmar,1
2024-11-19,Warhammer Age of Sigmar,1
2024-11-20,Warhammer Age of Sigmar,1
2024-11-21,Warhammer Age of Sigmar,1
2024-11-22,Warhammer Age of Sigmar,1
2024-11-23,Warhammer Age of Sigmar,1
2024-11-24,Warhammer Age of Sigmar,1
2024-11-25,Warhammer Age of Sigmar,1
2024-11-26,Warhammer Age of Sigmar,1
2024-11-27,Warhammer Age of Sigmar,1
2024-11-28,Warhammer Age of Sigmar,1
2024-11-29,Warhammer Age of Sigmar,1
2024-11-30,Warhammer Age of Sigmar,1
2024-12-01,Warhammer Age of Sigmar,1
2024-12-02,Warhammer Age of Sigmar,1
2024-12-03,Warhammer Age of Sigmar,1
2024-12-04,Warhammer Age of Sigmar,1
2024-12-05,Warhammer Age of Sigmar,1
2024-12-06,Warhammer Age of Sigmar,1
2024-12-07,Warhammer Age of Sigmar,1
2024-12-08,Warhammer Age of Sigmar,1
2024-12-09,Warhammer Age of Sigmar,1
2024-12-10,Warhammer Age of Sigmar,1
2024-12-11,Warhammer Age of Sigmar,1
2024-12-12,Warhammer Age of Sigmar,1
2024-12-13,Warhammer Age of Sigmar,1
2024-12-14,Warhammer Age of Sigmar,1
2024-12-15,Warhammer Age of Sigmar,1
2024-12-16,Warhammer Age of Sigmar,1
2024-12-17,Warhammer Age of Sigmar,1
2024-12-18,Warhammer Age of Sigmar,1
2024-12-19,Warhammer Age of Sigmar,1
2024-12-20,Warhammer Age of Sigmar,1
2024-12-21,Warhammer Age of Sigmar,1
2024-12-22,Warhammer Age of Sigmar,1
2024-12-23,Warhammer Age of Sigmar,1
2024-12-24,Warhammer Age of Sigmar,1
2024-12-25,Warhammer Age of Sigmar,1
2024-12-26,Warhammer Age of Sigmar,1
2024-12-27,Warhammer Age of Sigmar,1
2024-12-28,Warhammer Age of Sigmar,1
2024-12-29,Warhammer Age of Sigmar,1
2024-12-30,Warhammer Age of Sigmar,1
2024-12-31,Warhammer Age of Sigmar,1
2025-01-01,Warhammer Age of Sigmar,1
2025-01-02,Warhammer Age of Sigmar,1
2025-01-03,Warhammer Age of Sigmar,1
2025-01-04,Warhammer Age of Sigmar,1
2025-01-05,Warhammer Age of Sigmar,1
2025-01-06,Warhammer Age of Sigmar,1
2025-01-07,Warhammer Age of Sigmar,1
2025-01-08,Warhammer Age of Sigmar,1
2025-01-09,Warhammer Age of Sigmar,1
2025-01-10,Warhammer Age of Sigmar,1
2025-01-11,Warhammer Age of Sigmar,1
2025-01-12,Warhammer Age of Sigmar,1
2025-01-13,Warhammer Age of Sigmar,1
2025-01-14,Warhammer Age of Sigmar,1
2025-01-15,Warhammer Age of Sigmar,1
2025-01-16,Warhammer Age of Sigmar,1
2025-01-17,Warhammer Age of Sigmar,1
2025-01-18,Warhammer Age of Sigmar,1
2025-01-19,Warhammer Age of Sigmar,1
2025-01-20,Warhammer Age of Sigmar,1
2025-01-21,Warhammer Age of Sigmar,1
2025-01-22,Warhammer Age of Sigmar,1
2025-01-23,Warhammer Age of Sigmar,1
2025-01-24,Warhammer Age of Sigmar,1
2025-01-25,Warhammer Age of Sigmar,1
2025-01-26,Warhammer Age of Sigmar,1
2025-01-27,Warhammer Age of Sigmar,1
2025-01-28,Warhammer Age of Sigmar,1
2025-01-29,Warhammer Age of Sigmar,1
2025-01-30,Warhammer Age of Sigmar,0
2025-01-31,Warhammer Age of Sigmar,1
2025-02-01,Warhammer Age of Sigmar,1
2025-02-02,Warhammer Age of Sigmar,3
2025-02-03,Warhammer Age of Sigmar,2
2025-02-04,Warhammer Age of Sigmar,2
2025-02-05,Warhammer Age of Sigmar,3
2025-02-06,Warhammer Age of Sigmar,2
2025-02-07,Warhammer Age of Sigmar,2
2025-02-08,Warhammer Age of Sigmar,2
2025-02-09,Warhammer Age of Sigmar,3
2025-02-10,Warhammer Age of Sigmar,2
2025-02-11,Warhammer Age of Sigmar,2
2025-02-12,Warhammer Age of Sigmar,2
2025-02-13,Warhammer Age of Sigmar,1
2025-02-14,Warhammer Age of Sigmar,2
2025-02-15,Warhammer Age of Sigmar,2
2025-02-16,Warhammer Age of Sigmar,2
2025-02-17,Warhammer Age of Sigmar,3
2025-02-18,Warhammer Age of Sigmar,3
2025-02-19,Warhammer Age of Sigmar,2
2025-02-20,Warhammer Age of Sigmar,2
2025-02-21,Warhammer Age of Sigmar,2
2025-02-22,Warhammer Age of Sigmar,0
2025-02-23,Warhammer Age of Sigmar,2
2025-02-24,Warhammer Age of Sigmar,3
2025-02-25,Warhammer Age of Sigmar,2
2025-02-26,Warhammer Age of Sigmar,2
2025-02-27,Warhammer Age of Sigmar,2
2025-02-28,Warhammer Age of Sigmar,2
2025-03-01,Warhammer Age of Sigmar,2
2025-03-02,Warhammer Age of Sigmar,3
2025-03-03,Warhammer Age of Sigmar,2
2025-03-04,Warhammer Age of Sigmar,3
2025-03-05,Warhammer Age of Sigmar,2
2025-03-06,Warhammer Age of Sigmar,2
2025-03-07,Warhammer Age of Sigmar,2
2025-03-08,Warhammer Age of Sigmar,2
2025-03-09,Warhammer Age of Sigmar,2
2025-03-10,Warhammer Age of Sigmar,2
2025-03-11,Warhammer Age of Sigmar,2
2025-03-12,Warhammer Age of Sigmar,2
2025-03-13,Warhammer Age of Sigmar,2
2025-03-14,Warhammer Age of Sigmar,2
2025-03-15,Warhammer Age of Sigmar,2
2025-03-16,Warhammer Age of Sigmar,2
2025-03-17,Warhammer Age of Sigmar,2
2025-03-18,Warhammer Age of Sigmar,2
2025-03-19,Warhammer Age of Sigmar,2
2025-03-20,Warhammer Age of Sigmar,2
2025-03-21,Warhammer Age of Sigmar,2
2025-03-22,Warhammer Age of Sigmar,2
2025-03-23,Warhammer Age of Sigmar,2
2025-03-24,Warhammer Age of Sigmar,2
2025-03-25,Warhammer Age of Sigmar,2
2025-03-26,Warhammer Age of Sigmar,1
2025-03-27,Warhammer Age of Sigmar,2
2025-03-28,Warhammer Age of Sigmar,2
2025-03-29,Warhammer Age of Sigmar,2
2025-03-30,Warhammer Age of Sigmar,3
2025-03-31,Warhammer Age of Sigmar,4
2025-04-01,Warhammer Age of Sigmar,2
2025-04-02,Warhammer Age of Sigmar,2
2025-04-03,Warhammer Age of Sigmar,2
2025-04-04,Warhammer Age of Sigmar,2
2025-04-05,Warhammer Age of Sigmar,2
2025-04-06,Warhammer Age of Sigmar,3
2025-04-07,Warhammer Age of Sigmar,2
2025-04-08,Warhammer Age of Sigmar,2
2025-04-09,Warhammer Age of Sigmar,2
2025-04-10,Warhammer Age of Sigmar,2
2025-04-11,Warhammer Age of Sigmar,2
2025-04-12,Warhammer Age of Sigmar,2
2025-04-13,Warhammer Age of Sigmar,1
2025-04-14,Warhammer Age of Sigmar,2
2025-04-15,Warhammer Age of Sigmar,1
2025-04-16,Warhammer Age of Sigmar,2
2025-04-17,Warhammer Age of Sigmar,2
2025-04-18,Warhammer Age of Sigmar,3
2025-04-19,Warhammer Age of Sigmar,3
2025-04-20,Warhammer Age of Sigmar,2
2025-04-21,Warhammer Age of Sigmar,2
2025-04-22,Warhammer Age of Sigmar,1
2025-04-23,Warhammer Age of Sigmar,2
2025-04-24,Warhammer Age of Sigmar,2
2025-04-25,Warhammer Age of Sigmar,2
2025-04-26,Warhammer Age of Sigmar,1
2025-04-27,Warhammer Age of Sigmar,2
2025-04-28,Warhammer Age of Sigmar,2
2025-04-29,Warhammer Age of Sigmar,3
2025-04-30,Warhammer Age of Sigmar,2
2025-05-01,Warhammer Age of Sigmar,2
2025-05-02,Warhammer Age of Sigmar,2
2025-05-03,Warhammer Age of Sigmar,2
2025-05-04,Warhammer Age of Sigmar,2
2025-05-05,Warhammer Age of Sigmar,2
2025-05-06,Warhammer Age of Sigmar,1
2025-05-07,Warhammer Age of Sigmar,2
2025-05-08,Warhammer Age of Sigmar,2
2025-05-09,Warhammer Age of Sigmar,1
2025-05-10,Warhammer Age of Sigmar,2
2025-05-11,Warhammer Age of Sigmar,3
2025-05-12,Warhammer Age of Sigmar,2
2025-05-13,Warhammer Age of Sigmar,2
2025-05-14,Warhammer Age of Sigmar,2
2025-05-15,Warhammer Age of Sigmar,2
2025-05-16,Warhammer Age of Sigmar,2
2025-05-17,Warhammer Age of Sigmar,2
2025-05-18,Warhammer Age of Sigmar,2
2025-05-19,Warhammer Age of Sigmar,1
2025-05-20,Warhammer Age of Sigmar,1
2025-05-21,Warhammer Age of Sigmar,1
2025-05-22,Warhammer Age of Sigmar,1
2025-05-23,Warhammer Age of Sigmar,2
2025-05-24,Warhammer Age of Sigmar,3
2025-05-25,Warhammer Age of Sigmar,2
2025-05-26,Warhammer Age of Sigmar,2
2025-05-27,Warhammer Age of Sigmar,3
2025-05-28,Warhammer Age of Sigmar,2
2025-05-29,Warhammer Age of Sigmar,2
2025-05-30,Warhammer Age of Sigmar,2
2025-05-31,Warhammer Age of Sigmar,1
2025-06-01,Warhammer Age of Sigmar,3
2025-06-02,Warhammer Age of Sigmar,2
2025-06-03,Warhammer Age of Sigmar,2
2025-06-04,Warhammer Age of Sigmar,2
2025-06-05,Warhammer Age of Sigmar,2
2025-06-06,Warhammer Age of Sigmar,2
2025-06-07,Warhammer Age of Sigmar,3
2025-06-08,Warhammer Age of Sigmar,2
2025-06-09,Warhammer Age of Sigmar,2
2025-06-10,Warhammer Age of Sigmar,2
2025-06-11,Warhammer Age of Sigmar,3
2025-06-12,Warhammer Age of Sigmar,3
2025-06-13,Warhammer Age of Sigmar,2
2025-06-14,Warhammer Age of Sigmar,2
2025-06-15,Warhammer Age of Sigmar,3
2025-06-16,Warhammer Age of Sigmar,3
2025-06-17,Warhammer Age of Sigmar,2
2025-06-18,Warhammer Age of Sigmar,1
2025-06-19,Warhammer Age of Sigmar,2
2025-06-20,Warhammer Age of Sigmar,2
2025-06-21,Warhammer Age of Sigmar,2
2025-06-22,Warhammer Age of Sigmar,2
2025-06-23,Warhammer Age of Sigmar,2
2025-06-24,Warhammer Age of Sigmar,2
2025-06-25,Warhammer Age of Sigmar,2
2025-06-26,Warhammer Age of Sigmar,2
2025-06-27,Warhammer Age of Sigmar,2
2025-06-28,Warhammer Age of Sigmar,2
2025-06-29,Warhammer Age of Sigmar,1
2025-06-30,Warhammer Age of Sigmar,2
2025-07-01,Warhammer Age of Sigmar,1
2025-07-02,Warhammer Age of Sigmar,2
2025-07-03,Warhammer Age of Sigmar,3
2025-07-04,Warhammer Age of Sigmar,2
2025-07-05,Warhammer Age of Sigmar,1
2025-07-06,Warhammer Age of Sigmar,2
2025-07-07,Warhammer Age of Sigmar,2
2025-07-08,Warhammer Age of Sigmar,2
2025-07-09,Warhammer Age of Sigmar,2
2025-07-10,Warhammer Age of Sigmar,2
2025-07-11,Warhammer Age of Sigmar,2
2025-07-12,Warhammer Age of Sigmar,3
2025-07-13,Warhammer Age of Sigmar,2
2025-07-14,Warhammer Age of Sigmar,2
2025-07-15,Warhammer Age of Sigmar,3
2025-07-16,Warhammer Age of Sigmar,1
2025-07-17,Warhammer Age of Sigmar,1
2025-07-18,Warhammer Age of Sigmar,2
2025-07-19,Warhammer Age of Sigmar,3
2025-07-20,Warhammer Age of Sigmar,2
2025-07-21,Warhammer Age of Sigmar,3
2025-07-22,Warhammer Age of Sigmar,2
2025-07-23,Warhammer Age of Sigmar,2
2025-07-24,Warhammer Age of Sigmar,3
2025-07-25,Warhammer Age of Sigmar,3
2025-07-26,Warhammer Age of Sigmar,2
2025-07-27,Warhammer Age of Sigmar,2
2025-07-28,Warhammer Age of Sigmar,2
2025-07-29,Warhammer Age of Sigmar,1
2025-07-30,Warhammer Age of Sigmar,3
2025-07-31,Warhammer Age of Sigmar,2
2025-08-01,Warhammer Age of Sigmar,1
2025-08-02,Warhammer Age of Sigmar,1
2025-08-03,Warhammer Age of Sigmar,1
2025-08-04,Warhammer Age of Sigmar,1
2025-08-05,Warhammer Age of Sigmar,1
2025-08-06,Warhammer Age of Sigmar,1
2025-08-07,Warhammer Age of Sigmar,1
2025-08-08,Warhammer Age of Sigmar,1
2025-08-09,Warhammer Age of Sigmar,1
2025-08-10,Warhammer Age of Sigmar,1
2025-08-11,Warhammer Age of Sigmar,1
2025-08-12,Warhammer Age of Sigmar,1
2025-08-13,Warhammer Age of Sigmar,1
2025-08-14,Warhammer Age of Sigmar,1
2025-08-15,Warhammer Age of Sigmar,1
2025-08-16,Warhammer Age of Sigmar,1
2025-08-17,Warhammer Age of Sigmar,1
2025-08-18,Warhammer Age of Sigmar,1
2025-08-19,Warhammer Age of Sigmar,1
2025-08-20,Warhammer Age of Sigmar,1
2025-08-21,Warhammer Age of Sigmar,1
2025-08-22,Warhammer Age of Sigmar,1
2025-08-23,Warhammer Age of Sigmar,1
2025-08-24,Warhammer Age of Sigmar,2
2025-08-25,Warhammer Age of Sigmar,1
2025-08-26,Warhammer Age of Sigmar,1
2025-08-27,Warhammer Age of Sigmar,1
2025-08-28,Warhammer Age of Sigmar,1
2025-08-29,Warhammer Age of Sigmar,1
2025-08-30,Warhammer Age of Sigmar,1
2025-08-31,Warhammer Age of Sigmar,1
2025-09-01,Warhammer Age of Sigmar,1
2025-09-02,Warhammer Age of Sigmar,1
2025-09-03,Warhammer Age of Sigmar,1
2025-09-04,Warhammer Age of Sigmar,1
2025-09-05,Warhammer Age of Sigmar,1
2025-09-06,Warhammer Age of Sigmar,1
2025-09-07,Warhammer Age of Sigmar,1
2025-09-08,Warhammer Age of Sigmar,1
2025-09-09,Warhammer Age of Sigmar,1
2025-09-10,Warhammer Age of Sigmar,1
2025-09-11,Warhammer Age of Sigmar,1
2025-09-12,Warhammer Age of Sigmar,1
2025-09-13,Warhammer Age of Sigmar,1
2025-09-14,Warhammer Age of Sigmar,1
2025-09-15,Warhammer Age of Sigmar,1
2025-09-16,Warhammer Age of Sigmar,1
2025-09-17,Warhammer Age of Sigmar,1
2025-09-18,Warhammer Age of Sigmar,1
2025-09-19,Warhammer Age of Sigmar,1
2025-09-20,Warhammer Age of Sigmar,1
2025-09-21,Warhammer Age of Sigmar,1
2025-09-22,Warhammer Age of Sigmar,1
2025-09-23,Warhammer Age of Sigmar,1
2025-09-24,Warhammer Age of Sigmar,1
2025-09-25,Warhammer Age of Sigmar,1
2025-09-26,Warhammer Age of Sigmar,1
2025-09-27,Warhammer Age of Sigmar,1
2025-09-28,Warhammer Age of Sigmar,1
2025-09-29,Warhammer Age of Sigmar,1
2025-09-30,Warhammer Age of Sigmar,1
2025-10-01,Warhammer Age of Sigmar,1
2025-10-02,Warhammer Age of Sigmar,1
2025-10-03,Warhammer Age of Sigmar,1
2025-10-04,Warhammer Age of Sigmar,1
2025-10-05,Warhammer Age of Sigmar,1
2025-10-06,Warhammer Age of Sigmar,1
2025-10-07,Warhammer Age of Sigmar,1
2025-10-08,Warhammer Age of Sigmar,1
2025-10-09,Warhammer Age of Sigmar,1
2025-10-10,Warhammer Age of Sigmar,1
2025-10-11,Warhammer Age of Sigmar,1
2025-10-12,Warhammer Age of Sigmar,1
2025-10-13,Warhammer Age of Sigmar,1
2025-10-14,Warhammer Age of Sigmar,1
2025-10-15,Warhammer Age of Sigmar,1
2025-10-16,Warhammer Age of Sigmar,1
2025-10-17,Warhammer Age of Sigmar,1
2025-10-18,Warhammer Age of Sigmar,1
2025-10-19,Warhammer Age of Sigmar,1
2025-10-20,Warhammer Age of Sigmar,1
2025-10-21,Warhammer Age of Sigmar,1
2025-10-22,Warhammer Age of Sigmar,1
2025-10-23,Warhammer Age of Sigmar,1
2025-10-24,Warhammer Age of Sigmar,1
2025-10-25,Warhammer Age of Sigmar,1
2025-10-26,Warhammer Age of Sigmar,1
2025-10-27,Warhammer Age of Sigmar,1
2025-10-28,Warhammer Age of Sigmar,1
2025-10-29,Warhammer Age of Sigmar,1
2025-10-30,Warhammer Age of Sigmar,1
2025-10-31,Warhammer Age of Sigmar,1
2025-11-01,Warhammer Age of Sigmar,1
2025-11-02,Warhammer Age of Sigmar,1
2025-11-03,Warhammer Age of Sigmar,1
2025-11-04,Warhammer Age of Sigmar,1
2025-11-05,Warhammer Age of Sigmar,1
2025-11-06,Warhammer Age of Sigmar,1
2025-11-07,Warhammer Age of Sigmar,1
2025-11-08,Warhammer Age of Sigmar,1
2025-11-09,Warhammer Age of Sigmar,1
2025-11-10,Warhammer Age of Sigmar,1
2025-11-11,Warhammer Age of Sigmar,1
2025-11-12,Warhammer Age of Sigmar,1
2025-11-13,Warhammer Age of Sigmar,1
2025-11-14,Warhammer Age of Sigmar,1
2025-11-15,Warhammer Age of Sigmar,1
2025-11-16,Warhammer Age of Sigmar,1
2025-11-17,Warhammer Age of Sigmar,1
2025-11-18,Warhammer Age of Sigmar,1
2025-11-19,Warhammer Age of Sigmar,1
2025-11-20,Warhammer Age of Sigmar,1
2025-11-21,Warhammer Age of Sigmar,1
2025-11-22,Warhammer Age of Sigmar,1
2025-11-23,Warhammer Age of Sigmar,1
2025-11-24,Warhammer Age of Sigmar,1
2025-11-25,Warhammer Age of Sigmar,1
2025-11-26,Warhammer Age of Sigmar,1
2025-11-27,Warhammer Age of Sigmar,1
2025-11-28,Warhammer Age of Sigmar,1
2025-11-29,Warhammer Age of Sigmar,2
2025-11-30,Warhammer Age of Sigmar,1
2025-12-01,Warhammer Age of Sigmar,1
2025-12-02,Warhammer Age of Sigmar,1
2025-12-03,Warhammer Age of Sigmar,1
2025-12-04,Warhammer Age of Sigmar,1
2025-12-05,Warhammer Age of Sigmar,1
2025-12-06,Warhammer Age of Sigmar,1
2025-12-07,Warhammer Age of Sigmar,1
2025-12-08,Warhammer Age of Sigmar,1
2025-12-09,Warhammer Age of Sigmar,1
2025-12-10,Warhammer Age of Sigmar,1
2025-12-11,Warhammer Age of Sigmar,1
2025-12-12,Warhammer Age of Sigmar,1
2025-12-13,Warhammer Age of Sigmar,1
2025-12-14,Warhammer Age of Sigmar,2
2025-12-15,Warhammer Age of Sigmar,1
2025-12-16,Warhammer Age of Sigmar,1
2025-12-17,Warhammer Age of Sigmar,2
2025-12-18,Warhammer Age of Sigmar,1
2025-12-19,Warhammer Age of Sigmar,1
2025-12-20,Warhammer Age of Sigmar,1
2025-12-21,Warhammer Age of Sigmar,1
2025-12-22,Warhammer Age of Sigmar,1
2025-12-23,Warhammer Age of Sigmar,1
2025-12-24,Warhammer Age of Sigmar,1
2025-12-25,Warhammer Age of Sigmar,1
2025-12-26,Warhammer Age of Sigmar,1
2025-12-27,Warhammer Age of Sigmar,2
2025-12-28,Warhammer Age of Sigmar,2
2025-12-29,Warhammer Age of Sigmar,1
2025-12-30,Warhammer Age of Sigmar,2
2025-12-31,Warhammer Age of Sigmar,1
2026-01-01,Warhammer Age of Sigmar,1
2026-01-02,Warhammer Age of Sigmar,2
2026-01-03,Warhammer Age of Sigmar,1
2026-01-04,Warhammer Age of Sigmar,2
2026-01-05,Warhammer Age of Sigmar,1
2026-01-06,Warhammer Age of Sigmar,1
2026-01-07,Warhammer Age of Sigmar,1
2026-01-08,Warhammer Age of Sigmar,1
2026-01-09,Warhammer Age of Sigmar,1
2026-01-10,Warhammer Age of Sigmar,2
2026-01-11,Warhammer Age of Sigmar,2
2026-01-12,Warhammer Age of Sigmar,1
2026-01-13,Warhammer Age of Sigmar,1
2026-01-14,Warhammer Age of Sigmar,1
2026-01-15,Warhammer Age of Sigmar,1
2026-01-16,Warhammer Age of Sigmar,1
2026-01-17,Warhammer Age of Sigmar,2
2026-01-18,Warhammer Age of Sigmar,2
2026-01-19,Warhammer Age of Sigmar,1
2026-01-20,Warhammer Age of Sigmar,1
2026-01-21,Warhammer Age of Sigmar,1
2026-01-22,Warhammer Age of Sigmar,1
2026-01-23,Warhammer Age of Sigmar,1
2026-01-24,Warhammer Age of Sigmar,1
2026-01-25,Warhammer Age of Sigmar,1
2026-01-26,Warhammer Age of Sigmar,1
2026-01-27,Warhammer Age of Sigmar,1
2026-01-28,Warhammer Age of Sigmar,1
2026-02-22,Warhammer Age of Sigmar,2
2021-02-23,Warhammer Space Marine,5
2021-02-24,Warhammer Space Marine,4
2021-02-25,Warhammer Space Marine,4
2021-02-26,Warhammer Space Marine,4
2021-02-27,Warhammer Space Marine,4
2021-02-28,Warhammer Space Marine,5
2021-03-01,Warhammer Space Marine,5
2021-03-02,Warhammer Space Marine,4
2021-03-03,Warhammer Space Marine,4
2021-03-04,Warhammer Space Marine,5
2021-03-05,Warhammer Space Marine,4
2021-03-06,Warhammer Space Marine,6
2021-03-07,Warhammer Space Marine,0
2021-03-08,Warhammer Space Marine,4
2021-03-09,Warhammer Space Marine,4
2021-03-10,Warhammer Space Marine,5
2021-03-11,Warhammer Space Marine,5
2021-03-12,Warhammer Space Marine,5
2021-03-13,Warhammer Space Marine,6
2021-03-14,Warhammer Space Marine,5
2021-03-15,Warhammer Space Marine,4
2021-03-16,Warhammer Space Marine,3
2021-03-17,Warhammer Space Marine,5
2021-03-18,Warhammer Space Marine,3
2021-03-19,Warhammer Space Marine,6
2021-03-20,Warhammer Space Marine,3
2021-03-21,Warhammer Space Marine,6
2021-03-22,Warhammer Space Marine,3
2021-03-23,Warhammer Space Marine,4
2021-03-24,Warhammer Space Marine,5
2021-03-25,Warhammer Space Marine,3
2021-03-26,Warhammer Space Marine,3
2021-03-27,Warhammer Space Marine,4
2021-03-28,Warhammer Space Marine,6
2021-03-29,Warhammer Space Marine,4
2021-03-30,Warhammer Space Marine,5
2021-03-31,Warhammer Space Marine,3
2021-04-01,Warhammer Space Marine,4
2021-04-02,Warhammer Space Marine,3
2021-04-03,Warhammer Space Marine,4
2021-04-04,Warhammer Space Marine,5
2021-04-05,Warhammer Space Marine,4
2021-04-06,Warhammer Space Marine,3
2021-04-07,Warhammer Space Marine,4
2021-04-08,Warhammer Space Marine,3
2021-04-09,Warhammer Space Marine,4
2021-04-10,Warhammer Space Marine,3
2021-04-11,Warhammer Space Marine,5
2021-04-12,Warhammer Space Marine,3
2021-04-13,Warhammer Space Marine,4
2021-04-14,Warhammer Space Marine,2
2021-04-15,Warhammer Space Marine,4
2021-04-16,Warhammer Space Marine,0
2021-04-17,Warhammer Space Marine,4
2021-04-18,Warhammer Space Marine,5
2021-04-19,Warhammer Space Marine,4
2021-04-20,Warhammer Space Marine,3
2021-04-21,Warhammer Space Marine,5
2021-04-22,Warhammer Space Marine,4
2021-04-23,Warhammer Space Marine,3
2021-04-24,Warhammer Space Marine,4
2021-04-25,Warhammer Space Marine,4
2021-04-26,Warhammer Space Marine,5
2021-04-27,Warhammer Space Marine,4
2021-04-28,Warhammer Space Marine,4
2021-04-29,Warhammer Space Marine,4
2021-04-30,Warhammer Space Marine,3
2021-05-01,Warhammer Space Marine,4
2021-05-02,Warhammer Space Marine,5
2021-05-03,Warhammer Space Marine,6
2021-05-04,Warhammer Space Marine,4
2021-05-05,Warhammer Space Marine,4
2021-05-06,Warhammer Space Marine,4
2021-05-07,Warhammer Space Marine,4
2021-05-08,Warhammer Space Marine,3
2021-05-09,Warhammer Space Marine,3
2021-05-10,Warhammer Space Marine,4
2021-05-11,Warhammer Space Marine,5
2021-05-12,Warhammer Space Marine,2
2021-05-13,Warhammer Space Marine,4
2021-05-14,Warhammer Space Marine,3
2021-05-15,Warhammer Space Marine,4
2021-05-16,Warhammer Space Marine,5
2021-05-17,Warhammer Space Marine,4
2021-05-18,Warhammer Space Marine,4
2021-05-19,Warhammer Space Marine,2
2021-05-20,Warhammer Space Marine,3
2021-05-21,Warhammer Space Marine,4
2021-05-22,Warhammer Space Marine,4
2021-05-23,Warhammer Space Marine,6
2021-05-24,Warhammer Space Marine,2
2021-05-25,Warhammer Space Marine,2
2021-05-26,Warhammer Space Marine,2
2021-05-27,Warhammer Space Marine,4
2021-05-28,Warhammer Space Marine,0
2021-05-29,Warhammer Space Marine,3
2021-05-30,Warhammer Space Marine,5
2021-05-31,Warhammer Space Marine,3
2021-06-01,Warhammer Space Marine,4
2021-06-02,Warhammer Space Marine,3
2021-06-03,Warhammer Space Marine,5
2021-06-04,Warhammer Space Marine,5
2021-06-05,Warhammer Space Marine,9
2021-06-06,Warhammer Space Marine,7
2021-06-07,Warhammer Space Marine,4
2021-06-08,Warhammer Space Marine,4
2021-06-09,Warhammer Space Marine,4
2021-06-10,Warhammer Space Marine,4
2021-06-11,Warhammer Space Marine,4
2021-06-12,Warhammer Space Marine,3
2021-06-13,Warhammer Space Marine,5
2021-06-14,Warhammer Space Marine,6
2021-06-15,Warhammer Space Marine,2
2021-06-16,Warhammer Space Marine,3
2021-06-17,Warhammer Space Marine,4
2021-06-18,Warhammer Space Marine,3
2021-06-19,Warhammer Space Marine,6
2021-06-20,Warhammer Space Marine,6
2021-06-21,Warhammer Space Marine,4
2021-06-22,Warhammer Space Marine,3
2021-06-23,Warhammer Space Marine,5
2021-06-24,Warhammer Space Marine,4
2021-06-25,Warhammer Space Marine,3
2021-06-26,Warhammer Space Marine,4
2021-06-27,Warhammer Space Marine,8
2021-06-28,Warhammer Space Marine,5
2021-06-29,Warhammer Space Marine,4
2021-06-30,Warhammer Space Marine,0
2021-07-01,Warhammer Space Marine,4
2021-07-02,Warhammer Space Marine,6
2021-07-03,Warhammer Space Marine,4
2021-07-04,Warhammer Space Marine,3
2021-07-05,Warhammer Space Marine,4
2021-07-06,Warhammer Space Marine,4
2021-07-07,Warhammer Space Marine,3
2021-07-08,Warhammer Space Marine,4
2021-07-09,Warhammer Space Marine,3
2021-07-10,Warhammer Space Marine,7
2021-07-11,Warhammer Space Marine,5
2021-07-12,Warhammer Space Marine,5
2021-07-13,Warhammer Space Marine,4
2021-07-14,Warhammer Space Marine,7
2021-07-15,Warhammer Space Marine,6
2021-07-16,Warhammer Space Marine,4
2021-07-17,Warhammer Space Marine,3
2021-07-18,Warhammer Space Marine,5
2021-07-19,Warhammer Space Marine,4
2021-07-20,Warhammer Space Marine,4
2021-07-21,Warhammer Space Marine,6
2021-07-22,Warhammer Space Marine,7
2021-07-23,Warhammer Space Marine,4
2021-07-24,Warhammer Space Marine,6
2021-07-25,Warhammer Space Marine,5
2021-07-26,Warhammer Space Marine,3
2021-07-27,Warhammer Space Marine,4
2021-07-28,Warhammer Space Marine,3
2021-07-29,Warhammer Space Marine,4
2021-07-30,Warhammer Space Marine,0
2021-07-31,Warhammer Space Marine,3
2021-08-01,Warhammer Space Marine,4
2021-08-02,Warhammer Space Marine,4
2021-08-03,Warhammer Space Marine,3
2021-08-04,Warhammer Space Marine,4
2021-08-05,Warhammer Space Marine,3
2021-08-06,Warhammer Space Marine,3
2021-08-07,Warhammer Space Marine,4
2021-08-08,Warhammer Space Marine,4
2021-08-09,Warhammer Space Marine,4
2021-08-10,Warhammer Space Marine,0
2021-08-11,Warhammer Space Marine,4
2021-08-12,Warhammer Space Marine,3
2021-08-13,Warhammer Space Marine,3
2021-08-14,Warhammer Space Marine,5
2021-08-15,Warhammer Space Marine,4
2021-08-16,Warhammer Space Marine,4
2021-08-17,Warhammer Space Marine,4
2021-08-18,Warhammer Space Marine,4
2021-08-19,Warhammer Space Marine,3
2021-08-20,Warhammer Space Marine,3
2021-08-21,Warhammer Space Marine,4
2021-08-22,Warhammer Space Marine,2
2021-08-23,Warhammer Space Marine,2
2021-08-24,Warhammer Space Marine,2
2021-08-25,Warhammer Space Marine,0
2021-08-26,Warhammer Space Marine,1
2021-08-27,Warhammer Space Marine,2
2021-08-28,Warhammer Space Marine,2
2021-08-29,Warhammer Space Marine,2
2021-08-30,Warhammer Space Marine,1
2021-08-31,Warhammer Space Marine,1
2021-09-01,Warhammer Space Marine,1
2021-09-02,Warhammer Space Marine,1
2021-09-03,Warhammer Space Marine,1
2021-09-04,Warhammer Space Marine,2
2021-09-05,Warhammer Space Marine,2
2021-09-06,Warhammer Space Marine,0
2021-09-07,Warhammer Space Marine,1
2021-09-08,Warhammer Space Marine,0
2021-09-09,Warhammer Space Marine,1
2021-09-10,Warhammer Space Marine,1
2021-09-11,Warhammer Space Marine,1
2021-09-12,Warhammer Space Marine,0
2021-09-13,Warhammer Space Marine,1
2021-09-14,Warhammer Space Marine,1
2021-09-15,Warhammer Space Marine,1
2021-09-16,Warhammer Space Marine,1
2021-09-17,Warhammer Space Marine,1
2021-09-18,Warhammer Space Marine,2
2021-09-19,Warhammer Space Marine,2
2021-09-20,Warhammer Space Marine,1
2021-09-21,Warhammer Space Marine,1
2021-09-22,Warhammer Space Marine,1
2021-09-23,Warhammer Space Marine,1
2021-09-24,Warhammer Space Marine,3
2021-09-25,Warhammer Space Marine,3
2021-09-26,Warhammer Space Marine,2
2021-09-27,Warhammer Space Marine,2
2021-09-28,Warhammer Space Marine,2
2021-09-29,Warhammer Space Marine,1
2021-09-30,Warhammer Space Marine,1
2021-10-01,Warhammer Space Marine,1
2021-10-02,Warhammer Space Marine,2
2021-10-03,Warhammer Space Marine,1
2021-10-04,Warhammer Space Marine,0
2021-10-05,Warhammer Space Marine,1
2021-10-06,Warhammer Space Marine,1
2021-10-07,Warhammer Space Marine,2
2021-10-08,Warhammer Space Marine,1
2021-10-09,Warhammer Space Marine,2
2021-10-10,Warhammer Space Marine,0
2021-10-11,Warhammer Space Marine,1
2021-10-12,Warhammer Space Marine,1
2021-10-13,Warhammer Space Marine,2
2021-10-14,Warhammer Space Marine,2
2021-10-15,Warhammer Space Marine,1
2021-10-16,Warhammer Space Marine,1
2021-10-17,Warhammer Space Marine,0
2021-10-18,Warhammer Space Marine,2
2021-10-19,Warhammer Space Marine,2
2021-10-20,Warhammer Space Marine,0
2021-10-21,Warhammer Space Marine,1
2021-10-22,Warhammer Space Marine,1
2021-10-23,Warhammer Space Marine,2
2021-10-24,Warhammer Space Marine,2
2021-10-25,Warhammer Space Marine,2
2021-10-26,Warhammer Space Marine,1
2021-10-27,Warhammer Space Marine,1
2021-10-28,Warhammer Space Marine,2
2021-10-29,Warhammer Space Marine,1
2021-10-30,Warhammer Space Marine,2
2021-10-31,Warhammer Space Marine,1
2021-11-01,Warhammer Space Marine,1
2021-11-02,Warhammer Space Marine,2
2021-11-03,Warhammer Space Marine,1
2021-11-04,Warhammer Space Marine,1
2021-11-05,Warhammer Space Marine,2
2021-11-06,Warhammer Space Marine,2
2021-11-07,Warhammer Space Marine,2
2021-11-08,Warhammer Space Marine,1
2021-11-09,Warhammer Space Marine,2
2021-11-10,Warhammer Space Marine,2
2021-11-11,Warhammer Space Marine,1
2021-11-12,Warhammer Space Marine,0
2021-11-13,Warhammer Space Marine,1
2021-11-14,Warhammer Space Marine,2
2021-11-15,Warhammer Space Marine,2
2021-11-16,Warhammer Space Marine,1
2021-11-17,Warhammer Space Marine,2
2021-11-18,Warhammer Space Marine,1
2021-11-19,Warhammer Space Marine,1
2021-11-20,Warhammer Space Marine,1
2021-11-21,Warhammer Space Marine,1
2021-11-22,Warhammer Space Marine,1
2021-11-23,Warhammer Space Marine,1
2021-11-24,Warhammer Space Marine,2
2021-11-25,Warhammer Space Marine,1
2021-11-26,Warhammer Space Marine,2
2021-11-27,Warhammer Space Marine,2
2021-11-28,Warhammer Space Marine,1
2021-11-29,Warhammer Space Marine,1
2021-11-30,Warhammer Space Marine,2
2021-12-01,Warhammer Space Marine,1
2021-12-02,Warhammer Space Marine,1
2021-12-03,Warhammer Space Marine,1
2021-12-04,Warhammer Space Marine,1
2021-12-05,Warhammer Space Marine,1
2021-12-06,Warhammer Space Marine,1
2021-12-07,Warhammer Space Marine,1
2021-12-08,Warhammer Space Marine,3
2021-12-09,Warhammer Space Marine,0
2021-12-10,Warhammer Space Marine,41
2021-12-11,Warhammer Space Marine,15
2021-12-12,Warhammer Space Marine,11
2021-12-13,Warhammer Space Marine,7
2021-12-14,Warhammer Space Marine,7
2021-12-15,Warhammer Space Marine,4
2021-12-16,Warhammer Space Marine,4
2021-12-17,Warhammer Space Marine,5
2021-12-18,Warhammer Space Marine,4
2021-12-19,Warhammer Space Marine,5
2021-12-20,Warhammer Space Marine,4
2021-12-21,Warhammer Space Marine,3
2021-12-22,Warhammer Space Marine,2
2021-12-23,Warhammer Space Marine,3
2021-12-24,Warhammer Space Marine,3
2021-12-25,Warhammer Space Marine,2
2021-12-26,Warhammer Space Marine,3
2021-12-27,Warhammer Space Marine,3
2021-12-28,Warhammer Space Marine,3
2021-12-29,Warhammer Space Marine,3
2021-12-30,Warhammer Space Marine,2
2021-12-31,Warhammer Space Marine,3
2022-01-01,Warhammer Space Marine,4
2022-01-02,Warhammer Space Marine,4
2022-01-03,Warhammer Space Marine,2
2022-01-04,Warhammer Space Marine,6
2022-01-05,Warhammer Space Marine,2
2022-01-06,Warhammer Space Marine,2
2022-01-07,Warhammer Space Marine,2
2022-01-08,Warhammer Space Marine,4
2022-01-09,Warhammer Space Marine,5
2022-01-10,Warhammer Space Marine,3
2022-01-11,Warhammer Space Marine,2
2022-01-12,Warhammer Space Marine,3
2022-01-13,Warhammer Space Marine,5
2022-01-14,Warhammer Space Marine,2
2022-01-15,Warhammer Space Marine,3
2022-01-16,Warhammer Space Marine,6
2022-01-17,Warhammer Space Marine,2
2022-01-18,Warhammer Space Marine,3
2022-01-19,Warhammer Space Marine,3
2022-01-20,Warhammer Space Marine,3
2022-01-21,Warhammer Space Marine,2
2022-01-22,Warhammer Space Marine,3
2022-01-23,Warhammer Space Marine,3
2022-01-24,Warhammer Space Marine,9
2022-01-25,Warhammer Space Marine,3
2022-01-26,Warhammer Space Marine,3
2022-01-27,Warhammer Space Marine,2
2022-01-28,Warhammer Space Marine,3
2022-01-29,Warhammer Space Marine,3
2022-01-30,Warhammer Space Marine,3
2022-01-31,Warhammer Space Marine,1
2022-02-01,Warhammer Space Marine,2
2022-02-02,Warhammer Space Marine,2
2022-02-03,Warhammer Space Marine,3
2022-02-04,Warhammer Space Marine,3
2022-02-05,Warhammer Space Marine,3
2022-02-06,Warhammer Space Marine,3
2022-02-07,Warhammer Space Marine,3
2022-02-08,Warhammer Space Marine,2
2022-02-09,Warhammer Space Marine,3
2022-02-10,Warhammer Space Marine,2
2022-02-11,Warhammer Space Marine,2
2022-02-12,Warhammer Space Marine,3
2022-02-13,Warhammer Space Marine,3
2022-02-14,Warhammer Space Marine,2
2022-02-15,Warhammer Space Marine,3
2022-02-16,Warhammer Space Marine,2
2022-02-17,Warhammer Space Marine,3
2022-02-18,Warhammer Space Marine,5
2022-02-19,Warhammer Space Marine,4
2022-02-20,Warhammer Space Marine,5
2022-02-21,Warhammer Space Marine,5
2022-02-22,Warhammer Space Marine,3
2022-02-23,Warhammer Space Marine,4
2022-02-24,Warhammer Space Marine,3
2022-02-25,Warhammer Space Marine,2
2022-02-26,Warhammer Space Marine,3
2022-02-27,Warhammer Space Marine,3
2022-02-28,Warhammer Space Marine,4
2022-03-01,Warhammer Space Marine,2
2022-03-02,Warhammer Space Marine,3
2022-03-03,Warhammer Space Marine,3
2022-03-04,Warhammer Space Marine,3
2022-03-05,Warhammer Space Marine,4
2022-03-06,Warhammer Space Marine,3
2022-03-07,Warhammer Space Marine,2
2022-03-08,Warhammer Space Marine,4
2022-03-09,Warhammer Space Marine,3
2022-03-10,Warhammer Space Marine,3
2022-03-11,Warhammer Space Marine,4
2022-03-12,Warhammer Space Marine,4
2022-03-13,Warhammer Space Marine,3
2022-03-14,Warhammer Space Marine,3
2022-03-15,Warhammer Space Marine,2
2022-03-16,Warhammer Space Marine,3
2022-03-17,Warhammer Space Marine,3
2022-03-18,Warhammer Space Marine,4
2022-03-19,Warhammer Space Marine,3
2022-03-20,Warhammer Space Marine,4
2022-03-21,Warhammer Space Marine,3
2022-03-22,Warhammer Space Marine,4
2022-03-23,Warhammer Space Marine,3
2022-03-24,Warhammer Space Marine,3
2022-03-25,Warhammer Space Marine,4
2022-03-26,Warhammer Space Marine,4
2022-03-27,Warhammer Space Marine,4
2022-03-28,Warhammer Space Marine,3
2022-03-29,Warhammer Space Marine,4
2022-03-30,Warhammer Space Marine,2
2022-03-31,Warhammer Space Marine,3
2022-04-01,Warhammer Space Marine,3
2022-04-02,Warhammer Space Marine,4
2022-04-03,Warhammer Space Marine,4
2022-04-04,Warhammer Space Marine,4
2022-04-05,Warhammer Space Marine,3
2022-04-06,Warhammer Space Marine,4
2022-04-07,Warhammer Space Marine,4
2022-04-08,Warhammer Space Marine,4
2022-04-09,Warhammer Space Marine,4
2022-04-10,Warhammer Space Marine,3
2022-04-11,Warhammer Space Marine,4
2022-04-12,Warhammer Space Marine,3
2022-04-13,Warhammer Space Marine,2
2022-04-14,Warhammer Space Marine,3
2022-04-15,Warhammer Space Marine,3
2022-04-16,Warhammer Space Marine,4
2022-04-17,Warhammer Space Marine,4
2022-04-18,Warhammer Space Marine,3
2022-04-19,Warhammer Space Marine,3
2022-04-20,Warhammer Space Marine,2
2022-04-21,Warhammer Space Marine,3
2022-04-22,Warhammer Space Marine,3
2022-04-23,Warhammer Space Marine,4
2022-04-24,Warhammer Space Marine,4
2022-04-25,Warhammer Space Marine,3
2022-04-26,Warhammer Space Marine,3
2022-04-27,Warhammer Space Marine,3
2022-04-28,Warhammer Space Marine,3
2022-04-29,Warhammer Space Marine,3
2022-04-30,Warhammer Space Marine,4
2022-05-01,Warhammer Space Marine,5
2022-05-02,Warhammer Space Marine,3
2022-05-03,Warhammer Space Marine,3
2022-05-04,Warhammer Space Marine,3
2022-05-05,Warhammer Space Marine,3
2022-05-06,Warhammer Space Marine,3
2022-05-07,Warhammer Space Marine,4
2022-05-08,Warhammer Space Marine,4
2022-05-09,Warhammer Space Marine,4
2022-05-10,Warhammer Space Marine,3
2022-05-11,Warhammer Space Marine,3
2022-05-12,Warhammer Space Marine,3
2022-05-13,Warhammer Space Marine,3
2022-05-14,Warhammer Space Marine,3
2022-05-15,Warhammer Space Marine,2
2022-05-16,Warhammer Space Marine,4
2022-05-17,Warhammer Space Marine,2
2022-05-18,Warhammer Space Marine,3
2022-05-19,Warhammer Space Marine,3
2022-05-20,Warhammer Space Marine,4
2022-05-21,Warhammer Space Marine,4
2022-05-22,Warhammer Space Marine,4
2022-05-23,Warhammer Space Marine,2
2022-05-24,Warhammer Space Marine,2
2022-05-25,Warhammer Space Marine,2
2022-05-26,Warhammer Space Marine,3
2022-05-27,Warhammer Space Marine,3
2022-05-28,Warhammer Space Marine,4
2022-05-29,Warhammer Space Marine,4
2022-05-30,Warhammer Space Marine,3
2022-05-31,Warhammer Space Marine,3
2022-06-01,Warhammer Space Marine,6
2022-06-02,Warhammer Space Marine,7
2022-06-03,Warhammer Space Marine,6
2022-06-04,Warhammer Space Marine,5
2022-06-05,Warhammer Space Marine,7
2022-06-06,Warhammer Space Marine,5
2022-06-07,Warhammer Space Marine,5
2022-06-08,Warhammer Space Marine,4
2022-06-09,Warhammer Space Marine,4
2022-06-10,Warhammer Space Marine,3
2022-06-11,Warhammer Space Marine,4
2022-06-12,Warhammer Space Marine,6
2022-06-13,Warhammer Space Marine,3
2022-06-14,Warhammer Space Marine,3
2022-06-15,Warhammer Space Marine,3
2022-06-16,Warhammer Space Marine,3
2022-06-17,Warhammer Space Marine,3
2022-06-18,Warhammer Space Marine,4
2022-06-19,Warhammer Space Marine,5
2022-06-20,Warhammer Space Marine,3
2022-06-21,Warhammer Space Marine,2
2022-06-22,Warhammer Space Marine,3
2022-06-23,Warhammer Space Marine,2
2022-06-24,Warhammer Space Marine,4
2022-06-25,Warhammer Space Marine,3
2022-06-26,Warhammer Space Marine,3
2022-06-27,Warhammer Space Marine,4
2022-06-28,Warhammer Space Marine,3
2022-06-29,Warhammer Space Marine,3
2022-06-30,Warhammer Space Marine,3
2022-07-01,Warhammer Space Marine,3
2022-07-02,Warhammer Space Marine,4
2022-07-03,Warhammer Space Marine,3
2022-07-04,Warhammer Space Marine,3
2022-07-05,Warhammer Space Marine,4
2022-07-06,Warhammer Space Marine,3
2022-07-07,Warhammer Space Marine,3
2022-07-08,Warhammer Space Marine,3
2022-07-09,Warhammer Space Marine,3
2022-07-10,Warhammer Space Marine,3
2022-07-11,Warhammer Space Marine,3
2022-07-12,Warhammer Space Marine,2
2022-07-13,Warhammer Space Marine,3
2022-07-14,Warhammer Space Marine,3
2022-07-15,Warhammer Space Marine,4
2022-07-16,Warhammer Space Marine,3
2022-07-17,Warhammer Space Marine,3
2022-07-18,Warhammer Space Marine,3
2022-07-19,Warhammer Space Marine,2
2022-07-20,Warhammer Space Marine,3
2022-07-21,Warhammer Space Marine,4
2022-07-22,Warhammer Space Marine,3
2022-07-23,Warhammer Space Marine,4
2022-07-24,Warhammer Space Marine,3
2022-07-25,Warhammer Space Marine,3
2022-07-26,Warhammer Space Marine,3
2022-07-27,Warhammer Space Marine,2
2022-07-28,Warhammer Space Marine,3
2022-07-29,Warhammer Space Marine,2
2022-07-30,Warhammer Space Marine,3
2022-07-31,Warhammer Space Marine,4
2022-08-01,Warhammer Space Marine,4
2022-08-02,Warhammer Space Marine,3
2022-08-03,Warhammer Space Marine,4
2022-08-04,Warhammer Space Marine,4
2022-08-05,Warhammer Space Marine,2
2022-08-06,Warhammer Space Marine,4
2022-08-07,Warhammer Space Marine,4
2022-08-08,Warhammer Space Marine,3
2022-08-09,Warhammer Space Marine,2
2022-08-10,Warhammer Space Marine,3
2022-08-11,Warhammer Space Marine,3
2022-08-12,Warhammer Space Marine,4
2022-08-13,Warhammer Space Marine,3
2022-08-14,Warhammer Space Marine,3
2022-08-15,Warhammer Space Marine,3
2022-08-16,Warhammer Space Marine,4
2022-08-17,Warhammer Space Marine,2
2022-08-18,Warhammer Space Marine,1
2022-08-19,Warhammer Space Marine,1
2022-08-20,Warhammer Space Marine,2
2022-08-21,Warhammer Space Marine,1
2022-08-22,Warhammer Space Marine,2
2022-08-23,Warhammer Space Marine,1
2022-08-24,Warhammer Space Marine,1
2022-08-25,Warhammer Space Marine,1
2022-08-26,Warhammer Space Marine,1
2022-08-27,Warhammer Space Marine,2
2022-08-28,Warhammer Space Marine,2
2022-08-29,Warhammer Space Marine,2
2022-08-30,Warhammer Space Marine,1
2022-08-31,Warhammer Space Marine,1
2022-09-01,Warhammer Space Marine,1
2022-09-02,Warhammer Space Marine,2
2022-09-03,Warhammer Space Marine,2
2022-09-04,Warhammer Space Marine,1
2022-09-05,Warhammer Space Marine,1
2022-09-06,Warhammer Space Marine,1
2022-09-07,Warhammer Space Marine,1
2022-09-08,Warhammer Space Marine,1
2022-09-09,Warhammer Space Marine,1
2022-09-10,Warhammer Space Marine,1
2022-09-11,Warhammer Space Marine,2
2022-09-12,Warhammer Space Marine,1
2022-09-13,Warhammer Space Marine,1
2022-09-14,Warhammer Space Marine,2
2022-09-15,Warhammer Space Marine,1
2022-09-16,Warhammer Space Marine,1
2022-09-17,Warhammer Space Marine,1
2022-09-18,Warhammer Space Marine,2
2022-09-19,Warhammer Space Marine,1
2022-09-20,Warhammer Space Marine,1
2022-09-21,Warhammer Space Marine,2
2022-09-22,Warhammer Space Marine,2
2022-09-23,Warhammer Space Marine,2
2022-09-24,Warhammer Space Marine,2
2022-09-25,Warhammer Space Marine,2
2022-09-26,Warhammer Space Marine,1
2022-09-27,Warhammer Space Marine,1
2022-09-28,Warhammer Space Marine,1
2022-09-29,Warhammer Space Marine,1
2022-09-30,Warhammer Space Marine,2
2022-10-01,Warhammer Space Marine,2
2022-10-02,Warhammer Space Marine,1
2022-10-03,Warhammer Space Marine,1
2022-10-04,Warhammer Space Marine,1
2022-10-05,Warhammer Space Marine,1
2022-10-06,Warhammer Space Marine,2
2022-10-07,Warhammer Space Marine,2
2022-10-08,Warhammer Space Marine,2
2022-10-09,Warhammer Space Marine,2
2022-10-10,Warhammer Space Marine,2
2022-10-11,Warhammer Space Marine,1
2022-10-12,Warhammer Space Marine,1
2022-10-13,Warhammer Space Marine,2
2022-10-14,Warhammer Space Marine,2
2022-10-15,Warhammer Space Marine,1
2022-10-16,Warhammer Space Marine,2
2022-10-17,Warhammer Space Marine,2
2022-10-18,Warhammer Space Marine,1
2022-10-19,Warhammer Space Marine,1
2022-10-20,Warhammer Space Marine,1
2022-10-21,Warhammer Space Marine,2
2022-10-22,Warhammer Space Marine,2
2022-10-23,Warhammer Space Marine,2
2022-10-24,Warhammer Space Marine,1
2022-10-25,Warhammer Space Marine,1
2022-10-26,Warhammer Space Marine,1
2022-10-27,Warhammer Space Marine,1
2022-10-28,Warhammer Space Marine,1
2022-10-29,Warhammer Space Marine,2
2022-10-30,Warhammer Space Marine,1
2022-10-31,Warhammer Space Marine,1
2022-11-01,Warhammer Space Marine,1
2022-11-02,Warhammer Space Marine,1
2022-11-03,Warhammer Space Marine,1
2022-11-04,Warhammer Space Marine,1
2022-11-05,Warhammer Space Marine,1
2022-11-06,Warhammer Space Marine,2
2022-11-07,Warhammer Space Marine,2
2022-11-08,Warhammer Space Marine,1
2022-11-09,Warhammer Space Marine,1
2022-11-10,Warhammer Space Marine,1
2022-11-11,Warhammer Space Marine,2
2022-11-12,Warhammer Space Marine,1
2022-11-13,Warhammer Space Marine,2
2022-11-14,Warhammer Space Marine,1
2022-11-15,Warhammer Space Marine,2
2022-11-16,Warhammer Space Marine,1
2022-11-17,Warhammer Space Marine,1
2022-11-18,Warhammer Space Marine,2
2022-11-19,Warhammer Space Marine,2
2022-11-20,Warhammer Space Marine,1
2022-11-21,Warhammer Space Marine,1
2022-11-22,Warhammer Space Marine,1
2022-11-23,Warhammer Space Marine,1
2022-11-24,Warhammer Space Marine,2
2022-11-25,Warhammer Space Marine,2
2022-11-26,Warhammer Space Marine,2
2022-11-27,Warhammer Space Marine,2
2022-11-28,Warhammer Space Marine,2
2022-11-29,Warhammer Space Marine,2
2022-11-30,Warhammer Space Marine,1
2022-12-01,Warhammer Space Marine,2
2022-12-02,Warhammer Space Marine,1
2022-12-03,Warhammer Space Marine,2
2022-12-04,Warhammer Space Marine,2
2022-12-05,Warhammer Space Marine,2
2022-12-06,Warhammer Space Marine,2
2022-12-07,Warhammer Space Marine,2
2022-12-08,Warhammer Space Marine,2
2022-12-09,Warhammer Space Marine,8
2022-12-10,Warhammer Space Marine,5
2022-12-11,Warhammer Space Marine,4
2022-12-12,Warhammer Space Marine,4
2022-12-13,Warhammer Space Marine,3
2022-12-14,Warhammer Space Marine,3
2022-12-15,Warhammer Space Marine,2
2022-12-16,Warhammer Space Marine,5
2022-12-17,Warhammer Space Marine,4
2022-12-18,Warhammer Space Marine,3
2022-12-19,Warhammer Space Marine,3
2022-12-20,Warhammer Space Marine,3
2022-12-21,Warhammer Space Marine,3
2022-12-22,Warhammer Space Marine,4
2022-12-23,Warhammer Space Marine,3
2022-12-24,Warhammer Space Marine,3
2022-12-25,Warhammer Space Marine,4
2022-12-26,Warhammer Space Marine,4
2022-12-27,Warhammer Space Marine,3
2022-12-28,Warhammer Space Marine,3
2022-12-29,Warhammer Space Marine,3
2022-12-30,Warhammer Space Marine,3
2022-12-31,Warhammer Space Marine,4
2023-01-01,Warhammer Space Marine,3
2023-01-02,Warhammer Space Marine,3
2023-01-03,Warhammer Space Marine,3
2023-01-04,Warhammer Space Marine,3
2023-01-05,Warhammer Space Marine,3
2023-01-06,Warhammer Space Marine,3
2023-01-07,Warhammer Space Marine,3
2023-01-08,Warhammer Space Marine,3
2023-01-09,Warhammer Space Marine,2
2023-01-10,Warhammer Space Marine,2
2023-01-11,Warhammer Space Marine,2
2023-01-12,Warhammer Space Marine,2
2023-01-13,Warhammer Space Marine,3
2023-01-14,Warhammer Space Marine,2
2023-01-15,Warhammer Space Marine,2
2023-01-16,Warhammer Space Marine,2
2023-01-17,Warhammer Space Marine,2
2023-01-18,Warhammer Space Marine,2
2023-01-19,Warhammer Space Marine,2
2023-01-20,Warhammer Space Marine,2
2023-01-21,Warhammer Space Marine,2
2023-01-22,Warhammer Space Marine,2
2023-01-23,Warhammer Space Marine,2
2023-01-24,Warhammer Space Marine,2
2023-01-25,Warhammer Space Marine,1
2023-01-26,Warhammer Space Marine,2
2023-01-27,Warhammer Space Marine,2
2023-01-28,Warhammer Space Marine,2
2023-01-29,Warhammer Space Marine,2
2023-01-30,Warhammer Space Marine,2
2023-01-31,Warhammer Space Marine,2
2023-02-01,Warhammer Space Marine,2
2023-02-02,Warhammer Space Marine,2
2023-02-03,Warhammer Space Marine,2
2023-02-04,Warhammer Space Marine,2
2023-02-05,Warhammer Space Marine,2
2023-02-06,Warhammer Space Marine,2
2023-02-07,Warhammer Space Marine,2
2023-02-08,Warhammer Space Marine,1
2023-02-09,Warhammer Space Marine,2
2023-02-10,Warhammer Space Marine,1
2023-02-11,Warhammer Space Marine,2
2023-02-12,Warhammer Space Marine,2
2023-02-13,Warhammer Space Marine,3
2023-02-14,Warhammer Space Marine,3
2023-02-15,Warhammer Space Marine,3
2023-02-16,Warhammer Space Marine,2
2023-02-17,Warhammer Space Marine,2
2023-02-18,Warhammer Space Marine,3
2023-02-19,Warhammer Space Marine,4
2023-02-20,Warhammer Space Marine,3
2023-02-21,Warhammer Space Marine,3
2023-02-22,Warhammer Space Marine,3
2023-02-23,Warhammer Space Marine,3
2023-02-24,Warhammer Space Marine,3
2023-02-25,Warhammer Space Marine,3
2023-02-26,Warhammer Space Marine,3
2023-02-27,Warhammer Space Marine,3
2023-02-28,Warhammer Space Marine,3
2023-03-01,Warhammer Space Marine,2
2023-03-02,Warhammer Space Marine,2
2023-03-03,Warhammer Space Marine,3
2023-03-04,Warhammer Space Marine,3
2023-03-05,Warhammer Space Marine,3
2023-03-06,Warhammer Space Marine,3
2023-03-07,Warhammer Space Marine,3
2023-03-08,Warhammer Space Marine,2
2023-03-09,Warhammer Space Marine,4
2023-03-10,Warhammer Space Marine,3
2023-03-11,Warhammer Space Marine,3
2023-03-12,Warhammer Space Marine,4
2023-03-13,Warhammer Space Marine,3
2023-03-14,Warhammer Space Marine,3
2023-03-15,Warhammer Space Marine,2
2023-03-16,Warhammer Space Marine,3
2023-03-17,Warhammer Space Marine,3
2023-03-18,Warhammer Space Marine,4
2023-03-19,Warhammer Space Marine,5
2023-03-20,Warhammer Space Marine,4
2023-03-21,Warhammer Space Marine,4
2023-03-22,Warhammer Space Marine,3
2023-03-23,Warhammer Space Marine,4
2023-03-24,Warhammer Space Marine,4
2023-03-25,Warhammer Space Marine,4
2023-03-26,Warhammer Space Marine,5
2023-03-27,Warhammer Space Marine,3
2023-03-28,Warhammer Space Marine,3
2023-03-29,Warhammer Space Marine,3
2023-03-30,Warhammer Space Marine,3
2023-03-31,Warhammer Space Marine,3
2023-04-01,Warhammer Space Marine,3
2023-04-02,Warhammer Space Marine,3
2023-04-03,Warhammer Space Marine,3
2023-04-04,Warhammer Space Marine,3
2023-04-05,Warhammer Space Marine,4
2023-04-06,Warhammer Space Marine,4
2023-04-07,Warhammer Space Marine,4
2023-04-08,Warhammer Space Marine,4
2023-04-09,Warhammer Space Marine,4
2023-04-10,Warhammer Space Marine,3
2023-04-11,Warhammer Space Marine,3
2023-04-12,Warhammer Space Marine,3
2023-04-13,Warhammer Space Marine,2
2023-04-14,Warhammer Space Marine,3
2023-04-15,Warhammer Space Marine,3
2023-04-16,Warhammer Space Marine,4
2023-04-17,Warhammer Space Marine,3
2023-04-18,Warhammer Space Marine,3
2023-04-19,Warhammer Space Marine,3
2023-04-20,Warhammer Space Marine,3
2023-04-21,Warhammer Space Marine,3
2023-04-22,Warhammer Space Marine,3
2023-04-23,Warhammer Space Marine,4
2023-04-24,Warhammer Space Marine,3
2023-04-25,Warhammer Space Marine,3
2023-04-26,Warhammer Space Marine,3
2023-04-27,Warhammer Space Marine,2
2023-04-28,Warhammer Space Marine,3
2023-04-29,Warhammer Space Marine,3
2023-04-30,Warhammer Space Marine,3
2023-05-01,Warhammer Space Marine,3
2023-05-02,Warhammer Space Marine,2
2023-05-03,Warhammer Space Marine,2
2023-05-04,Warhammer Space Marine,3
2023-05-05,Warhammer Space Marine,2
2023-05-06,Warhammer Space Marine,3
2023-05-07,Warhammer Space Marine,4
2023-05-08,Warhammer Space Marine,3
2023-05-09,Warhammer Space Marine,3
2023-05-10,Warhammer Space Marine,4
2023-05-11,Warhammer Space Marine,3
2023-05-12,Warhammer Space Marine,3
2023-05-13,Warhammer Space Marine,3
2023-05-14,Warhammer Space Marine,3
2023-05-15,Warhammer Space Marine,2
2023-05-16,Warhammer Space Marine,2
2023-05-17,Warhammer Space Marine,3
2023-05-18,Warhammer Space Marine,4
2023-05-19,Warhammer Space Marine,3
2023-05-20,Warhammer Space Marine,3
2023-05-21,Warhammer Space Marine,3
2023-05-22,Warhammer Space Marine,3
2023-05-23,Warhammer Space Marine,3
2023-05-24,Warhammer Space Marine,4
2023-05-25,Warhammer Space Marine,10
2023-05-26,Warhammer Space Marine,11
2023-05-27,Warhammer Space Marine,9
2023-05-28,Warhammer Space Marine,9
2023-05-29,Warhammer Space Marine,8
2023-05-30,Warhammer Space Marine,6
2023-05-31,Warhammer Space Marine,6
2023-06-01,Warhammer Space Marine,5
2023-06-02,Warhammer Space Marine,5
2023-06-03,Warhammer Space Marine,6
2023-06-04,Warhammer Space Marine,6
2023-06-05,Warhammer Space Marine,5
2023-06-06,Warhammer Space Marine,4
2023-06-07,Warhammer Space Marine,4
2023-06-08,Warhammer Space Marine,8
2023-06-09,Warhammer Space Marine,13
2023-06-10,Warhammer Space Marine,9
2023-06-11,Warhammer Space Marine,8
2023-06-12,Warhammer Space Marine,8
2023-06-13,Warhammer Space Marine,5
2023-06-14,Warhammer Space Marine,4
2023-06-15,Warhammer Space Marine,4
2023-06-16,Warhammer Space Marine,5
2023-06-17,Warhammer Space Marine,6
2023-06-18,Warhammer Space Marine,5
2023-06-19,Warhammer Space Marine,5
2023-06-20,Warhammer Space Marine,4
2023-06-21,Warhammer Space Marine,4
2023-06-22,Warhammer Space Marine,4
2023-06-23,Warhammer Space Marine,4
2023-06-24,Warhammer Space Marine,5
2023-06-25,Warhammer Space Marine,6
2023-06-26,Warhammer Space Marine,4
2023-06-27,Warhammer Space Marine,4
2023-06-28,Warhammer Space Marine,4
2023-06-29,Warhammer Space Marine,4
2023-06-30,Warhammer Space Marine,4
2023-07-01,Warhammer Space Marine,5
2023-07-02,Warhammer Space Marine,4
2023-07-03,Warhammer Space Marine,4
2023-07-04,Warhammer Space Marine,5
2023-07-05,Warhammer Space Marine,4
2023-07-06,Warhammer Space Marine,3
2023-07-07,Warhammer Space Marine,4
2023-07-08,Warhammer Space Marine,4
2023-07-09,Warhammer Space Marine,5
2023-07-10,Warhammer Space Marine,4
2023-07-11,Warhammer Space Marine,3
2023-07-12,Warhammer Space Marine,4
2023-07-13,Warhammer Space Marine,4
2023-07-14,Warhammer Space Marine,4
2023-07-15,Warhammer Space Marine,4
2023-07-16,Warhammer Space Marine,5
2023-07-17,Warhammer Space Marine,4
2023-07-18,Warhammer Space Marine,4
2023-07-19,Warhammer Space Marine,4
2023-07-20,Warhammer Space Marine,3
2023-07-21,Warhammer Space Marine,4
2023-07-22,Warhammer Space Marine,5
2023-07-23,Warhammer Space Marine,5
2023-07-24,Warhammer Space Marine,4
2023-07-25,Warhammer Space Marine,3
2023-07-26,Warhammer Space Marine,4
2023-07-27,Warhammer Space Marine,4
2023-07-28,Warhammer Space Marine,4
2023-07-29,Warhammer Space Marine,4
2023-07-30,Warhammer Space Marine,5
2023-07-31,Warhammer Space Marine,5
2023-08-01,Warhammer Space Marine,3
2023-08-02,Warhammer Space Marine,4
2023-08-03,Warhammer Space Marine,3
2023-08-04,Warhammer Space Marine,3
2023-08-05,Warhammer Space Marine,4
2023-08-06,Warhammer Space Marine,4
2023-08-07,Warhammer Space Marine,4
2023-08-08,Warhammer Space Marine,3
2023-08-09,Warhammer Space Marine,2
2023-08-10,Warhammer Space Marine,4
2023-08-11,Warhammer Space Marine,4
2023-08-12,Warhammer Space Marine,4
2023-08-13,Warhammer Space Marine,5
2023-08-14,Warhammer Space Marine,4
2023-08-15,Warhammer Space Marine,3
2023-08-16,Warhammer Space Marine,3
2023-08-17,Warhammer Space Marine,3
2023-08-18,Warhammer Space Marine,4
2023-08-19,Warhammer Space Marine,4
2023-08-20,Warhammer Space Marine,4
2023-08-21,Warhammer Space Marine,3
2023-08-22,Warhammer Space Marine,4
2023-08-23,Warhammer Space Marine,9
2023-08-24,Warhammer Space Marine,10
2023-08-25,Warhammer Space Marine,15
2023-08-26,Warhammer Space Marine,16
2023-08-27,Warhammer Space Marine,18
2023-08-28,Warhammer Space Marine,13
2023-08-29,Warhammer Space Marine,10
2023-08-30,Warhammer Space Marine,15
2023-08-31,Warhammer Space Marine,17
2023-09-01,Warhammer Space Marine,9
2023-09-02,Warhammer Space Marine,9
2023-09-03,Warhammer Space Marine,9
2023-09-04,Warhammer Space Marine,7
2023-09-05,Warhammer Space Marine,5
2023-09-06,Warhammer Space Marine,6
2023-09-07,Warhammer Space Marine,5
2023-09-08,Warhammer Space Marine,6
2023-09-09,Warhammer Space Marine,8
2023-09-10,Warhammer Space Marine,6
2023-09-11,Warhammer Space Marine,5
2023-09-12,Warhammer Space Marine,5
2023-09-13,Warhammer Space Marine,4
2023-09-14,Warhammer Space Marine,4
2023-09-15,Warhammer Space Marine,6
2023-09-16,Warhammer Space Marine,5
2023-09-17,Warhammer Space Marine,8
2023-09-18,Warhammer Space Marine,5
2023-09-19,Warhammer Space Marine,5
2023-09-20,Warhammer Space Marine,5
2023-09-21,Warhammer Space Marine,4
2023-09-22,Warhammer Space Marine,6
2023-09-23,Warhammer Space Marine,5
2023-09-24,Warhammer Space Marine,6
2023-09-25,Warhammer Space Marine,5
2023-09-26,Warhammer Space Marine,5
2023-09-27,Warhammer Space Marine,5
2023-09-28,Warhammer Space Marine,5
2023-09-29,Warhammer Space Marine,5
2023-09-30,Warhammer Space Marine,6
2023-10-01,Warhammer Space Marine,6
2023-10-02,Warhammer Space Marine,6
2023-10-03,Warhammer Space Marine,4
2023-10-04,Warhammer Space Marine,6
2023-10-05,Warhammer Space Marine,6
2023-10-06,Warhammer Space Marine,6
2023-10-07,Warhammer Space Marine,7
2023-10-08,Warhammer Space Marine,8
2023-10-09,Warhammer Space Marine,6
2023-10-10,Warhammer Space Marine,6
2023-10-11,Warhammer Space Marine,6
2023-10-12,Warhammer Space Marine,7
2023-10-13,Warhammer Space Marine,7
2023-10-14,Warhammer Space Marine,8
2023-10-15,Warhammer Space Marine,8
2023-10-16,Warhammer Space Marine,5
2023-10-17,Warhammer Space Marine,5
2023-10-18,Warhammer Space Marine,6
2023-10-19,Warhammer Space Marine,7
2023-10-20,Warhammer Space Marine,6
2023-10-21,Warhammer Space Marine,7
2023-10-22,Warhammer Space Marine,6
2023-10-23,Warhammer Space Marine,6
2023-10-24,Warhammer Space Marine,5
2023-10-25,Warhammer Space Marine,6
2023-10-26,Warhammer Space Marine,6
2023-10-27,Warhammer Space Marine,7
2023-10-28,Warhammer Space Marine,6
2023-10-29,Warhammer Space Marine,6
2023-10-30,Warhammer Space Marine,6
2023-10-31,Warhammer Space Marine,5
2023-11-01,Warhammer Space Marine,6
2023-11-02,Warhammer Space Marine,6
2023-11-03,Warhammer Space Marine,6
2023-11-04,Warhammer Space Marine,6
2023-11-05,Warhammer Space Marine,5
2023-11-06,Warhammer Space Marine,7
2023-11-07,Warhammer Space Marine,5
2023-11-08,Warhammer Space Marine,5
2023-11-09,Warhammer Space Marine,6
2023-11-10,Warhammer Space Marine,4
2023-11-11,Warhammer Space Marine,6
2023-11-12,Warhammer Space Marine,8
2023-11-13,Warhammer Space Marine,6
2023-11-14,Warhammer Space Marine,5
2023-11-15,Warhammer Space Marine,5
2023-11-16,Warhammer Space Marine,6
2023-11-17,Warhammer Space Marine,6
2023-11-18,Warhammer Space Marine,7
2023-11-19,Warhammer Space Marine,8
2023-11-20,Warhammer Space Marine,7
2023-11-21,Warhammer Space Marine,7
2023-11-22,Warhammer Space Marine,10
2023-11-23,Warhammer Space Marine,8
2023-11-24,Warhammer Space Marine,6
2023-11-25,Warhammer Space Marine,7
2023-11-26,Warhammer Space Marine,6
2023-11-27,Warhammer Space Marine,5
2023-11-28,Warhammer Space Marine,6
2023-11-29,Warhammer Space Marine,5
2023-11-30,Warhammer Space Marine,6
2023-12-01,Warhammer Space Marine,5
2023-12-02,Warhammer Space Marine,5
2023-12-03,Warhammer Space Marine,6
2023-12-04,Warhammer Space Marine,6
2023-12-05,Warhammer Space Marine,5
2023-12-06,Warhammer Space Marine,5
2023-12-07,Warhammer Space Marine,6
2023-12-08,Warhammer Space Marine,8
2023-12-09,Warhammer Space Marine,6
2023-12-10,Warhammer Space Marine,7
2023-12-11,Warhammer Space Marine,5
2023-12-12,Warhammer Space Marine,5
2023-12-13,Warhammer Space Marine,5
2023-12-14,Warhammer Space Marine,5
2023-12-15,Warhammer Space Marine,4
2023-12-16,Warhammer Space Marine,5
2023-12-17,Warhammer Space Marine,7
2023-12-18,Warhammer Space Marine,4
2023-12-19,Warhammer Space Marine,5
2023-12-20,Warhammer Space Marine,5
2023-12-21,Warhammer Space Marine,6
2023-12-22,Warhammer Space Marine,6
2023-12-23,Warhammer Space Marine,5
2023-12-24,Warhammer Space Marine,6
2023-12-25,Warhammer Space Marine,6
2023-12-26,Warhammer Space Marine,6
2023-12-27,Warhammer Space Marine,6
2023-12-28,Warhammer Space Marine,5
2023-12-29,Warhammer Space Marine,5
2023-12-30,Warhammer Space Marine,7
2023-12-31,Warhammer Space Marine,6
2024-01-01,Warhammer Space Marine,6
2024-01-02,Warhammer Space Marine,5
2024-01-03,Warhammer Space Marine,5
2024-01-04,Warhammer Space Marine,5
2024-01-05,Warhammer Space Marine,6
2024-01-06,Warhammer Space Marine,6
2024-01-07,Warhammer Space Marine,6
2024-01-08,Warhammer Space Marine,5
2024-01-09,Warhammer Space Marine,4
2024-01-10,Warhammer Space Marine,5
2024-01-11,Warhammer Space Marine,5
2024-01-12,Warhammer Space Marine,4
2024-01-13,Warhammer Space Marine,7
2024-01-14,Warhammer Space Marine,5
2024-01-15,Warhammer Space Marine,5
2024-01-16,Warhammer Space Marine,5
2024-01-17,Warhammer Space Marine,5
2024-01-18,Warhammer Space Marine,4
2024-01-19,Warhammer Space Marine,5
2024-01-20,Warhammer Space Marine,6
2024-01-21,Warhammer Space Marine,6
2024-01-22,Warhammer Space Marine,5
2024-01-23,Warhammer Space Marine,5
2024-01-24,Warhammer Space Marine,4
2024-01-25,Warhammer Space Marine,5
2024-01-26,Warhammer Space Marine,4
2024-01-27,Warhammer Space Marine,6
2024-01-28,Warhammer Space Marine,6
2024-01-29,Warhammer Space Marine,5
2024-01-30,Warhammer Space Marine,5
2024-01-31,Warhammer Space Marine,4
2024-02-01,Warhammer Space Marine,5
2024-02-02,Warhammer Space Marine,5
2024-02-03,Warhammer Space Marine,5
2024-02-04,Warhammer Space Marine,6
2024-02-05,Warhammer Space Marine,5
2024-02-06,Warhammer Space Marine,5
2024-02-07,Warhammer Space Marine,4
2024-02-08,Warhammer Space Marine,6
2024-02-09,Warhammer Space Marine,5
2024-02-10,Warhammer Space Marine,7
2024-02-11,Warhammer Space Marine,5
2024-02-12,Warhammer Space Marine,5
2024-02-13,Warhammer Space Marine,6
2024-02-14,Warhammer Space Marine,5
2024-02-15,Warhammer Space Marine,4
2024-02-16,Warhammer Space Marine,5
2024-02-17,Warhammer Space Marine,7
2024-02-18,Warhammer Space Marine,6
2024-02-19,Warhammer Space Marine,7
2024-02-20,Warhammer Space Marine,7
2024-02-21,Warhammer Space Marine,6
2024-02-22,Warhammer Space Marine,6
2024-02-23,Warhammer Space Marine,5
2024-02-24,Warhammer Space Marine,7
2024-02-25,Warhammer Space Marine,6
2024-02-26,Warhammer Space Marine,5
2024-02-27,Warhammer Space Marine,6
2024-02-28,Warhammer Space Marine,5
2024-02-29,Warhammer Space Marine,5
2024-03-01,Warhammer Space Marine,5
2024-03-02,Warhammer Space Marine,6
2024-03-03,Warhammer Space Marine,6
2024-03-04,Warhammer Space Marine,6
2024-03-05,Warhammer Space Marine,5
2024-03-06,Warhammer Space Marine,6
2024-03-07,Warhammer Space Marine,5
2024-03-08,Warhammer Space Marine,4
2024-03-09,Warhammer Space Marine,5
2024-03-10,Warhammer Space Marine,6
2024-03-11,Warhammer Space Marine,5
2024-03-12,Warhammer Space Marine,5
2024-03-13,Warhammer Space Marine,6
2024-03-14,Warhammer Space Marine,5
2024-03-15,Warhammer Space Marine,7
2024-03-16,Warhammer Space Marine,7
2024-03-17,Warhammer Space Marine,8
2024-03-18,Warhammer Space Marine,6
2024-03-19,Warhammer Space Marine,6
2024-03-20,Warhammer Space Marine,6
2024-03-21,Warhammer Space Marine,5
2024-03-22,Warhammer Space Marine,4
2024-03-23,Warhammer Space Marine,6
2024-03-24,Warhammer Space Marine,6
2024-03-25,Warhammer Space Marine,5
2024-03-26,Warhammer Space Marine,6
2024-03-27,Warhammer Space Marine,4
2024-03-28,Warhammer Space Marine,5
2024-03-29,Warhammer Space Marine,7
2024-03-30,Warhammer Space Marine,6
2024-03-31,Warhammer Space Marine,7
2024-04-01,Warhammer Space Marine,5
2024-04-02,Warhammer Space Marine,5
2024-04-03,Warhammer Space Marine,4
2024-04-04,Warhammer Space Marine,5
2024-04-05,Warhammer Space Marine,6
2024-04-06,Warhammer Space Marine,6
2024-04-07,Warhammer Space Marine,6
2024-04-08,Warhammer Space Marine,5
2024-04-09,Warhammer Space Marine,4
2024-04-10,Warhammer Space Marine,5
2024-04-11,Warhammer Space Marine,8
2024-04-12,Warhammer Space Marine,6
2024-04-13,Warhammer Space Marine,7
2024-04-14,Warhammer Space Marine,7
2024-04-15,Warhammer Space Marine,5
2024-04-16,Warhammer Space Marine,5
2024-04-17,Warhammer Space Marine,4
2024-04-18,Warhammer Space Marine,4
2024-04-19,Warhammer Space Marine,5
2024-04-20,Warhammer Space Marine,8
2024-04-21,Warhammer Space Marine,5
2024-04-22,Warhammer Space Marine,6
2024-04-23,Warhammer Space Marine,5
2024-04-24,Warhammer Space Marine,6
2024-04-25,Warhammer Space Marine,4
2024-04-26,Warhammer Space Marine,5
2024-04-27,Warhammer Space Marine,8
2024-04-28,Warhammer Space Marine,8
2024-04-29,Warhammer Space Marine,5
2024-04-30,Warhammer Space Marine,6
2024-05-01,Warhammer Space Marine,5
2024-05-02,Warhammer Space Marine,7
2024-05-03,Warhammer Space Marine,5
2024-05-04,Warhammer Space Marine,6
2024-05-05,Warhammer Space Marine,5
2024-05-06,Warhammer Space Marine,6
2024-05-07,Warhammer Space Marine,5
2024-05-08,Warhammer Space Marine,4
2024-05-09,Warhammer Space Marine,5
2024-05-10,Warhammer Space Marine,5
2024-05-11,Warhammer Space Marine,4
2024-05-12,Warhammer Space Marine,4
2024-05-13,Warhammer Space Marine,5
2024-05-14,Warhammer Space Marine,5
2024-05-15,Warhammer Space Marine,5
2024-05-16,Warhammer Space Marine,4
2024-05-17,Warhammer Space Marine,3
2024-05-18,Warhammer Space Marine,5
2024-05-19,Warhammer Space Marine,5
2024-05-20,Warhammer Space Marine,3
2024-05-21,Warhammer Space Marine,4
2024-05-22,Warhammer Space Marine,3
2024-05-23,Warhammer Space Marine,11
2024-05-24,Warhammer Space Marine,22
2024-05-25,Warhammer Space Marine,20
2024-05-26,Warhammer Space Marine,19
2024-05-27,Warhammer Space Marine,13
2024-05-28,Warhammer Space Marine,12
2024-05-29,Warhammer Space Marine,10
2024-05-30,Warhammer Space Marine,10
2024-05-31,Warhammer Space Marine,8
2024-06-01,Warhammer Space Marine,9
2024-06-02,Warhammer Space Marine,8
2024-06-03,Warhammer Space Marine,7
2024-06-04,Warhammer Space Marine,6
2024-06-05,Warhammer Space Marine,5
2024-06-06,Warhammer Space Marine,6
2024-06-07,Warhammer Space Marine,7
2024-06-08,Warhammer Space Marine,13
2024-06-09,Warhammer Space Marine,12
2024-06-10,Warhammer Space Marine,9
2024-06-11,Warhammer Space Marine,10
2024-06-12,Warhammer Space Marine,7
2024-06-13,Warhammer Space Marine,7
2024-06-14,Warhammer Space Marine,7
2024-06-15,Warhammer Space Marine,9
2024-06-16,Warhammer Space Marine,10
2024-06-17,Warhammer Space Marine,9
2024-06-18,Warhammer Space Marine,8
2024-06-19,Warhammer Space Marine,7
2024-06-20,Warhammer Space Marine,12
2024-06-21,Warhammer Space Marine,17
2024-06-22,Warhammer Space Marine,14
2024-06-23,Warhammer Space Marine,13
2024-06-24,Warhammer Space Marine,9
2024-06-25,Warhammer Space Marine,10
2024-06-26,Warhammer Space Marine,7
2024-06-27,Warhammer Space Marine,7
2024-06-28,Warhammer Space Marine,10
2024-06-29,Warhammer Space Marine,11
2024-06-30,Warhammer Space Marine,8
2024-07-01,Warhammer Space Marine,9
2024-07-02,Warhammer Space Marine,7
2024-07-03,Warhammer Space Marine,7
2024-07-04,Warhammer Space Marine,7
2024-07-05,Warhammer Space Marine,6
2024-07-06,Warhammer Space Marine,9
2024-07-07,Warhammer Space Marine,6
2024-07-08,Warhammer Space Marine,7
2024-07-09,Warhammer Space Marine,6
2024-07-10,Warhammer Space Marine,9
2024-07-11,Warhammer Space Marine,6
2024-07-12,Warhammer Space Marine,7
2024-07-13,Warhammer Space Marine,6
2024-07-14,Warhammer Space Marine,7
2024-07-15,Warhammer Space Marine,9
2024-07-16,Warhammer Space Marine,14
2024-07-17,Warhammer Space Marine,12
2024-07-18,Warhammer Space Marine,9
2024-07-19,Warhammer Space Marine,7
2024-07-20,Warhammer Space Marine,9
2024-07-21,Warhammer Space Marine,10
2024-07-22,Warhammer Space Marine,10
2024-07-23,Warhammer Space Marine,10
2024-07-24,Warhammer Space Marine,8
2024-07-25,Warhammer Space Marine,9
2024-07-26,Warhammer Space Marine,8
2024-07-27,Warhammer Space Marine,7
2024-07-28,Warhammer Space Marine,8
2024-07-29,Warhammer Space Marine,6
2024-07-30,Warhammer Space Marine,8
2024-07-31,Warhammer Space Marine,7
2024-08-01,Warhammer Space Marine,8
2024-08-02,Warhammer Space Marine,10
2024-08-03,Warhammer Space Marine,11
2024-08-04,Warhammer Space Marine,12
2024-08-05,Warhammer Space Marine,10
2024-08-06,Warhammer Space Marine,3
2024-08-07,Warhammer Space Marine,7
2024-08-08,Warhammer Space Marine,11
2024-08-09,Warhammer Space Marine,11
2024-08-10,Warhammer Space Marine,10
2024-08-11,Warhammer Space Marine,10
2024-08-12,Warhammer Space Marine,9
2024-08-13,Warhammer Space Marine,8
2024-08-14,Warhammer Space Marine,8
2024-08-15,Warhammer Space Marine,8
2024-08-16,Warhammer Space Marine,8
2024-08-17,Warhammer Space Marine,8
2024-08-18,Warhammer Space Marine,8
2024-08-19,Warhammer Space Marine,7
2024-08-20,Warhammer Space Marine,7
2024-08-21,Warhammer Space Marine,7
2024-08-22,Warhammer Space Marine,7
2024-08-23,Warhammer Space Marine,6
2024-08-24,Warhammer Space Marine,8
2024-08-25,Warhammer Space Marine,9
2024-08-26,Warhammer Space Marine,8
2024-08-27,Warhammer Space Marine,8
2024-08-28,Warhammer Space Marine,9
2024-08-29,Warhammer Space Marine,9
2024-08-30,Warhammer Space Marine,11
2024-08-31,Warhammer Space Marine,12
2024-09-01,Warhammer Space Marine,13
2024-09-02,Warhammer Space Marine,15
2024-09-03,Warhammer Space Marine,17
2024-09-04,Warhammer Space Marine,47
2024-09-05,Warhammer Space Marine,79
2024-09-06,Warhammer Space Marine,92
2024-09-07,Warhammer Space Marine,89
2024-09-08,Warhammer Space Marine,77
2024-09-09,Warhammer Space Marine,94
2024-09-10,Warhammer Space Marine,71
2024-09-11,Warhammer Space Marine,58
2024-09-12,Warhammer Space Marine,51
2024-09-13,Warhammer Space Marine,52
2024-09-14,Warhammer Space Marine,54
2024-09-15,Warhammer Space Marine,48
2024-09-16,Warhammer Space Marine,37
2024-09-17,Warhammer Space Marine,32
2024-09-18,Warhammer Space Marine,27
2024-09-19,Warhammer Space Marine,25
2024-09-20,Warhammer Space Marine,26
2024-09-21,Warhammer Space Marine,29
2024-09-22,Warhammer Space Marine,27
2024-09-23,Warhammer Space Marine,23
2024-09-24,Warhammer Space Marine,18
2024-09-25,Warhammer Space Marine,18
2024-09-26,Warhammer Space Marine,21
2024-09-27,Warhammer Space Marine,19
2024-09-28,Warhammer Space Marine,21
2024-09-29,Warhammer Space Marine,21
2024-09-30,Warhammer Space Marine,16
2024-10-01,Warhammer Space Marine,14
2024-10-02,Warhammer Space Marine,11
2024-10-03,Warhammer Space Marine,12
2024-10-04,Warhammer Space Marine,14
2024-10-05,Warhammer Space Marine,14
2024-10-06,Warhammer Space Marine,13
2024-10-07,Warhammer Space Marine,11
2024-10-08,Warhammer Space Marine,11
2024-10-09,Warhammer Space Marine,10
2024-10-10,Warhammer Space Marine,9
2024-10-11,Warhammer Space Marine,11
2024-10-12,Warhammer Space Marine,11
2024-10-13,Warhammer Space Marine,11
2024-10-14,Warhammer Space Marine,9
2024-10-15,Warhammer Space Marine,9
2024-10-16,Warhammer Space Marine,10
2024-10-17,Warhammer Space Marine,10
2024-10-18,Warhammer Space Marine,10
2024-10-19,Warhammer Space Marine,11
2024-10-20,Warhammer Space Marine,11
2024-10-21,Warhammer Space Marine,8
2024-10-22,Warhammer Space Marine,8
2024-10-23,Warhammer Space Marine,7
2024-10-24,Warhammer Space Marine,8
2024-10-25,Warhammer Space Marine,8
2024-10-26,Warhammer Space Marine,8
2024-10-27,Warhammer Space Marine,9
2024-10-28,Warhammer Space Marine,7
2024-10-29,Warhammer Space Marine,6
2024-10-30,Warhammer Space Marine,5
2024-10-31,Warhammer Space Marine,6
2024-11-01,Warhammer Space Marine,6
2024-11-02,Warhammer Space Marine,7
2024-11-03,Warhammer Space Marine,7
2024-11-04,Warhammer Space Marine,5
2024-11-05,Warhammer Space Marine,5
2024-11-06,Warhammer Space Marine,5
2024-11-07,Warhammer Space Marine,5
2024-11-08,Warhammer Space Marine,5
2024-11-09,Warhammer Space Marine,6
2024-11-10,Warhammer Space Marine,6
2024-11-11,Warhammer Space Marine,5
2024-11-12,Warhammer Space Marine,5
2024-11-13,Warhammer Space Marine,5
2024-11-14,Warhammer Space Marine,5
2024-11-15,Warhammer Space Marine,5
2024-11-16,Warhammer Space Marine,6
2024-11-17,Warhammer Space Marine,7
2024-11-18,Warhammer Space Marine,6
2024-11-19,Warhammer Space Marine,5
2024-11-20,Warhammer Space Marine,5
2024-11-21,Warhammer Space Marine,5
2024-11-22,Warhammer Space Marine,5
2024-11-23,Warhammer Space Marine,6
2024-11-24,Warhammer Space Marine,7
2024-11-25,Warhammer Space Marine,5
2024-11-26,Warhammer Space Marine,5
2024-11-27,Warhammer Space Marine,5
2024-11-28,Warhammer Space Marine,6
2024-11-29,Warhammer Space Marine,8
2024-11-30,Warhammer Space Marine,8
2024-12-01,Warhammer Space Marine,7
2024-12-02,Warhammer Space Marine,6
2024-12-03,Warhammer Space Marine,5
2024-12-04,Warhammer Space Marine,6
2024-12-05,Warhammer Space Marine,6
2024-12-06,Warhammer Space Marine,7
2024-12-07,Warhammer Space Marine,6
2024-12-08,Warhammer Space Marine,6
2024-12-09,Warhammer Space Marine,5
2024-12-10,Warhammer Space Marine,9
2024-12-11,Warhammer Space Marine,10
2024-12-12,Warhammer Space Marine,9
2024-12-13,Warhammer Space Marine,9
2024-12-14,Warhammer Space Marine,11
2024-12-15,Warhammer Space Marine,10
2024-12-16,Warhammer Space Marine,9
2024-12-17,Warhammer Space Marine,8
2024-12-18,Warhammer Space Marine,7
2024-12-19,Warhammer Space Marine,8
2024-12-20,Warhammer Space Marine,9
2024-12-21,Warhammer Space Marine,10
2024-12-22,Warhammer Space Marine,9
2024-12-23,Warhammer Space Marine,9
2024-12-24,Warhammer Space Marine,8
2024-12-25,Warhammer Space Marine,10
2024-12-26,Warhammer Space Marine,9
2024-12-27,Warhammer Space Marine,9
2024-12-28,Warhammer Space Marine,10
2024-12-29,Warhammer Space Marine,10
2024-12-30,Warhammer Space Marine,9
2024-12-31,Warhammer Space Marine,8
2025-01-01,Warhammer Space Marine,9
2025-01-02,Warhammer Space Marine,8
2025-01-03,Warhammer Space Marine,7
2025-01-04,Warhammer Space Marine,8
2025-01-05,Warhammer Space Marine,7
2025-01-06,Warhammer Space Marine,5
2025-01-07,Warhammer Space Marine,6
2025-01-08,Warhammer Space Marine,5
2025-01-09,Warhammer Space Marine,5
2025-01-10,Warhammer Space Marine,5
2025-01-11,Warhammer Space Marine,6
2025-01-12,Warhammer Space Marine,6
2025-01-13,Warhammer Space Marine,4
2025-01-14,Warhammer Space Marine,5
2025-01-15,Warhammer Space Marine,4
2025-01-16,Warhammer Space Marine,4
2025-01-17,Warhammer Space Marine,6
2025-01-18,Warhammer Space Marine,7
2025-01-19,Warhammer Space Marine,7
2025-01-20,Warhammer Space Marine,5
2025-01-21,Warhammer Space Marine,4
2025-01-22,Warhammer Space Marine,4
2025-01-23,Warhammer Space Marine,4
2025-01-24,Warhammer Space Marine,4
2025-01-25,Warhammer Space Marine,5
2025-01-26,Warhammer Space Marine,5
2025-01-27,Warhammer Space Marine,4
2025-01-28,Warhammer Space Marine,3
2025-01-29,Warhammer Space Marine,4
2025-01-30,Warhammer Space Marine,4
2025-01-31,Warhammer Space Marine,5
2025-02-01,Warhammer Space Marine,5
2025-02-02,Warhammer Space Marine,18
2025-02-03,Warhammer Space Marine,13
2025-02-04,Warhammer Space Marine,12
2025-02-05,Warhammer Space Marine,10
2025-02-06,Warhammer Space Marine,17
2025-02-07,Warhammer Space Marine,18
2025-02-08,Warhammer Space Marine,17
2025-02-09,Warhammer Space Marine,17
2025-02-10,Warhammer Space Marine,14
2025-02-11,Warhammer Space Marine,13
2025-02-12,Warhammer Space Marine,12
2025-02-13,Warhammer Space Marine,11
2025-02-14,Warhammer Space Marine,13
2025-02-15,Warhammer Space Marine,14
2025-02-16,Warhammer Space Marine,16
2025-02-17,Warhammer Space Marine,12
2025-02-18,Warhammer Space Marine,11
2025-02-19,Warhammer Space Marine,10
2025-02-20,Warhammer Space Marine,11
2025-02-21,Warhammer Space Marine,14
2025-02-22,Warhammer Space Marine,16
2025-02-23,Warhammer Space Marine,14
2025-02-24,Warhammer Space Marine,13
2025-02-25,Warhammer Space Marine,11
2025-02-26,Warhammer Space Marine,10
2025-02-27,Warhammer Space Marine,9
2025-02-28,Warhammer Space Marine,12
2025-03-01,Warhammer Space Marine,13
2025-03-02,Warhammer Space Marine,14
2025-03-03,Warhammer Space Marine,11
2025-03-04,Warhammer Space Marine,12
2025-03-05,Warhammer Space Marine,12
2025-03-06,Warhammer Space Marine,14
2025-03-07,Warhammer Space Marine,14
2025-03-08,Warhammer Space Marine,17
2025-03-09,Warhammer Space Marine,13
2025-03-10,Warhammer Space Marine,10
2025-03-11,Warhammer Space Marine,11
2025-03-12,Warhammer Space Marine,10
2025-03-13,Warhammer Space Marine,17
2025-03-14,Warhammer Space Marine,30
2025-03-15,Warhammer Space Marine,19
2025-03-16,Warhammer Space Marine,16
2025-03-17,Warhammer Space Marine,14
2025-03-18,Warhammer Space Marine,12
2025-03-19,Warhammer Space Marine,12
2025-03-20,Warhammer Space Marine,11
2025-03-21,Warhammer Space Marine,9
2025-03-22,Warhammer Space Marine,12
2025-03-23,Warhammer Space Marine,11
2025-03-24,Warhammer Space Marine,10
2025-03-25,Warhammer Space Marine,9
2025-03-26,Warhammer Space Marine,9
2025-03-27,Warhammer Space Marine,10
2025-03-28,Warhammer Space Marine,10
2025-03-29,Warhammer Space Marine,13
2025-03-30,Warhammer Space Marine,9
2025-03-31,Warhammer Space Marine,10
2025-04-01,Warhammer Space Marine,10
2025-04-02,Warhammer Space Marine,9
2025-04-03,Warhammer Space Marine,8
2025-04-04,Warhammer Space Marine,9
2025-04-05,Warhammer Space Marine,10
2025-04-06,Warhammer Space Marine,10
2025-04-07,Warhammer Space Marine,9
2025-04-08,Warhammer Space Marine,9
2025-04-09,Warhammer Space Marine,9
2025-04-10,Warhammer Space Marine,9
2025-04-11,Warhammer Space Marine,9
2025-04-12,Warhammer Space Marine,11
2025-04-13,Warhammer Space Marine,13
2025-04-14,Warhammer Space Marine,10
2025-04-15,Warhammer Space Marine,13
2025-04-16,Warhammer Space Marine,13
2025-04-17,Warhammer Space Marine,12
2025-04-18,Warhammer Space Marine,15
2025-04-19,Warhammer Space Marine,14
2025-04-20,Warhammer Space Marine,15
2025-04-21,Warhammer Space Marine,13
2025-04-22,Warhammer Space Marine,10
2025-04-23,Warhammer Space Marine,9
2025-04-24,Warhammer Space Marine,10
2025-04-25,Warhammer Space Marine,9
2025-04-26,Warhammer Space Marine,9
2025-04-27,Warhammer Space Marine,10
2025-04-28,Warhammer Space Marine,9
2025-04-29,Warhammer Space Marine,7
2025-04-30,Warhammer Space Marine,9
2025-05-01,Warhammer Space Marine,10
2025-05-02,Warhammer Space Marine,9
2025-05-03,Warhammer Space Marine,11
2025-05-04,Warhammer Space Marine,11
2025-05-05,Warhammer Space Marine,8
2025-05-06,Warhammer Space Marine,9
2025-05-07,Warhammer Space Marine,9
2025-05-08,Warhammer Space Marine,8
2025-05-09,Warhammer Space Marine,8
2025-05-10,Warhammer Space Marine,11
2025-05-11,Warhammer Space Marine,11
2025-05-12,Warhammer Space Marine,9
2025-05-13,Warhammer Space Marine,9
2025-05-14,Warhammer Space Marine,9
2025-05-15,Warhammer Space Marine,8
2025-05-16,Warhammer Space Marine,8
2025-05-17,Warhammer Space Marine,9
2025-05-18,Warhammer Space Marine,10
2025-05-19,Warhammer Space Marine,8
2025-05-20,Warhammer Space Marine,8
2025-05-21,Warhammer Space Marine,9
2025-05-22,Warhammer Space Marine,20
2025-05-23,Warhammer Space Marine,31
2025-05-24,Warhammer Space Marine,24
2025-05-25,Warhammer Space Marine,21
2025-05-26,Warhammer Space Marine,17
2025-05-27,Warhammer Space Marine,14
2025-05-28,Warhammer Space Marine,15
2025-05-29,Warhammer Space Marine,12
2025-05-30,Warhammer Space Marine,12
2025-05-31,Warhammer Space Marine,14
2025-06-01,Warhammer Space Marine,15
2025-06-02,Warhammer Space Marine,11
2025-06-03,Warhammer Space Marine,10
2025-06-04,Warhammer Space Marine,12
2025-06-05,Warhammer Space Marine,14
2025-06-06,Warhammer Space Marine,14
2025-06-07,Warhammer Space Marine,14
2025-06-08,Warhammer Space Marine,13
2025-06-09,Warhammer Space Marine,13
2025-06-10,Warhammer Space Marine,27
2025-06-11,Warhammer Space Marine,28
2025-06-12,Warhammer Space Marine,20
2025-06-13,Warhammer Space Marine,17
2025-06-14,Warhammer Space Marine,20
2025-06-15,Warhammer Space Marine,17
2025-06-16,Warhammer Space Marine,13
2025-06-17,Warhammer Space Marine,11
2025-06-18,Warhammer Space Marine,11
2025-06-19,Warhammer Space Marine,11
2025-06-20,Warhammer Space Marine,11
2025-06-21,Warhammer Space Marine,12
2025-06-22,Warhammer Space Marine,13
2025-06-23,Warhammer Space Marine,11
2025-06-24,Warhammer Space Marine,11
2025-06-25,Warhammer Space Marine,11
2025-06-26,Warhammer Space Marine,16
2025-06-27,Warhammer Space Marine,18
2025-06-28,Warhammer Space Marine,20
2025-06-29,Warhammer Space Marine,19
2025-06-30,Warhammer Space Marine,21
2025-07-01,Warhammer Space Marine,13
2025-07-02,Warhammer Space Marine,12
2025-07-03,Warhammer Space Marine,13
2025-07-04,Warhammer Space Marine,12
2025-07-05,Warhammer Space Marine,16
2025-07-06,Warhammer Space Marine,15
2025-07-07,Warhammer Space Marine,14
2025-07-08,Warhammer Space Marine,13
2025-07-09,Warhammer Space Marine,11
2025-07-10,Warhammer Space Marine,11
2025-07-11,Warhammer Space Marine,11
2025-07-12,Warhammer Space Marine,13
2025-07-13,Warhammer Space Marine,14
2025-07-14,Warhammer Space Marine,10
2025-07-15,Warhammer Space Marine,12
2025-07-16,Warhammer Space Marine,10
2025-07-17,Warhammer Space Marine,9
2025-07-18,Warhammer Space Marine,11
2025-07-19,Warhammer Space Marine,14
2025-07-20,Warhammer Space Marine,11
2025-07-21,Warhammer Space Marine,12
2025-07-22,Warhammer Space Marine,13
2025-07-23,Warhammer Space Marine,10
2025-07-24,Warhammer Space Marine,11
2025-07-25,Warhammer Space Marine,12
2025-07-26,Warhammer Space Marine,16
2025-07-27,Warhammer Space Marine,15
2025-07-28,Warhammer Space Marine,11
2025-07-29,Warhammer Space Marine,12
2025-07-30,Warhammer Space Marine,13
2025-07-31,Warhammer Space Marine,12
2025-08-01,Warhammer Space Marine,5
2025-08-02,Warhammer Space Marine,6
2025-08-03,Warhammer Space Marine,6
2025-08-04,Warhammer Space Marine,5
2025-08-05,Warhammer Space Marine,4
2025-08-06,Warhammer Space Marine,4
2025-08-07,Warhammer Space Marine,4
2025-08-08,Warhammer Space Marine,4
2025-08-09,Warhammer Space Marine,5
2025-08-10,Warhammer Space Marine,5
2025-08-11,Warhammer Space Marine,4
2025-08-12,Warhammer Space Marine,4
2025-08-13,Warhammer Space Marine,4
2025-08-14,Warhammer Space Marine,4
2025-08-15,Warhammer Space Marine,5
2025-08-16,Warhammer Space Marine,5
2025-08-17,Warhammer Space Marine,6
2025-08-18,Warhammer Space Marine,4
2025-08-19,Warhammer Space Marine,5
2025-08-20,Warhammer Space Marine,4
2025-08-21,Warhammer Space Marine,4
2025-08-22,Warhammer Space Marine,4
2025-08-23,Warhammer Space Marine,6
2025-08-24,Warhammer Space Marine,6
2025-08-25,Warhammer Space Marine,4
2025-08-26,Warhammer Space Marine,5
2025-08-27,Warhammer Space Marine,5
2025-08-28,Warhammer Space Marine,5
2025-08-29,Warhammer Space Marine,6
2025-08-30,Warhammer Space Marine,5
2025-08-31,Warhammer Space Marine,6
2025-09-01,Warhammer Space Marine,4
2025-09-02,Warhammer Space Marine,5
2025-09-03,Warhammer Space Marine,4
2025-09-04,Warhammer Space Marine,6
2025-09-05,Warhammer Space Marine,8
2025-09-06,Warhammer Space Marine,9
2025-09-07,Warhammer Space Marine,9
2025-09-08,Warhammer Space Marine,7
2025-09-09,Warhammer Space Marine,6
2025-09-10,Warhammer Space Marine,6
2025-09-11,Warhammer Space Marine,6
2025-09-12,Warhammer Space Marine,5
2025-09-13,Warhammer Space Marine,6
2025-09-14,Warhammer Space Marine,7
2025-09-15,Warhammer Space Marine,6
2025-09-16,Warhammer Space Marine,4
2025-09-17,Warhammer Space Marine,5
2025-09-18,Warhammer Space Marine,4
2025-09-19,Warhammer Space Marine,5
2025-09-20,Warhammer Space Marine,5
2025-09-21,Warhammer Space Marine,5
2025-09-22,Warhammer Space Marine,4
2025-09-23,Warhammer Space Marine,3
2025-09-24,Warhammer Space Marine,4
2025-09-25,Warhammer Space Marine,3
2025-09-26,Warhammer Space Marine,4
2025-09-27,Warhammer Space Marine,4
2025-09-28,Warhammer Space Marine,5
2025-09-29,Warhammer Space Marine,5
2025-09-30,Warhammer Space Marine,5
2025-10-01,Warhammer Space Marine,4
2025-10-02,Warhammer Space Marine,5
2025-10-03,Warhammer Space Marine,6
2025-10-04,Warhammer Space Marine,6
2025-10-05,Warhammer Space Marine,6
2025-10-06,Warhammer Space Marine,5
2025-10-07,Warhammer Space Marine,5
2025-10-08,Warhammer Space Marine,3
2025-10-09,Warhammer Space Marine,4
2025-10-10,Warhammer Space Marine,4
2025-10-11,Warhammer Space Marine,5
2025-10-12,Warhammer Space Marine,5
2025-10-13,Warhammer Space Marine,4
2025-10-14,Warhammer Space Marine,4
2025-10-15,Warhammer Space Marine,4
2025-10-16,Warhammer Space Marine,6
2025-10-17,Warhammer Space Marine,6
2025-10-18,Warhammer Space Marine,6
2025-10-19,Warhammer Space Marine,6
2025-10-20,Warhammer Space Marine,5
2025-10-21,Warhammer Space Marine,5
2025-10-22,Warhammer Space Marine,5
2025-10-23,Warhammer Space Marine,4
2025-10-24,Warhammer Space Marine,5
2025-10-25,Warhammer Space Marine,6
2025-10-26,Warhammer Space Marine,5
2025-10-27,Warhammer Space Marine,4
2025-10-28,Warhammer Space Marine,4
2025-10-29,Warhammer Space Marine,4
2025-10-30,Warhammer Space Marine,4
2025-10-31,Warhammer Space Marine,3
2025-11-01,Warhammer Space Marine,4
2025-11-02,Warhammer Space Marine,4
2025-11-03,Warhammer Space Marine,3
2025-11-04,Warhammer Space Marine,3
2025-11-05,Warhammer Space Marine,3
2025-11-06,Warhammer Space Marine,3
2025-11-07,Warhammer Space Marine,3
2025-11-08,Warhammer Space Marine,5
2025-11-09,Warhammer Space Marine,5
2025-11-10,Warhammer Space Marine,4
2025-11-11,Warhammer Space Marine,4
2025-11-12,Warhammer Space Marine,4
2025-11-13,Warhammer Space Marine,4
2025-11-14,Warhammer Space Marine,4
2025-11-15,Warhammer Space Marine,4
2025-11-16,Warhammer Space Marine,4
2025-11-17,Warhammer Space Marine,4
2025-11-18,Warhammer Space Marine,4
2025-11-19,Warhammer Space Marine,4
2025-11-20,Warhammer Space Marine,4
2025-11-21,Warhammer Space Marine,4
2025-11-22,Warhammer Space Marine,6
2025-11-23,Warhammer Space Marine,5
2025-11-24,Warhammer Space Marine,4
2025-11-25,Warhammer Space Marine,8
2025-11-26,Warhammer Space Marine,7
2025-11-27,Warhammer Space Marine,6
2025-11-28,Warhammer Space Marine,7
2025-11-29,Warhammer Space Marine,8
2025-11-30,Warhammer Space Marine,7
2025-12-01,Warhammer Space Marine,6
2025-12-02,Warhammer Space Marine,5
2025-12-03,Warhammer Space Marine,5
2025-12-04,Warhammer Space Marine,6
2025-12-05,Warhammer Space Marine,5
2025-12-06,Warhammer Space Marine,5
2025-12-07,Warhammer Space Marine,5
2025-12-08,Warhammer Space Marine,4
2025-12-09,Warhammer Space Marine,5
2025-12-10,Warhammer Space Marine,4
2025-12-11,Warhammer Space Marine,4
2025-12-12,Warhammer Space Marine,6
2025-12-13,Warhammer Space Marine,5
2025-12-14,Warhammer Space Marine,6
2025-12-15,Warhammer Space Marine,5
2025-12-16,Warhammer Space Marine,5
2025-12-17,Warhammer Space Marine,5
2025-12-18,Warhammer Space Marine,6
2025-12-19,Warhammer Space Marine,6
2025-12-20,Warhammer Space Marine,6
2025-12-21,Warhammer Space Marine,6
2025-12-22,Warhammer Space Marine,6
2025-12-23,Warhammer Space Marine,5
2025-12-24,Warhammer Space Marine,7
2025-12-25,Warhammer Space Marine,8
2025-12-26,Warhammer Space Marine,7
2025-12-27,Warhammer Space Marine,8
2025-12-28,Warhammer Space Marine,9
2025-12-29,Warhammer Space Marine,6
2025-12-30,Warhammer Space Marine,7
2025-12-31,Warhammer Space Marine,6
2026-01-01,Warhammer Space Marine,6
2026-01-02,Warhammer Space Marine,7
2026-01-03,Warhammer Space Marine,7
2026-01-04,Warhammer Space Marine,7
2026-01-05,Warhammer Space Marine,6
2026-01-06,Warhammer Space Marine,7
2026-01-07,Warhammer Space Marine,6
2026-01-08,Warhammer Space Marine,6
2026-01-09,Warhammer Space Marine,8
2026-01-10,Warhammer Space Marine,7
2026-01-11,Warhammer Space Marine,7
2026-01-12,Warhammer Space Marine,6
2026-01-13,Warhammer Space Marine,5
2026-01-14,Warhammer Space Marine,6
2026-01-15,Warhammer Space Marine,6
2026-01-16,Warhammer Space Marine,6
2026-01-17,Warhammer Space Marine,7
2026-01-18,Warhammer Space Marine,7
2026-01-19,Warhammer Space Marine,5
2026-01-20,Warhammer Space Marine,6
2026-01-21,Warhammer Space Marine,6
2026-01-22,Warhammer Space Marine,6
2026-01-23,Warhammer Space Marine,6
2026-01-24,Warhammer Space Marine,6
2026-01-25,Warhammer Space Marine,7
2026-01-26,Warhammer Space Marine,5
2026-01-27,Warhammer Space Marine,5
2026-01-28,Warhammer Space Marine,5
2026-02-22,Warhammer Space Marine,15
2021-02-23,Warhammer starter set,0
2021-02-24,Warhammer starter set,0
2021-02-25,Warhammer starter set,0
2021-02-26,Warhammer starter set,0
2021-02-27,Warhammer starter set,3
2021-02-28,Warhammer starter set,0
2021-03-01,Warhammer starter set,0
2021-03-02,Warhammer starter set,0
2021-03-03,Warhammer starter set,0
2021-03-04,Warhammer starter set,0
2021-03-05,Warhammer starter set,0
2021-03-06,Warhammer starter set,0
2021-03-07,Warhammer starter set,0
2021-03-08,Warhammer starter set,0
2021-03-09,Warhammer starter set,0
2021-03-10,Warhammer starter set,0
2021-03-11,Warhammer starter set,0
2021-03-12,Warhammer starter set,0
2021-03-13,Warhammer starter set,0
2021-03-14,Warhammer starter set,0
2021-03-15,Warhammer starter set,0
2021-03-16,Warhammer starter set,0
2021-03-17,Warhammer starter set,0
2021-03-18,Warhammer starter set,0
2021-03-19,Warhammer starter set,0
2021-03-20,Warhammer starter set,3
2021-03-21,Warhammer starter set,0
2021-03-22,Warhammer starter set,0
2021-03-23,Warhammer starter set,2
2021-03-24,Warhammer starter set,0
2021-03-25,Warhammer starter set,0
2021-03-26,Warhammer starter set,0
2021-03-27,Warhammer starter set,3
2021-03-28,Warhammer starter set,3
2021-03-29,Warhammer starter set,0
2021-03-30,Warhammer starter set,0
2021-03-31,Warhammer starter set,0
2021-04-01,Warhammer starter set,0
2021-04-02,Warhammer starter set,0
2021-04-03,Warhammer starter set,0
2021-04-04,Warhammer starter set,0
2021-04-05,Warhammer starter set,0
2021-04-06,Warhammer starter set,0
2021-04-07,Warhammer starter set,0
2021-04-08,Warhammer starter set,0
2021-04-09,Warhammer starter set,0
2021-04-10,Warhammer starter set,0
2021-04-11,Warhammer starter set,0
2021-04-12,Warhammer starter set,0
2021-04-13,Warhammer starter set,0
2021-04-14,Warhammer starter set,0
2021-04-15,Warhammer starter set,0
2021-04-16,Warhammer starter set,0
2021-04-17,Warhammer starter set,0
2021-04-18,Warhammer starter set,0
2021-04-19,Warhammer starter set,0
2021-04-20,Warhammer starter set,0
2021-04-21,Warhammer starter set,0
2021-04-22,Warhammer starter set,0
2021-04-23,Warhammer starter set,0
2021-04-24,Warhammer starter set,0
2021-04-25,Warhammer starter set,0
2021-04-26,Warhammer starter set,0
2021-04-27,Warhammer starter set,0
2021-04-28,Warhammer starter set,0
2021-04-29,Warhammer starter set,0
2021-04-30,Warhammer starter set,0
2021-05-01,Warhammer starter set,0
2021-05-02,Warhammer starter set,2
2021-05-03,Warhammer starter set,0
2021-05-04,Warhammer starter set,0
2021-05-05,Warhammer starter set,0
2021-05-06,Warhammer starter set,0
2021-05-07,Warhammer starter set,0
2021-05-08,Warhammer starter set,0
2021-05-09,Warhammer starter set,0
2021-05-10,Warhammer starter set,0
2021-05-11,Warhammer starter set,0
2021-05-12,Warhammer starter set,0
2021-05-13,Warhammer starter set,0
2021-05-14,Warhammer starter set,0
2021-05-15,Warhammer starter set,0
2021-05-16,Warhammer starter set,0
2021-05-17,Warhammer starter set,0
2021-05-18,Warhammer starter set,0
2021-05-19,Warhammer starter set,0
2021-05-20,Warhammer starter set,0
2021-05-21,Warhammer starter set,0
2021-05-22,Warhammer starter set,0
2021-05-23,Warhammer starter set,0
2021-05-24,Warhammer starter set,0
2021-05-25,Warhammer starter set,0
2021-05-26,Warhammer starter set,0
2021-05-27,Warhammer starter set,0
2021-05-28,Warhammer starter set,0
2021-05-29,Warhammer starter set,0
2021-05-30,Warhammer starter set,0
2021-05-31,Warhammer starter set,0
2021-06-01,Warhammer starter set,0
2021-06-02,Warhammer starter set,2
2021-06-03,Warhammer starter set,0
2021-06-04,Warhammer starter set,2
2021-06-05,Warhammer starter set,0
2021-06-06,Warhammer starter set,0
2021-06-07,Warhammer starter set,0
2021-06-08,Warhammer starter set,0
2021-06-09,Warhammer starter set,0
2021-06-10,Warhammer starter set,0
2021-06-11,Warhammer starter set,0
2021-06-12,Warhammer starter set,0
2021-06-13,Warhammer starter set,0
2021-06-14,Warhammer starter set,0
2021-06-15,Warhammer starter set,2
2021-06-16,Warhammer starter set,0
2021-06-17,Warhammer starter set,0
2021-06-18,Warhammer starter set,0
2021-06-19,Warhammer starter set,0
2021-06-20,Warhammer starter set,0
2021-06-21,Warhammer starter set,0
2021-06-22,Warhammer starter set,0
2021-06-23,Warhammer starter set,0
2021-06-24,Warhammer starter set,0
2021-06-25,Warhammer starter set,0
2021-06-26,Warhammer starter set,0
2021-06-27,Warhammer starter set,0
2021-06-28,Warhammer starter set,0
2021-06-29,Warhammer starter set,0
2021-06-30,Warhammer starter set,0
2021-07-01,Warhammer starter set,0
2021-07-02,Warhammer starter set,0
2021-07-03,Warhammer starter set,0
2021-07-04,Warhammer starter set,0
2021-07-05,Warhammer starter set,0
2021-07-06,Warhammer starter set,2
2021-07-07,Warhammer starter set,0
2021-07-08,Warhammer starter set,0
2021-07-09,Warhammer starter set,0
2021-07-10,Warhammer starter set,3
2021-07-11,Warhammer starter set,0
2021-07-12,Warhammer starter set,0
2021-07-13,Warhammer starter set,0
2021-07-14,Warhammer starter set,0
2021-07-15,Warhammer starter set,0
2021-07-16,Warhammer starter set,0
2021-07-17,Warhammer starter set,0
2021-07-18,Warhammer starter set,0
2021-07-19,Warhammer starter set,0
2021-07-20,Warhammer starter set,0
2021-07-21,Warhammer starter set,0
2021-07-22,Warhammer starter set,0
2021-07-23,Warhammer starter set,0
2021-07-24,Warhammer starter set,0
2021-07-25,Warhammer starter set,0
2021-07-26,Warhammer starter set,0
2021-07-27,Warhammer starter set,0
2021-07-28,Warhammer starter set,0
2021-07-29,Warhammer starter set,0
2021-07-30,Warhammer starter set,0
2021-07-31,Warhammer starter set,0
2021-08-01,Warhammer starter set,0
2021-08-02,Warhammer starter set,0
2021-08-03,Warhammer starter set,0
2021-08-04,Warhammer starter set,0
2021-08-05,Warhammer starter set,0
2021-08-06,Warhammer starter set,0
2021-08-07,Warhammer starter set,0
2021-08-08,Warhammer starter set,0
2021-08-09,Warhammer starter set,0
2021-08-10,Warhammer starter set,0
2021-08-11,Warhammer starter set,0
2021-08-12,Warhammer starter set,0
2021-08-13,Warhammer starter set,0
2021-08-14,Warhammer starter set,0
2021-08-15,Warhammer starter set,0
2021-08-16,Warhammer starter set,0
2021-08-17,Warhammer starter set,0
2021-08-18,Warhammer starter set,0
2021-08-19,Warhammer starter set,0
2021-08-20,Warhammer starter set,0
2021-08-21,Warhammer starter set,0
2021-08-22,Warhammer starter set,0
2021-08-23,Warhammer starter set,0
2021-08-24,Warhammer starter set,0
2021-08-25,Warhammer starter set,0
2021-08-26,Warhammer starter set,1
2021-08-27,Warhammer starter set,0
2021-08-28,Warhammer starter set,0
2021-08-29,Warhammer starter set,0
2021-08-30,Warhammer starter set,0
2021-08-31,Warhammer starter set,0
2021-09-01,Warhammer starter set,0
2021-09-02,Warhammer starter set,0
2021-09-03,Warhammer starter set,0
2021-09-04,Warhammer starter set,0
2021-09-05,Warhammer starter set,0
2021-09-06,Warhammer starter set,0
2021-09-07,Warhammer starter set,0
2021-09-08,Warhammer starter set,0
2021-09-09,Warhammer starter set,0
2021-09-10,Warhammer starter set,0
2021-09-11,Warhammer starter set,0
2021-09-12,Warhammer starter set,0
2021-09-13,Warhammer starter set,0
2021-09-14,Warhammer starter set,0
2021-09-15,Warhammer starter set,0
2021-09-16,Warhammer starter set,0
2021-09-17,Warhammer starter set,0
2021-09-18,Warhammer starter set,0
2021-09-19,Warhammer starter set,0
2021-09-20,Warhammer starter set,0
2021-09-21,Warhammer starter set,0
2021-09-22,Warhammer starter set,1
2021-09-23,Warhammer starter set,0
2021-09-24,Warhammer starter set,0
2021-09-25,Warhammer starter set,0
2021-09-26,Warhammer starter set,0
2021-09-27,Warhammer starter set,0
2021-09-28,Warhammer starter set,0
2021-09-29,Warhammer starter set,0
2021-09-30,Warhammer starter set,0
2021-10-01,Warhammer starter set,0
2021-10-02,Warhammer starter set,0
2021-10-03,Warhammer starter set,0
2021-10-04,Warhammer starter set,0
2021-10-05,Warhammer starter set,0
2021-10-06,Warhammer starter set,0
2021-10-07,Warhammer starter set,0
2021-10-08,Warhammer starter set,0
2021-10-09,Warhammer starter set,0
2021-10-10,Warhammer starter set,0
2021-10-11,Warhammer starter set,0
2021-10-12,Warhammer starter set,0
2021-10-13,Warhammer starter set,0
2021-10-14,Warhammer starter set,0
2021-10-15,Warhammer starter set,0
2021-10-16,Warhammer starter set,0
2021-10-17,Warhammer starter set,0
2021-10-18,Warhammer starter set,0
2021-10-19,Warhammer starter set,0
2021-10-20,Warhammer starter set,0
2021-10-21,Warhammer starter set,0
2021-10-22,Warhammer starter set,0
2021-10-23,Warhammer starter set,0
2021-10-24,Warhammer starter set,0
2021-10-25,Warhammer starter set,0
2021-10-26,Warhammer starter set,0
2021-10-27,Warhammer starter set,0
2021-10-28,Warhammer starter set,0
2021-10-29,Warhammer starter set,0
2021-10-30,Warhammer starter set,0
2021-10-31,Warhammer starter set,0
2021-11-01,Warhammer starter set,0
2021-11-02,Warhammer starter set,0
2021-11-03,Warhammer starter set,0
2021-11-04,Warhammer starter set,0
2021-11-05,Warhammer starter set,0
2021-11-06,Warhammer starter set,0
2021-11-07,Warhammer starter set,0
2021-11-08,Warhammer starter set,0
2021-11-09,Warhammer starter set,0
2021-11-10,Warhammer starter set,0
2021-11-11,Warhammer starter set,0
2021-11-12,Warhammer starter set,1
2021-11-13,Warhammer starter set,0
2021-11-14,Warhammer starter set,0
2021-11-15,Warhammer starter set,0
2021-11-16,Warhammer starter set,0
2021-11-17,Warhammer starter set,0
2021-11-18,Warhammer starter set,0
2021-11-19,Warhammer starter set,0
2021-11-20,Warhammer starter set,0
2021-11-21,Warhammer starter set,0
2021-11-22,Warhammer starter set,0
2021-11-23,Warhammer starter set,0
2021-11-24,Warhammer starter set,0
2021-11-25,Warhammer starter set,0
2021-11-26,Warhammer starter set,0
2021-11-27,Warhammer starter set,0
2021-11-28,Warhammer starter set,0
2021-11-29,Warhammer starter set,0
2021-11-30,Warhammer starter set,0
2021-12-01,Warhammer starter set,0
2021-12-02,Warhammer starter set,0
2021-12-03,Warhammer starter set,0
2021-12-04,Warhammer starter set,0
2021-12-05,Warhammer starter set,0
2021-12-06,Warhammer starter set,0
2021-12-07,Warhammer starter set,0
2021-12-08,Warhammer starter set,1
2021-12-09,Warhammer starter set,0
2021-12-10,Warhammer starter set,0
2021-12-11,Warhammer starter set,0
2021-12-12,Warhammer starter set,0
2021-12-13,Warhammer starter set,0
2021-12-14,Warhammer starter set,0
2021-12-15,Warhammer starter set,0
2021-12-16,Warhammer starter set,0
2021-12-17,Warhammer starter set,0
2021-12-18,Warhammer starter set,0
2021-12-19,Warhammer starter set,0
2021-12-20,Warhammer starter set,0
2021-12-21,Warhammer starter set,0
2021-12-22,Warhammer starter set,0
2021-12-23,Warhammer starter set,0
2021-12-24,Warhammer starter set,0
2021-12-25,Warhammer starter set,0
2021-12-26,Warhammer starter set,0
2021-12-27,Warhammer starter set,0
2021-12-28,Warhammer starter set,0
2021-12-29,Warhammer starter set,0
2021-12-30,Warhammer starter set,0
2021-12-31,Warhammer starter set,0
2022-01-01,Warhammer starter set,0
2022-01-02,Warhammer starter set,0
2022-01-03,Warhammer starter set,0
2022-01-04,Warhammer starter set,3
2022-01-05,Warhammer starter set,0
2022-01-06,Warhammer starter set,0
2022-01-07,Warhammer starter set,0
2022-01-08,Warhammer starter set,0
2022-01-09,Warhammer starter set,0
2022-01-10,Warhammer starter set,1
2022-01-11,Warhammer starter set,0
2022-01-12,Warhammer starter set,0
2022-01-13,Warhammer starter set,0
2022-01-14,Warhammer starter set,0
2022-01-15,Warhammer starter set,0
2022-01-16,Warhammer starter set,0
2022-01-17,Warhammer starter set,0
2022-01-18,Warhammer starter set,0
2022-01-19,Warhammer starter set,0
2022-01-20,Warhammer starter set,0
2022-01-21,Warhammer starter set,1
2022-01-22,Warhammer starter set,1
2022-01-23,Warhammer starter set,0
2022-01-24,Warhammer starter set,2
2022-01-25,Warhammer starter set,0
2022-01-26,Warhammer starter set,0
2022-01-27,Warhammer starter set,1
2022-01-28,Warhammer starter set,0
2022-01-29,Warhammer starter set,0
2022-01-30,Warhammer starter set,1
2022-01-31,Warhammer starter set,0
2022-02-01,Warhammer starter set,0
2022-02-02,Warhammer starter set,1
2022-02-03,Warhammer starter set,0
2022-02-04,Warhammer starter set,0
2022-02-05,Warhammer starter set,0
2022-02-06,Warhammer starter set,0
2022-02-07,Warhammer starter set,1
2022-02-08,Warhammer starter set,0
2022-02-09,Warhammer starter set,0
2022-02-10,Warhammer starter set,0
2022-02-11,Warhammer starter set,1
2022-02-12,Warhammer starter set,0
2022-02-13,Warhammer starter set,1
2022-02-14,Warhammer starter set,0
2022-02-15,Warhammer starter set,0
2022-02-16,Warhammer starter set,1
2022-02-17,Warhammer starter set,0
2022-02-18,Warhammer starter set,1
2022-02-19,Warhammer starter set,0
2022-02-20,Warhammer starter set,1
2022-02-21,Warhammer starter set,0
2022-02-22,Warhammer starter set,1
2022-02-23,Warhammer starter set,0
2022-02-24,Warhammer starter set,1
2022-02-25,Warhammer starter set,0
2022-02-26,Warhammer starter set,0
2022-02-27,Warhammer starter set,0
2022-02-28,Warhammer starter set,1
2022-03-01,Warhammer starter set,0
2022-03-02,Warhammer starter set,1
2022-03-03,Warhammer starter set,0
2022-03-04,Warhammer starter set,0
2022-03-05,Warhammer starter set,0
2022-03-06,Warhammer starter set,1
2022-03-07,Warhammer starter set,0
2022-03-08,Warhammer starter set,0
2022-03-09,Warhammer starter set,0
2022-03-10,Warhammer starter set,0
2022-03-11,Warhammer starter set,0
2022-03-12,Warhammer starter set,0
2022-03-13,Warhammer starter set,0
2022-03-14,Warhammer starter set,1
2022-03-15,Warhammer starter set,0
2022-03-16,Warhammer starter set,0
2022-03-17,Warhammer starter set,0
2022-03-18,Warhammer starter set,0
2022-03-19,Warhammer starter set,0
2022-03-20,Warhammer starter set,1
2022-03-21,Warhammer starter set,0
2022-03-22,Warhammer starter set,0
2022-03-23,Warhammer starter set,0
2022-03-24,Warhammer starter set,0
2022-03-25,Warhammer starter set,0
2022-03-26,Warhammer starter set,0
2022-03-27,Warhammer starter set,0
2022-03-28,Warhammer starter set,0
2022-03-29,Warhammer starter set,0
2022-03-30,Warhammer starter set,1
2022-03-31,Warhammer starter set,0
2022-04-01,Warhammer starter set,0
2022-04-02,Warhammer starter set,0
2022-04-03,Warhammer starter set,0
2022-04-04,Warhammer starter set,0
2022-04-05,Warhammer starter set,0
2022-04-06,Warhammer starter set,0
2022-04-07,Warhammer starter set,1
2022-04-08,Warhammer starter set,0
2022-04-09,Warhammer starter set,1
2022-04-10,Warhammer starter set,1
2022-04-11,Warhammer starter set,0
2022-04-12,Warhammer starter set,0
2022-04-13,Warhammer starter set,0
2022-04-14,Warhammer starter set,0
2022-04-15,Warhammer starter set,0
2022-04-16,Warhammer starter set,0
2022-04-17,Warhammer starter set,0
2022-04-18,Warhammer starter set,1
2022-04-19,Warhammer starter set,1
2022-04-20,Warhammer starter set,0
2022-04-21,Warhammer starter set,0
2022-04-22,Warhammer starter set,0
2022-04-23,Warhammer starter set,0
2022-04-24,Warhammer starter set,0
2022-04-25,Warhammer starter set,0
2022-04-26,Warhammer starter set,0
2022-04-27,Warhammer starter set,0
2022-04-28,Warhammer starter set,0
2022-04-29,Warhammer starter set,0
2022-04-30,Warhammer starter set,0
2022-05-01,Warhammer starter set,1
2022-05-02,Warhammer starter set,1
2022-05-03,Warhammer starter set,0
2022-05-04,Warhammer starter set,0
2022-05-05,Warhammer starter set,0
2022-05-06,Warhammer starter set,0
2022-05-07,Warhammer starter set,0
2022-05-08,Warhammer starter set,0
2022-05-09,Warhammer starter set,1
2022-05-10,Warhammer starter set,0
2022-05-11,Warhammer starter set,0
2022-05-12,Warhammer starter set,0
2022-05-13,Warhammer starter set,0
2022-05-14,Warhammer starter set,0
2022-05-15,Warhammer starter set,0
2022-05-16,Warhammer starter set,0
2022-05-17,Warhammer starter set,0
2022-05-18,Warhammer starter set,0
2022-05-19,Warhammer starter set,0
2022-05-20,Warhammer starter set,0
2022-05-21,Warhammer starter set,0
2022-05-22,Warhammer starter set,0
2022-05-23,Warhammer starter set,0
2022-05-24,Warhammer starter set,0
2022-05-25,Warhammer starter set,0
2022-05-26,Warhammer starter set,0
2022-05-27,Warhammer starter set,0
2022-05-28,Warhammer starter set,0
2022-05-29,Warhammer starter set,0
2022-05-30,Warhammer starter set,0
2022-05-31,Warhammer starter set,0
2022-06-01,Warhammer starter set,0
2022-06-02,Warhammer starter set,0
2022-06-03,Warhammer starter set,0
2022-06-04,Warhammer starter set,0
2022-06-05,Warhammer starter set,0
2022-06-06,Warhammer starter set,0
2022-06-07,Warhammer starter set,0
2022-06-08,Warhammer starter set,0
2022-06-09,Warhammer starter set,0
2022-06-10,Warhammer starter set,0
2022-06-11,Warhammer starter set,0
2022-06-12,Warhammer starter set,0
2022-06-13,Warhammer starter set,1
2022-06-14,Warhammer starter set,0
2022-06-15,Warhammer starter set,0
2022-06-16,Warhammer starter set,0
2022-06-17,Warhammer starter set,0
2022-06-18,Warhammer starter set,0
2022-06-19,Warhammer starter set,0
2022-06-20,Warhammer starter set,0
2022-06-21,Warhammer starter set,0
2022-06-22,Warhammer starter set,0
2022-06-23,Warhammer starter set,0
2022-06-24,Warhammer starter set,0
2022-06-25,Warhammer starter set,0
2022-06-26,Warhammer starter set,0
2022-06-27,Warhammer starter set,0
2022-06-28,Warhammer starter set,0
2022-06-29,Warhammer starter set,1
2022-06-30,Warhammer starter set,0
2022-07-01,Warhammer starter set,0
2022-07-02,Warhammer starter set,0
2022-07-03,Warhammer starter set,0
2022-07-04,Warhammer starter set,0
2022-07-05,Warhammer starter set,1
2022-07-06,Warhammer starter set,0
2022-07-07,Warhammer starter set,0
2022-07-08,Warhammer starter set,1
2022-07-09,Warhammer starter set,0
2022-07-10,Warhammer starter set,1
2022-07-11,Warhammer starter set,0
2022-07-12,Warhammer starter set,0
2022-07-13,Warhammer starter set,0
2022-07-14,Warhammer starter set,0
2022-07-15,Warhammer starter set,0
2022-07-16,Warhammer starter set,0
2022-07-17,Warhammer starter set,0
2022-07-18,Warhammer starter set,0
2022-07-19,Warhammer starter set,0
2022-07-20,Warhammer starter set,0
2022-07-21,Warhammer starter set,0
2022-07-22,Warhammer starter set,0
2022-07-23,Warhammer starter set,1
2022-07-24,Warhammer starter set,0
2022-07-25,Warhammer starter set,0
2022-07-26,Warhammer starter set,1
2022-07-27,Warhammer starter set,0
2022-07-28,Warhammer starter set,0
2022-07-29,Warhammer starter set,0
2022-07-30,Warhammer starter set,0
2022-07-31,Warhammer starter set,0
2022-08-01,Warhammer starter set,0
2022-08-02,Warhammer starter set,0
2022-08-03,Warhammer starter set,0
2022-08-04,Warhammer starter set,0
2022-08-05,Warhammer starter set,0
2022-08-06,Warhammer starter set,0
2022-08-07,Warhammer starter set,0
2022-08-08,Warhammer starter set,0
2022-08-09,Warhammer starter set,0
2022-08-10,Warhammer starter set,0
2022-08-11,Warhammer starter set,0
2022-08-12,Warhammer starter set,0
2022-08-13,Warhammer starter set,1
2022-08-14,Warhammer starter set,0
2022-08-15,Warhammer starter set,0
2022-08-16,Warhammer starter set,0
2022-08-17,Warhammer starter set,0
2022-08-18,Warhammer starter set,0
2022-08-19,Warhammer starter set,0
2022-08-20,Warhammer starter set,0
2022-08-21,Warhammer starter set,0
2022-08-22,Warhammer starter set,0
2022-08-23,Warhammer starter set,0
2022-08-24,Warhammer starter set,0
2022-08-25,Warhammer starter set,1
2022-08-26,Warhammer starter set,0
2022-08-27,Warhammer starter set,0
2022-08-28,Warhammer starter set,0
2022-08-29,Warhammer starter set,0
2022-08-30,Warhammer starter set,0
2022-08-31,Warhammer starter set,0
2022-09-01,Warhammer starter set,0
2022-09-02,Warhammer starter set,0
2022-09-03,Warhammer starter set,0
2022-09-04,Warhammer starter set,1
2022-09-05,Warhammer starter set,0
2022-09-06,Warhammer starter set,0
2022-09-07,Warhammer starter set,0
2022-09-08,Warhammer starter set,0
2022-09-09,Warhammer starter set,0
2022-09-10,Warhammer starter set,0
2022-09-11,Warhammer starter set,0
2022-09-12,Warhammer starter set,0
2022-09-13,Warhammer starter set,0
2022-09-14,Warhammer starter set,0
2022-09-15,Warhammer starter set,1
2022-09-16,Warhammer starter set,0
2022-09-17,Warhammer starter set,0
2022-09-18,Warhammer starter set,1
2022-09-19,Warhammer starter set,0
2022-09-20,Warhammer starter set,0
2022-09-21,Warhammer starter set,0
2022-09-22,Warhammer starter set,0
2022-09-23,Warhammer starter set,0
2022-09-24,Warhammer starter set,1
2022-09-25,Warhammer starter set,0
2022-09-26,Warhammer starter set,0
2022-09-27,Warhammer starter set,0
2022-09-28,Warhammer starter set,0
2022-09-29,Warhammer starter set,0
2022-09-30,Warhammer starter set,0
2022-10-01,Warhammer starter set,0
2022-10-02,Warhammer starter set,0
2022-10-03,Warhammer starter set,0
2022-10-04,Warhammer starter set,0
2022-10-05,Warhammer starter set,0
2022-10-06,Warhammer starter set,0
2022-10-07,Warhammer starter set,0
2022-10-08,Warhammer starter set,0
2022-10-09,Warhammer starter set,0
2022-10-10,Warhammer starter set,0
2022-10-11,Warhammer starter set,0
2022-10-12,Warhammer starter set,0
2022-10-13,Warhammer starter set,0
2022-10-14,Warhammer starter set,0
2022-10-15,Warhammer starter set,0
2022-10-16,Warhammer starter set,0
2022-10-17,Warhammer starter set,0
2022-10-18,Warhammer starter set,0
2022-10-19,Warhammer starter set,0
2022-10-20,Warhammer starter set,0
2022-10-21,Warhammer starter set,0
2022-10-22,Warhammer starter set,0
2022-10-23,Warhammer starter set,0
2022-10-24,Warhammer starter set,0
2022-10-25,Warhammer starter set,0
2022-10-26,Warhammer starter set,0
2022-10-27,Warhammer starter set,0
2022-10-28,Warhammer starter set,0
2022-10-29,Warhammer starter set,0
2022-10-30,Warhammer starter set,1
2022-10-31,Warhammer starter set,0
2022-11-01,Warhammer starter set,0
2022-11-02,Warhammer starter set,0
2022-11-03,Warhammer starter set,0
2022-11-04,Warhammer starter set,0
2022-11-05,Warhammer starter set,1
2022-11-06,Warhammer starter set,0
2022-11-07,Warhammer starter set,0
2022-11-08,Warhammer starter set,0
2022-11-09,Warhammer starter set,0
2022-11-10,Warhammer starter set,0
2022-11-11,Warhammer starter set,1
2022-11-12,Warhammer starter set,0
2022-11-13,Warhammer starter set,1
2022-11-14,Warhammer starter set,0
2022-11-15,Warhammer starter set,0
2022-11-16,Warhammer starter set,0
2022-11-17,Warhammer starter set,0
2022-11-18,Warhammer starter set,0
2022-11-19,Warhammer starter set,0
2022-11-20,Warhammer starter set,0
2022-11-21,Warhammer starter set,0
2022-11-22,Warhammer starter set,0
2022-11-23,Warhammer starter set,0
2022-11-24,Warhammer starter set,0
2022-11-25,Warhammer starter set,1
2022-11-26,Warhammer starter set,1
2022-11-27,Warhammer starter set,0
2022-11-28,Warhammer starter set,0
2022-11-29,Warhammer starter set,0
2022-11-30,Warhammer starter set,0
2022-12-01,Warhammer starter set,0
2022-12-02,Warhammer starter set,0
2022-12-03,Warhammer starter set,1
2022-12-04,Warhammer starter set,0
2022-12-05,Warhammer starter set,0
2022-12-06,Warhammer starter set,1
2022-12-07,Warhammer starter set,0
2022-12-08,Warhammer starter set,1
2022-12-09,Warhammer starter set,0
2022-12-10,Warhammer starter set,0
2022-12-11,Warhammer starter set,0
2022-12-12,Warhammer starter set,0
2022-12-13,Warhammer starter set,0
2022-12-14,Warhammer starter set,0
2022-12-15,Warhammer starter set,0
2022-12-16,Warhammer starter set,1
2022-12-17,Warhammer starter set,0
2022-12-18,Warhammer starter set,1
2022-12-19,Warhammer starter set,1
2022-12-20,Warhammer starter set,1
2022-12-21,Warhammer starter set,1
2022-12-22,Warhammer starter set,1
2022-12-23,Warhammer starter set,1
2022-12-24,Warhammer starter set,1
2022-12-25,Warhammer starter set,1
2022-12-26,Warhammer starter set,0
2022-12-27,Warhammer starter set,1
2022-12-28,Warhammer starter set,1
2022-12-29,Warhammer starter set,1
2022-12-30,Warhammer starter set,1
2022-12-31,Warhammer starter set,1
2023-01-01,Warhammer starter set,0
2023-01-02,Warhammer starter set,1
2023-01-03,Warhammer starter set,0
2023-01-04,Warhammer starter set,1
2023-01-05,Warhammer starter set,0
2023-01-06,Warhammer starter set,1
2023-01-07,Warhammer starter set,1
2023-01-08,Warhammer starter set,1
2023-01-09,Warhammer starter set,0
2023-01-10,Warhammer starter set,1
2023-01-11,Warhammer starter set,0
2023-01-12,Warhammer starter set,1
2023-01-13,Warhammer starter set,0
2023-01-14,Warhammer starter set,0
2023-01-15,Warhammer starter set,1
2023-01-16,Warhammer starter set,0
2023-01-17,Warhammer starter set,0
2023-01-18,Warhammer starter set,0
2023-01-19,Warhammer starter set,0
2023-01-20,Warhammer starter set,0
2023-01-21,Warhammer starter set,0
2023-01-22,Warhammer starter set,1
2023-01-23,Warhammer starter set,1
2023-01-24,Warhammer starter set,0
2023-01-25,Warhammer starter set,0
2023-01-26,Warhammer starter set,0
2023-01-27,Warhammer starter set,1
2023-01-28,Warhammer starter set,0
2023-01-29,Warhammer starter set,0
2023-01-30,Warhammer starter set,0
2023-01-31,Warhammer starter set,0
2023-02-01,Warhammer starter set,0
2023-02-02,Warhammer starter set,0
2023-02-03,Warhammer starter set,0
2023-02-04,Warhammer starter set,0
2023-02-05,Warhammer starter set,1
2023-02-06,Warhammer starter set,0
2023-02-07,Warhammer starter set,0
2023-02-08,Warhammer starter set,0
2023-02-09,Warhammer starter set,0
2023-02-10,Warhammer starter set,0
2023-02-11,Warhammer starter set,0
2023-02-12,Warhammer starter set,0
2023-02-13,Warhammer starter set,0
2023-02-14,Warhammer starter set,0
2023-02-15,Warhammer starter set,0
2023-02-16,Warhammer starter set,0
2023-02-17,Warhammer starter set,0
2023-02-18,Warhammer starter set,1
2023-02-19,Warhammer starter set,0
2023-02-20,Warhammer starter set,0
2023-02-21,Warhammer starter set,1
2023-02-22,Warhammer starter set,0
2023-02-23,Warhammer starter set,1
2023-02-24,Warhammer starter set,0
2023-02-25,Warhammer starter set,0
2023-02-26,Warhammer starter set,0
2023-02-27,Warhammer starter set,0
2023-02-28,Warhammer starter set,0
2023-03-01,Warhammer starter set,0
2023-03-02,Warhammer starter set,0
2023-03-03,Warhammer starter set,0
2023-03-04,Warhammer starter set,0
2023-03-05,Warhammer starter set,0
2023-03-06,Warhammer starter set,0
2023-03-07,Warhammer starter set,0
2023-03-08,Warhammer starter set,0
2023-03-09,Warhammer starter set,0
2023-03-10,Warhammer starter set,0
2023-03-11,Warhammer starter set,0
2023-03-12,Warhammer starter set,0
2023-03-13,Warhammer starter set,1
2023-03-14,Warhammer starter set,0
2023-03-15,Warhammer starter set,0
2023-03-16,Warhammer starter set,0
2023-03-17,Warhammer starter set,0
2023-03-18,Warhammer starter set,1
2023-03-19,Warhammer starter set,1
2023-03-20,Warhammer starter set,0
2023-03-21,Warhammer starter set,1
2023-03-22,Warhammer starter set,1
2023-03-23,Warhammer starter set,1
2023-03-24,Warhammer starter set,0
2023-03-25,Warhammer starter set,1
2023-03-26,Warhammer starter set,0
2023-03-27,Warhammer starter set,1
2023-03-28,Warhammer starter set,2
2023-03-29,Warhammer starter set,1
2023-03-30,Warhammer starter set,0
2023-03-31,Warhammer starter set,1
2023-04-01,Warhammer starter set,1
2023-04-02,Warhammer starter set,1
2023-04-03,Warhammer starter set,0
2023-04-04,Warhammer starter set,0
2023-04-05,Warhammer starter set,1
2023-04-06,Warhammer starter set,1
2023-04-07,Warhammer starter set,1
2023-04-08,Warhammer starter set,0
2023-04-09,Warhammer starter set,1
2023-04-10,Warhammer starter set,0
2023-04-11,Warhammer starter set,0
2023-04-12,Warhammer starter set,1
2023-04-13,Warhammer starter set,0
2023-04-14,Warhammer starter set,1
2023-04-15,Warhammer starter set,1
2023-04-16,Warhammer starter set,1
2023-04-17,Warhammer starter set,0
2023-04-18,Warhammer starter set,0
2023-04-19,Warhammer starter set,0
2023-04-20,Warhammer starter set,0
2023-04-21,Warhammer starter set,0
2023-04-22,Warhammer starter set,0
2023-04-23,Warhammer starter set,1
2023-04-24,Warhammer starter set,1
2023-04-25,Warhammer starter set,0
2023-04-26,Warhammer starter set,1
2023-04-27,Warhammer starter set,0
2023-04-28,Warhammer starter set,0
2023-04-29,Warhammer starter set,2
2023-04-30,Warhammer starter set,1
2023-05-01,Warhammer starter set,1
2023-05-02,Warhammer starter set,1
2023-05-03,Warhammer starter set,0
2023-05-04,Warhammer starter set,1
2023-05-05,Warhammer starter set,0
2023-05-06,Warhammer starter set,1
2023-05-07,Warhammer starter set,0
2023-05-08,Warhammer starter set,0
2023-05-09,Warhammer starter set,1
2023-05-10,Warhammer starter set,1
2023-05-11,Warhammer starter set,0
2023-05-12,Warhammer starter set,1
2023-05-13,Warhammer starter set,0
2023-05-14,Warhammer starter set,1
2023-05-15,Warhammer starter set,1
2023-05-16,Warhammer starter set,0
2023-05-17,Warhammer starter set,0
2023-05-18,Warhammer starter set,0
2023-05-19,Warhammer starter set,0
2023-05-20,Warhammer starter set,1
2023-05-21,Warhammer starter set,0
2023-05-22,Warhammer starter set,0
2023-05-23,Warhammer starter set,1
2023-05-24,Warhammer starter set,0
2023-05-25,Warhammer starter set,0
2023-05-26,Warhammer starter set,1
2023-05-27,Warhammer starter set,0
2023-05-28,Warhammer starter set,0
2023-05-29,Warhammer starter set,1
2023-05-30,Warhammer starter set,1
2023-05-31,Warhammer starter set,1
2023-06-01,Warhammer starter set,0
2023-06-02,Warhammer starter set,0
2023-06-03,Warhammer starter set,1
2023-06-04,Warhammer starter set,0
2023-06-05,Warhammer starter set,1
2023-06-06,Warhammer starter set,0
2023-06-07,Warhammer starter set,0
2023-06-08,Warhammer starter set,0
2023-06-09,Warhammer starter set,1
2023-06-10,Warhammer starter set,1
2023-06-11,Warhammer starter set,0
2023-06-12,Warhammer starter set,1
2023-06-13,Warhammer starter set,1
2023-06-14,Warhammer starter set,1
2023-06-15,Warhammer starter set,0
2023-06-16,Warhammer starter set,0
2023-06-17,Warhammer starter set,0
2023-06-18,Warhammer starter set,0
2023-06-19,Warhammer starter set,0
2023-06-20,Warhammer starter set,0
2023-06-21,Warhammer starter set,0
2023-06-22,Warhammer starter set,1
2023-06-23,Warhammer starter set,0
2023-06-24,Warhammer starter set,1
2023-06-25,Warhammer starter set,0
2023-06-26,Warhammer starter set,1
2023-06-27,Warhammer starter set,1
2023-06-28,Warhammer starter set,0
2023-06-29,Warhammer starter set,0
2023-06-30,Warhammer starter set,0
2023-07-01,Warhammer starter set,1
2023-07-02,Warhammer starter set,1
2023-07-03,Warhammer starter set,2
2023-07-04,Warhammer starter set,2
2023-07-05,Warhammer starter set,0
2023-07-06,Warhammer starter set,1
2023-07-07,Warhammer starter set,1
2023-07-08,Warhammer starter set,1
2023-07-09,Warhammer starter set,2
2023-07-10,Warhammer starter set,1
2023-07-11,Warhammer starter set,1
2023-07-12,Warhammer starter set,1
2023-07-13,Warhammer starter set,1
2023-07-14,Warhammer starter set,1
2023-07-15,Warhammer starter set,2
2023-07-16,Warhammer starter set,2
2023-07-17,Warhammer starter set,1
2023-07-18,Warhammer starter set,2
2023-07-19,Warhammer starter set,1
2023-07-20,Warhammer starter set,1
2023-07-21,Warhammer starter set,1
2023-07-22,Warhammer starter set,1
2023-07-23,Warhammer starter set,2
2023-07-24,Warhammer starter set,1
2023-07-25,Warhammer starter set,1
2023-07-26,Warhammer starter set,1
2023-07-27,Warhammer starter set,0
2023-07-28,Warhammer starter set,1
2023-07-29,Warhammer starter set,1
2023-07-30,Warhammer starter set,0
2023-07-31,Warhammer starter set,1
2023-08-01,Warhammer starter set,0
2023-08-02,Warhammer starter set,1
2023-08-03,Warhammer starter set,1
2023-08-04,Warhammer starter set,1
2023-08-05,Warhammer starter set,1
2023-08-06,Warhammer starter set,2
2023-08-07,Warhammer starter set,0
2023-08-08,Warhammer starter set,1
2023-08-09,Warhammer starter set,1
2023-08-10,Warhammer starter set,1
2023-08-11,Warhammer starter set,0
2023-08-12,Warhammer starter set,1
2023-08-13,Warhammer starter set,1
2023-08-14,Warhammer starter set,0
2023-08-15,Warhammer starter set,1
2023-08-16,Warhammer starter set,1
2023-08-17,Warhammer starter set,1
2023-08-18,Warhammer starter set,1
2023-08-19,Warhammer starter set,2
2023-08-20,Warhammer starter set,1
2023-08-21,Warhammer starter set,0
2023-08-22,Warhammer starter set,2
2023-08-23,Warhammer starter set,1
2023-08-24,Warhammer starter set,0
2023-08-25,Warhammer starter set,0
2023-08-26,Warhammer starter set,0
2023-08-27,Warhammer starter set,2
2023-08-28,Warhammer starter set,1
2023-08-29,Warhammer starter set,1
2023-08-30,Warhammer starter set,1
2023-08-31,Warhammer starter set,0
2023-09-01,Warhammer starter set,1
2023-09-02,Warhammer starter set,1
2023-09-03,Warhammer starter set,0
2023-09-04,Warhammer starter set,1
2023-09-05,Warhammer starter set,1
2023-09-06,Warhammer starter set,1
2023-09-07,Warhammer starter set,1
2023-09-08,Warhammer starter set,1
2023-09-09,Warhammer starter set,1
2023-09-10,Warhammer starter set,1
2023-09-11,Warhammer starter set,0
2023-09-12,Warhammer starter set,0
2023-09-13,Warhammer starter set,0
2023-09-14,Warhammer starter set,0
2023-09-15,Warhammer starter set,0
2023-09-16,Warhammer starter set,0
2023-09-17,Warhammer starter set,2
2023-09-18,Warhammer starter set,0
2023-09-19,Warhammer starter set,1
2023-09-20,Warhammer starter set,1
2023-09-21,Warhammer starter set,0
2023-09-22,Warhammer starter set,0
2023-09-23,Warhammer starter set,1
2023-09-24,Warhammer starter set,0
2023-09-25,Warhammer starter set,0
2023-09-26,Warhammer starter set,1
2023-09-27,Warhammer starter set,1
2023-09-28,Warhammer starter set,0
2023-09-29,Warhammer starter set,1
2023-09-30,Warhammer starter set,0
2023-10-01,Warhammer starter set,1
2023-10-02,Warhammer starter set,1
2023-10-03,Warhammer starter set,0
2023-10-04,Warhammer starter set,0
2023-10-05,Warhammer starter set,0
2023-10-06,Warhammer starter set,0
2023-10-07,Warhammer starter set,0
2023-10-08,Warhammer starter set,1
2023-10-09,Warhammer starter set,1
2023-10-10,Warhammer starter set,0
2023-10-11,Warhammer starter set,0
2023-10-12,Warhammer starter set,1
2023-10-13,Warhammer starter set,0
2023-10-14,Warhammer starter set,0
2023-10-15,Warhammer starter set,0
2023-10-16,Warhammer starter set,1
2023-10-17,Warhammer starter set,0
2023-10-18,Warhammer starter set,2
2023-10-19,Warhammer starter set,2
2023-10-20,Warhammer starter set,0
2023-10-21,Warhammer starter set,0
2023-10-22,Warhammer starter set,0
2023-10-23,Warhammer starter set,1
2023-10-24,Warhammer starter set,1
2023-10-25,Warhammer starter set,2
2023-10-26,Warhammer starter set,0
2023-10-27,Warhammer starter set,1
2023-10-28,Warhammer starter set,1
2023-10-29,Warhammer starter set,0
2023-10-30,Warhammer starter set,0
2023-10-31,Warhammer starter set,1
2023-11-01,Warhammer starter set,0
2023-11-02,Warhammer starter set,0
2023-11-03,Warhammer starter set,1
2023-11-04,Warhammer starter set,1
2023-11-05,Warhammer starter set,0
2023-11-06,Warhammer starter set,1
2023-11-07,Warhammer starter set,1
2023-11-08,Warhammer starter set,1
2023-11-09,Warhammer starter set,1
2023-11-10,Warhammer starter set,2
2023-11-11,Warhammer starter set,2
2023-11-12,Warhammer starter set,1
2023-11-13,Warhammer starter set,0
2023-11-14,Warhammer starter set,1
2023-11-15,Warhammer starter set,1
2023-11-16,Warhammer starter set,1
2023-11-17,Warhammer starter set,0
2023-11-18,Warhammer starter set,1
2023-11-19,Warhammer starter set,2
2023-11-20,Warhammer starter set,1
2023-11-21,Warhammer starter set,1
2023-11-22,Warhammer starter set,1
2023-11-23,Warhammer starter set,1
2023-11-24,Warhammer starter set,2
2023-11-25,Warhammer starter set,1
2023-11-26,Warhammer starter set,2
2023-11-27,Warhammer starter set,1
2023-11-28,Warhammer starter set,1
2023-11-29,Warhammer starter set,2
2023-11-30,Warhammer starter set,1
2023-12-01,Warhammer starter set,1
2023-12-02,Warhammer starter set,2
2023-12-03,Warhammer starter set,1
2023-12-04,Warhammer starter set,1
2023-12-05,Warhammer starter set,2
2023-12-06,Warhammer starter set,1
2023-12-07,Warhammer starter set,0
2023-12-08,Warhammer starter set,1
2023-12-09,Warhammer starter set,1
2023-12-10,Warhammer starter set,1
2023-12-11,Warhammer starter set,2
2023-12-12,Warhammer starter set,1
2023-12-13,Warhammer starter set,2
2023-12-14,Warhammer starter set,1
2023-12-15,Warhammer starter set,1
2023-12-16,Warhammer starter set,0
2023-12-17,Warhammer starter set,2
2023-12-18,Warhammer starter set,0
2023-12-19,Warhammer starter set,2
2023-12-20,Warhammer starter set,2
2023-12-21,Warhammer starter set,1
2023-12-22,Warhammer starter set,2
2023-12-23,Warhammer starter set,1
2023-12-24,Warhammer starter set,1
2023-12-25,Warhammer starter set,2
2023-12-26,Warhammer starter set,2
2023-12-27,Warhammer starter set,2
2023-12-28,Warhammer starter set,1
2023-12-29,Warhammer starter set,2
2023-12-30,Warhammer starter set,2
2023-12-31,Warhammer starter set,2
2024-01-01,Warhammer starter set,2
2024-01-02,Warhammer starter set,1
2024-01-03,Warhammer starter set,1
2024-01-04,Warhammer starter set,2
2024-01-05,Warhammer starter set,1
2024-01-06,Warhammer starter set,1
2024-01-07,Warhammer starter set,1
2024-01-08,Warhammer starter set,1
2024-01-09,Warhammer starter set,0
2024-01-10,Warhammer starter set,1
2024-01-11,Warhammer starter set,1
2024-01-12,Warhammer starter set,2
2024-01-13,Warhammer starter set,1
2024-01-14,Warhammer starter set,1
2024-01-15,Warhammer starter set,2
2024-01-16,Warhammer starter set,1
2024-01-17,Warhammer starter set,1
2024-01-18,Warhammer starter set,1
2024-01-19,Warhammer starter set,2
2024-01-20,Warhammer starter set,2
2024-01-21,Warhammer starter set,2
2024-01-22,Warhammer starter set,1
2024-01-23,Warhammer starter set,1
2024-01-24,Warhammer starter set,1
2024-01-25,Warhammer starter set,1
2024-01-26,Warhammer starter set,2
2024-01-27,Warhammer starter set,1
2024-01-28,Warhammer starter set,0
2024-01-29,Warhammer starter set,2
2024-01-30,Warhammer starter set,0
2024-01-31,Warhammer starter set,1
2024-02-01,Warhammer starter set,1
2024-02-02,Warhammer starter set,0
2024-02-03,Warhammer starter set,2
2024-02-04,Warhammer starter set,2
2024-02-05,Warhammer starter set,1
2024-02-06,Warhammer starter set,0
2024-02-07,Warhammer starter set,2
2024-02-08,Warhammer starter set,0
2024-02-09,Warhammer starter set,2
2024-02-10,Warhammer starter set,2
2024-02-11,Warhammer starter set,1
2024-02-12,Warhammer starter set,0
2024-02-13,Warhammer starter set,0
2024-02-14,Warhammer starter set,1
2024-02-15,Warhammer starter set,0
2024-02-16,Warhammer starter set,1
2024-02-17,Warhammer starter set,1
2024-02-18,Warhammer starter set,2
2024-02-19,Warhammer starter set,2
2024-02-20,Warhammer starter set,2
2024-02-21,Warhammer starter set,1
2024-02-22,Warhammer starter set,0
2024-02-23,Warhammer starter set,1
2024-02-24,Warhammer starter set,2
2024-02-25,Warhammer starter set,1
2024-02-26,Warhammer starter set,0
2024-02-27,Warhammer starter set,0
2024-02-28,Warhammer starter set,0
2024-02-29,Warhammer starter set,1
2024-03-01,Warhammer starter set,1
2024-03-02,Warhammer starter set,2
2024-03-03,Warhammer starter set,1
2024-03-04,Warhammer starter set,1
2024-03-05,Warhammer starter set,1
2024-03-06,Warhammer starter set,0
2024-03-07,Warhammer starter set,0
2024-03-08,Warhammer starter set,1
2024-03-09,Warhammer starter set,2
2024-03-10,Warhammer starter set,1
2024-03-11,Warhammer starter set,1
2024-03-12,Warhammer starter set,1
2024-03-13,Warhammer starter set,1
2024-03-14,Warhammer starter set,2
2024-03-15,Warhammer starter set,0
2024-03-16,Warhammer starter set,2
2024-03-17,Warhammer starter set,2
2024-03-18,Warhammer starter set,0
2024-03-19,Warhammer starter set,0
2024-03-20,Warhammer starter set,1
2024-03-21,Warhammer starter set,1
2024-03-22,Warhammer starter set,1
2024-03-23,Warhammer starter set,0
2024-03-24,Warhammer starter set,1
2024-03-25,Warhammer starter set,0
2024-03-26,Warhammer starter set,2
2024-03-27,Warhammer starter set,1
2024-03-28,Warhammer starter set,0
2024-03-29,Warhammer starter set,1
2024-03-30,Warhammer starter set,0
2024-03-31,Warhammer starter set,2
2024-04-01,Warhammer starter set,0
2024-04-02,Warhammer starter set,1
2024-04-03,Warhammer starter set,1
2024-04-04,Warhammer starter set,2
2024-04-05,Warhammer starter set,0
2024-04-06,Warhammer starter set,0
2024-04-07,Warhammer starter set,0
2024-04-08,Warhammer starter set,1
2024-04-09,Warhammer starter set,1
2024-04-10,Warhammer starter set,1
2024-04-11,Warhammer starter set,1
2024-04-12,Warhammer starter set,0
2024-04-13,Warhammer starter set,2
2024-04-14,Warhammer starter set,1
2024-04-15,Warhammer starter set,2
2024-04-16,Warhammer starter set,1
2024-04-17,Warhammer starter set,0
2024-04-18,Warhammer starter set,0
2024-04-19,Warhammer starter set,0
2024-04-20,Warhammer starter set,0
2024-04-21,Warhammer starter set,0
2024-04-22,Warhammer starter set,1
2024-04-23,Warhammer starter set,1
2024-04-24,Warhammer starter set,0
2024-04-25,Warhammer starter set,0
2024-04-26,Warhammer starter set,1
2024-04-27,Warhammer starter set,0
2024-04-28,Warhammer starter set,2
2024-04-29,Warhammer starter set,1
2024-04-30,Warhammer starter set,1
2024-05-01,Warhammer starter set,0
2024-05-02,Warhammer starter set,0
2024-05-03,Warhammer starter set,0
2024-05-04,Warhammer starter set,1
2024-05-05,Warhammer starter set,2
2024-05-06,Warhammer starter set,0
2024-05-07,Warhammer starter set,0
2024-05-08,Warhammer starter set,0
2024-05-09,Warhammer starter set,0
2024-05-10,Warhammer starter set,0
2024-05-11,Warhammer starter set,1
2024-05-12,Warhammer starter set,1
2024-05-13,Warhammer starter set,1
2024-05-14,Warhammer starter set,1
2024-05-15,Warhammer starter set,0
2024-05-16,Warhammer starter set,1
2024-05-17,Warhammer starter set,0
2024-05-18,Warhammer starter set,0
2024-05-19,Warhammer starter set,1
2024-05-20,Warhammer starter set,0
2024-05-21,Warhammer starter set,0
2024-05-22,Warhammer starter set,0
2024-05-23,Warhammer starter set,0
2024-05-24,Warhammer starter set,1
2024-05-25,Warhammer starter set,0
2024-05-26,Warhammer starter set,1
2024-05-27,Warhammer starter set,0
2024-05-28,Warhammer starter set,0
2024-05-29,Warhammer starter set,1
2024-05-30,Warhammer starter set,0
2024-05-31,Warhammer starter set,1
2024-06-01,Warhammer starter set,1
2024-06-02,Warhammer starter set,0
2024-06-03,Warhammer starter set,0
2024-06-04,Warhammer starter set,1
2024-06-05,Warhammer starter set,0
2024-06-06,Warhammer starter set,1
2024-06-07,Warhammer starter set,0
2024-06-08,Warhammer starter set,0
2024-06-09,Warhammer starter set,1
2024-06-10,Warhammer starter set,2
2024-06-11,Warhammer starter set,0
2024-06-12,Warhammer starter set,1
2024-06-13,Warhammer starter set,2
2024-06-14,Warhammer starter set,0
2024-06-15,Warhammer starter set,0
2024-06-16,Warhammer starter set,0
2024-06-17,Warhammer starter set,0
2024-06-18,Warhammer starter set,0
2024-06-19,Warhammer starter set,2
2024-06-20,Warhammer starter set,1
2024-06-21,Warhammer starter set,1
2024-06-22,Warhammer starter set,0
2024-06-23,Warhammer starter set,1
2024-06-24,Warhammer starter set,0
2024-06-25,Warhammer starter set,1
2024-06-26,Warhammer starter set,1
2024-06-27,Warhammer starter set,0
2024-06-28,Warhammer starter set,0
2024-06-29,Warhammer starter set,1
2024-06-30,Warhammer starter set,1
2024-07-01,Warhammer starter set,0
2024-07-02,Warhammer starter set,0
2024-07-03,Warhammer starter set,1
2024-07-04,Warhammer starter set,1
2024-07-05,Warhammer starter set,2
2024-07-06,Warhammer starter set,0
2024-07-07,Warhammer starter set,0
2024-07-08,Warhammer starter set,2
2024-07-09,Warhammer starter set,1
2024-07-10,Warhammer starter set,1
2024-07-11,Warhammer starter set,1
2024-07-12,Warhammer starter set,0
2024-07-13,Warhammer starter set,0
2024-07-14,Warhammer starter set,0
2024-07-15,Warhammer starter set,0
2024-07-16,Warhammer starter set,1
2024-07-17,Warhammer starter set,1
2024-07-18,Warhammer starter set,1
2024-07-19,Warhammer starter set,1
2024-07-20,Warhammer starter set,1
2024-07-21,Warhammer starter set,2
2024-07-22,Warhammer starter set,0
2024-07-23,Warhammer starter set,1
2024-07-24,Warhammer starter set,0
2024-07-25,Warhammer starter set,0
2024-07-26,Warhammer starter set,1
2024-07-27,Warhammer starter set,0
2024-07-28,Warhammer starter set,1
2024-07-29,Warhammer starter set,1
2024-07-30,Warhammer starter set,0
2024-07-31,Warhammer starter set,0
2024-08-01,Warhammer starter set,0
2024-08-02,Warhammer starter set,0
2024-08-03,Warhammer starter set,1
2024-08-04,Warhammer starter set,1
2024-08-05,Warhammer starter set,1
2024-08-06,Warhammer starter set,0
2024-08-07,Warhammer starter set,0
2024-08-08,Warhammer starter set,0
2024-08-09,Warhammer starter set,0
2024-08-10,Warhammer starter set,1
2024-08-11,Warhammer starter set,1
2024-08-12,Warhammer starter set,0
2024-08-13,Warhammer starter set,0
2024-08-14,Warhammer starter set,0
2024-08-15,Warhammer starter set,0
2024-08-16,Warhammer starter set,0
2024-08-17,Warhammer starter set,0
2024-08-18,Warhammer starter set,0
2024-08-19,Warhammer starter set,1
2024-08-20,Warhammer starter set,0
2024-08-21,Warhammer starter set,0
2024-08-22,Warhammer starter set,0
2024-08-23,Warhammer starter set,0
2024-08-24,Warhammer starter set,0
2024-08-25,Warhammer starter set,0
2024-08-26,Warhammer starter set,0
2024-08-27,Warhammer starter set,0
2024-08-28,Warhammer starter set,0
2024-08-29,Warhammer starter set,0
2024-08-30,Warhammer starter set,0
2024-08-31,Warhammer starter set,0
2024-09-01,Warhammer starter set,0
2024-09-02,Warhammer starter set,0
2024-09-03,Warhammer starter set,0
2024-09-04,Warhammer starter set,0
2024-09-05,Warhammer starter set,0
2024-09-06,Warhammer starter set,0
2024-09-07,Warhammer starter set,0
2024-09-08,Warhammer starter set,0
2024-09-09,Warhammer starter set,1
2024-09-10,Warhammer starter set,1
2024-09-11,Warhammer starter set,1
2024-09-12,Warhammer starter set,1
2024-09-13,Warhammer starter set,1
2024-09-14,Warhammer starter set,1
2024-09-15,Warhammer starter set,1
2024-09-16,Warhammer starter set,1
2024-09-17,Warhammer starter set,1
2024-09-18,Warhammer starter set,1
2024-09-19,Warhammer starter set,1
2024-09-20,Warhammer starter set,1
2024-09-21,Warhammer starter set,1
2024-09-22,Warhammer starter set,1
2024-09-23,Warhammer starter set,1
2024-09-24,Warhammer starter set,1
2024-09-25,Warhammer starter set,1
2024-09-26,Warhammer starter set,1
2024-09-27,Warhammer starter set,1
2024-09-28,Warhammer starter set,1
2024-09-29,Warhammer starter set,1
2024-09-30,Warhammer starter set,1
2024-10-01,Warhammer starter set,1
2024-10-02,Warhammer starter set,1
2024-10-03,Warhammer starter set,1
2024-10-04,Warhammer starter set,1
2024-10-05,Warhammer starter set,1
2024-10-06,Warhammer starter set,1
2024-10-07,Warhammer starter set,1
2024-10-08,Warhammer starter set,1
2024-10-09,Warhammer starter set,1
2024-10-10,Warhammer starter set,1
2024-10-11,Warhammer starter set,1
2024-10-12,Warhammer starter set,1
2024-10-13,Warhammer starter set,1
2024-10-14,Warhammer starter set,1
2024-10-15,Warhammer starter set,1
2024-10-16,Warhammer starter set,1
2024-10-17,Warhammer starter set,1
2024-10-18,Warhammer starter set,1
2024-10-19,Warhammer starter set,1
2024-10-20,Warhammer starter set,1
2024-10-21,Warhammer starter set,1
2024-10-22,Warhammer starter set,1
2024-10-23,Warhammer starter set,1
2024-10-24,Warhammer starter set,1
2024-10-25,Warhammer starter set,0
2024-10-26,Warhammer starter set,1
2024-10-27,Warhammer starter set,1
2024-10-28,Warhammer starter set,1
2024-10-29,Warhammer starter set,1
2024-10-30,Warhammer starter set,1
2024-10-31,Warhammer starter set,1
2024-11-01,Warhammer starter set,1
2024-11-02,Warhammer starter set,1
2024-11-03,Warhammer starter set,1
2024-11-04,Warhammer starter set,1
2024-11-05,Warhammer starter set,0
2024-11-06,Warhammer starter set,0
2024-11-07,Warhammer starter set,0
2024-11-08,Warhammer starter set,1
2024-11-09,Warhammer starter set,1
2024-11-10,Warhammer starter set,1
2024-11-11,Warhammer starter set,1
2024-11-12,Warhammer starter set,0
2024-11-13,Warhammer starter set,0
2024-11-14,Warhammer starter set,0
2024-11-15,Warhammer starter set,0
2024-11-16,Warhammer starter set,1
2024-11-17,Warhammer starter set,1
2024-11-18,Warhammer starter set,1
2024-11-19,Warhammer starter set,1
2024-11-20,Warhammer starter set,0
2024-11-21,Warhammer starter set,0
2024-11-22,Warhammer starter set,0
2024-11-23,Warhammer starter set,1
2024-11-24,Warhammer starter set,1
2024-11-25,Warhammer starter set,0
2024-11-26,Warhammer starter set,0
2024-11-27,Warhammer starter set,1
2024-11-28,Warhammer starter set,1
2024-11-29,Warhammer starter set,1
2024-11-30,Warhammer starter set,1
2024-12-01,Warhammer starter set,1
2024-12-02,Warhammer starter set,0
2024-12-03,Warhammer starter set,0
2024-12-04,Warhammer starter set,0
2024-12-05,Warhammer starter set,1
2024-12-06,Warhammer starter set,0
2024-12-07,Warhammer starter set,0
2024-12-08,Warhammer starter set,1
2024-12-09,Warhammer starter set,1
2024-12-10,Warhammer starter set,0
2024-12-11,Warhammer starter set,0
2024-12-12,Warhammer starter set,1
2024-12-13,Warhammer starter set,0
2024-12-14,Warhammer starter set,1
2024-12-15,Warhammer starter set,1
2024-12-16,Warhammer starter set,0
2024-12-17,Warhammer starter set,1
2024-12-18,Warhammer starter set,0
2024-12-19,Warhammer starter set,1
2024-12-20,Warhammer starter set,0
2024-12-21,Warhammer starter set,1
2024-12-22,Warhammer starter set,1
2024-12-23,Warhammer starter set,0
2024-12-24,Warhammer starter set,1
2024-12-25,Warhammer starter set,1
2024-12-26,Warhammer starter set,1
2024-12-27,Warhammer starter set,1
2024-12-28,Warhammer starter set,1
2024-12-29,Warhammer starter set,1
2024-12-30,Warhammer starter set,1
2024-12-31,Warhammer starter set,0
2025-01-01,Warhammer starter set,1
2025-01-02,Warhammer starter set,0
2025-01-03,Warhammer starter set,1
2025-01-04,Warhammer starter set,1
2025-01-05,Warhammer starter set,1
2025-01-06,Warhammer starter set,1
2025-01-07,Warhammer starter set,0
2025-01-08,Warhammer starter set,1
2025-01-09,Warhammer starter set,1
2025-01-10,Warhammer starter set,0
2025-01-11,Warhammer starter set,0
2025-01-12,Warhammer starter set,1
2025-01-13,Warhammer starter set,1
2025-01-14,Warhammer starter set,0
2025-01-15,Warhammer starter set,1
2025-01-16,Warhammer starter set,0
2025-01-17,Warhammer starter set,1
2025-01-18,Warhammer starter set,1
2025-01-19,Warhammer starter set,0
2025-01-20,Warhammer starter set,0
2025-01-21,Warhammer starter set,0
2025-01-22,Warhammer starter set,0
2025-01-23,Warhammer starter set,0
2025-01-24,Warhammer starter set,0
2025-01-25,Warhammer starter set,1
2025-01-26,Warhammer starter set,0
2025-01-27,Warhammer starter set,1
2025-01-28,Warhammer starter set,0
2025-01-29,Warhammer starter set,1
2025-01-30,Warhammer starter set,0
2025-01-31,Warhammer starter set,0
2025-02-01,Warhammer starter set,1
2025-02-02,Warhammer starter set,2
2025-02-03,Warhammer starter set,2
2025-02-04,Warhammer starter set,1
2025-02-05,Warhammer starter set,0
2025-02-06,Warhammer starter set,1
2025-02-07,Warhammer starter set,0
2025-02-08,Warhammer starter set,2
2025-02-09,Warhammer starter set,2
2025-02-10,Warhammer starter set,1
2025-02-11,Warhammer starter set,1
2025-02-12,Warhammer starter set,1
2025-02-13,Warhammer starter set,1
2025-02-14,Warhammer starter set,1
2025-02-15,Warhammer starter set,0
2025-02-16,Warhammer starter set,1
2025-02-17,Warhammer starter set,1
2025-02-18,Warhammer starter set,2
2025-02-19,Warhammer starter set,0
2025-02-20,Warhammer starter set,1
2025-02-21,Warhammer starter set,0
2025-02-22,Warhammer starter set,0
2025-02-23,Warhammer starter set,2
2025-02-24,Warhammer starter set,1
2025-02-25,Warhammer starter set,1
2025-02-26,Warhammer starter set,1
2025-02-27,Warhammer starter set,1
2025-02-28,Warhammer starter set,1
2025-03-01,Warhammer starter set,1
2025-03-02,Warhammer starter set,2
2025-03-03,Warhammer starter set,1
2025-03-04,Warhammer starter set,1
2025-03-05,Warhammer starter set,0
2025-03-06,Warhammer starter set,0
2025-03-07,Warhammer starter set,0
2025-03-08,Warhammer starter set,1
2025-03-09,Warhammer starter set,0
2025-03-10,Warhammer starter set,1
2025-03-11,Warhammer starter set,0
2025-03-12,Warhammer starter set,1
2025-03-13,Warhammer starter set,1
2025-03-14,Warhammer starter set,0
2025-03-15,Warhammer starter set,1
2025-03-16,Warhammer starter set,1
2025-03-17,Warhammer starter set,2
2025-03-18,Warhammer starter set,0
2025-03-19,Warhammer starter set,0
2025-03-20,Warhammer starter set,0
2025-03-21,Warhammer starter set,0
2025-03-22,Warhammer starter set,1
2025-03-23,Warhammer starter set,0
2025-03-24,Warhammer starter set,0
2025-03-25,Warhammer starter set,0
2025-03-26,Warhammer starter set,0
2025-03-27,Warhammer starter set,0
2025-03-28,Warhammer starter set,2
2025-03-29,Warhammer starter set,1
2025-03-30,Warhammer starter set,2
2025-03-31,Warhammer starter set,1
2025-04-01,Warhammer starter set,1
2025-04-02,Warhammer starter set,1
2025-04-03,Warhammer starter set,2
2025-04-04,Warhammer starter set,0
2025-04-05,Warhammer starter set,0
2025-04-06,Warhammer starter set,0
2025-04-07,Warhammer starter set,0
2025-04-08,Warhammer starter set,1
2025-04-09,Warhammer starter set,0
2025-04-10,Warhammer starter set,1
2025-04-11,Warhammer starter set,0
2025-04-12,Warhammer starter set,0
2025-04-13,Warhammer starter set,0
2025-04-14,Warhammer starter set,1
2025-04-15,Warhammer starter set,0
2025-04-16,Warhammer starter set,1
2025-04-17,Warhammer starter set,2
2025-04-18,Warhammer starter set,0
2025-04-19,Warhammer starter set,1
2025-04-20,Warhammer starter set,1
2025-04-21,Warhammer starter set,0
2025-04-22,Warhammer starter set,1
2025-04-23,Warhammer starter set,0
2025-04-24,Warhammer starter set,1
2025-04-25,Warhammer starter set,0
2025-04-26,Warhammer starter set,2
2025-04-27,Warhammer starter set,2
2025-04-28,Warhammer starter set,2
2025-04-29,Warhammer starter set,1
2025-04-30,Warhammer starter set,0
2025-05-01,Warhammer starter set,1
2025-05-02,Warhammer starter set,0
2025-05-03,Warhammer starter set,1
2025-05-04,Warhammer starter set,1
2025-05-05,Warhammer starter set,1
2025-05-06,Warhammer starter set,0
2025-05-07,Warhammer starter set,0
2025-05-08,Warhammer starter set,0
2025-05-09,Warhammer starter set,1
2025-05-10,Warhammer starter set,2
2025-05-11,Warhammer starter set,0
2025-05-12,Warhammer starter set,0
2025-05-13,Warhammer starter set,1
2025-05-14,Warhammer starter set,1
2025-05-15,Warhammer starter set,0
2025-05-16,Warhammer starter set,0
2025-05-17,Warhammer starter set,2
2025-05-18,Warhammer starter set,0
2025-05-19,Warhammer starter set,1
2025-05-20,Warhammer starter set,1
2025-05-21,Warhammer starter set,1
2025-05-22,Warhammer starter set,0
2025-05-23,Warhammer starter set,0
2025-05-24,Warhammer starter set,1
2025-05-25,Warhammer starter set,1
2025-05-26,Warhammer starter set,0
2025-05-27,Warhammer starter set,1
2025-05-28,Warhammer starter set,1
2025-05-29,Warhammer starter set,0
2025-05-30,Warhammer starter set,0
2025-05-31,Warhammer starter set,2
2025-06-01,Warhammer starter set,0
2025-06-02,Warhammer starter set,1
2025-06-03,Warhammer starter set,0
2025-06-04,Warhammer starter set,0
2025-06-05,Warhammer starter set,1
2025-06-06,Warhammer starter set,0
2025-06-07,Warhammer starter set,1
2025-06-08,Warhammer starter set,1
2025-06-09,Warhammer starter set,0
2025-06-10,Warhammer starter set,1
2025-06-11,Warhammer starter set,1
2025-06-12,Warhammer starter set,0
2025-06-13,Warhammer starter set,0
2025-06-14,Warhammer starter set,1
2025-06-15,Warhammer starter set,2
2025-06-16,Warhammer starter set,1
2025-06-17,Warhammer starter set,1
2025-06-18,Warhammer starter set,0
2025-06-19,Warhammer starter set,1
2025-06-20,Warhammer starter set,0
2025-06-21,Warhammer starter set,1
2025-06-22,Warhammer starter set,0
2025-06-23,Warhammer starter set,0
2025-06-24,Warhammer starter set,0
2025-06-25,Warhammer starter set,1
2025-06-26,Warhammer starter set,1
2025-06-27,Warhammer starter set,0
2025-06-28,Warhammer starter set,1
2025-06-29,Warhammer starter set,1
2025-06-30,Warhammer starter set,0
2025-07-01,Warhammer starter set,0
2025-07-02,Warhammer starter set,0
2025-07-03,Warhammer starter set,0
2025-07-04,Warhammer starter set,2
2025-07-05,Warhammer starter set,0
2025-07-06,Warhammer starter set,0
2025-07-07,Warhammer starter set,0
2025-07-08,Warhammer starter set,1
2025-07-09,Warhammer starter set,1
2025-07-10,Warhammer starter set,1
2025-07-11,Warhammer starter set,1
2025-07-12,Warhammer starter set,2
2025-07-13,Warhammer starter set,1
2025-07-14,Warhammer starter set,1
2025-07-15,Warhammer starter set,0
2025-07-16,Warhammer starter set,1
2025-07-17,Warhammer starter set,0
2025-07-18,Warhammer starter set,1
2025-07-19,Warhammer starter set,1
2025-07-20,Warhammer starter set,1
2025-07-21,Warhammer starter set,1
2025-07-22,Warhammer starter set,1
2025-07-23,Warhammer starter set,0
2025-07-24,Warhammer starter set,0
2025-07-25,Warhammer starter set,1
2025-07-26,Warhammer starter set,1
2025-07-27,Warhammer starter set,1
2025-07-28,Warhammer starter set,1
2025-07-29,Warhammer starter set,2
2025-07-30,Warhammer starter set,1
2025-07-31,Warhammer starter set,1
2025-08-01,Warhammer starter set,0
2025-08-02,Warhammer starter set,1
2025-08-03,Warhammer starter set,1
2025-08-04,Warhammer starter set,1
2025-08-05,Warhammer starter set,1
2025-08-06,Warhammer starter set,0
2025-08-07,Warhammer starter set,1
2025-08-08,Warhammer starter set,0
2025-08-09,Warhammer starter set,1
2025-08-10,Warhammer starter set,1
2025-08-11,Warhammer starter set,1
2025-08-12,Warhammer starter set,1
2025-08-13,Warhammer starter set,1
2025-08-14,Warhammer starter set,1
2025-08-15,Warhammer starter set,0
2025-08-16,Warhammer starter set,1
2025-08-17,Warhammer starter set,1
2025-08-18,Warhammer starter set,1
2025-08-19,Warhammer starter set,1
2025-08-20,Warhammer starter set,1
2025-08-21,Warhammer starter set,0
2025-08-22,Warhammer starter set,0
2025-08-23,Warhammer starter set,0
2025-08-24,Warhammer starter set,0
2025-08-25,Warhammer starter set,1
2025-08-26,Warhammer starter set,0
2025-08-27,Warhammer starter set,1
2025-08-28,Warhammer starter set,1
2025-08-29,Warhammer starter set,1
2025-08-30,Warhammer starter set,0
2025-08-31,Warhammer starter set,1
2025-09-01,Warhammer starter set,1
2025-09-02,Warhammer starter set,0
2025-09-03,Warhammer starter set,0
2025-09-04,Warhammer starter set,0
2025-09-05,Warhammer starter set,1
2025-09-06,Warhammer starter set,0
2025-09-07,Warhammer starter set,1
2025-09-08,Warhammer starter set,0
2025-09-09,Warhammer starter set,1
2025-09-10,Warhammer starter set,0
2025-09-11,Warhammer starter set,0
2025-09-12,Warhammer starter set,1
2025-09-13,Warhammer starter set,1
2025-09-14,Warhammer starter set,1
2025-09-15,Warhammer starter set,1
2025-09-16,Warhammer starter set,0
2025-09-17,Warhammer starter set,0
2025-09-18,Warhammer starter set,0
2025-09-19,Warhammer starter set,1
2025-09-20,Warhammer starter set,1
2025-09-21,Warhammer starter set,1
2025-09-22,Warhammer starter set,1
2025-09-23,Warhammer starter set,0
2025-09-24,Warhammer starter set,0
2025-09-25,Warhammer starter set,0
2025-09-26,Warhammer starter set,0
2025-09-27,Warhammer starter set,1
2025-09-28,Warhammer starter set,0
2025-09-29,Warhammer starter set,0
2025-09-30,Warhammer starter set,1
2025-10-01,Warhammer starter set,0
2025-10-02,Warhammer starter set,1
2025-10-03,Warhammer starter set,0
2025-10-04,Warhammer starter set,1
2025-10-05,Warhammer starter set,0
2025-10-06,Warhammer starter set,0
2025-10-07,Warhammer starter set,0
2025-10-08,Warhammer starter set,0
2025-10-09,Warhammer starter set,0
2025-10-10,Warhammer starter set,1
2025-10-11,Warhammer starter set,1
2025-10-12,Warhammer starter set,1
2025-10-13,Warhammer starter set,0
2025-10-14,Warhammer starter set,1
2025-10-15,Warhammer starter set,1
2025-10-16,Warhammer starter set,0
2025-10-17,Warhammer starter set,0
2025-10-18,Warhammer starter set,0
2025-10-19,Warhammer starter set,1
2025-10-20,Warhammer starter set,0
2025-10-21,Warhammer starter set,1
2025-10-22,Warhammer starter set,0
2025-10-23,Warhammer starter set,1
2025-10-24,Warhammer starter set,1
2025-10-25,Warhammer starter set,1
2025-10-26,Warhammer starter set,0
2025-10-27,Warhammer starter set,0
2025-10-28,Warhammer starter set,0
2025-10-29,Warhammer starter set,0
2025-10-30,Warhammer starter set,0
2025-10-31,Warhammer starter set,0
2025-11-01,Warhammer starter set,0
2025-11-02,Warhammer starter set,1
2025-11-03,Warhammer starter set,1
2025-11-04,Warhammer starter set,0
2025-11-05,Warhammer starter set,0
2025-11-06,Warhammer starter set,0
2025-11-07,Warhammer starter set,0
2025-11-08,Warhammer starter set,1
2025-11-09,Warhammer starter set,0
2025-11-10,Warhammer starter set,1
2025-11-11,Warhammer starter set,1
2025-11-12,Warhammer starter set,1
2025-11-13,Warhammer starter set,0
2025-11-14,Warhammer starter set,1
2025-11-15,Warhammer starter set,1
2025-11-16,Warhammer starter set,1
2025-11-17,Warhammer starter set,0
2025-11-18,Warhammer starter set,1
2025-11-19,Warhammer starter set,1
2025-11-20,Warhammer starter set,0
2025-11-21,Warhammer starter set,1
2025-11-22,Warhammer starter set,1
2025-11-23,Warhammer starter set,1
2025-11-24,Warhammer starter set,1
2025-11-25,Warhammer starter set,0
2025-11-26,Warhammer starter set,1
2025-11-27,Warhammer starter set,0
2025-11-28,Warhammer starter set,1
2025-11-29,Warhammer starter set,1
2025-11-30,Warhammer starter set,1
2025-12-01,Warhammer starter set,1
2025-12-02,Warhammer starter set,1
2025-12-03,Warhammer starter set,1
2025-12-04,Warhammer starter set,1
2025-12-05,Warhammer starter set,0
2025-12-06,Warhammer starter set,1
2025-12-07,Warhammer starter set,1
2025-12-08,Warhammer starter set,1
2025-12-09,Warhammer starter set,1
2025-12-10,Warhammer starter set,1
2025-12-11,Warhammer starter set,0
2025-12-12,Warhammer starter set,1
2025-12-13,Warhammer starter set,1
2025-12-14,Warhammer starter set,1
2025-12-15,Warhammer starter set,1
2025-12-16,Warhammer starter set,1
2025-12-17,Warhammer starter set,1
2025-12-18,Warhammer starter set,0
2025-12-19,Warhammer starter set,1
2025-12-20,Warhammer starter set,1
2025-12-21,Warhammer starter set,1
2025-12-22,Warhammer starter set,1
2025-12-23,Warhammer starter set,0
2025-12-24,Warhammer starter set,0
2025-12-25,Warhammer starter set,1
2025-12-26,Warhammer starter set,1
2025-12-27,Warhammer starter set,1
2025-12-28,Warhammer starter set,1
2025-12-29,Warhammer starter set,1
2025-12-30,Warhammer starter set,0
2025-12-31,Warhammer starter set,1
2026-01-01,Warhammer starter set,1
2026-01-02,Warhammer starter set,1
2026-01-03,Warhammer starter set,1
2026-01-04,Warhammer starter set,1
2026-01-05,Warhammer starter set,0
2026-01-06,Warhammer starter set,0
2026-01-07,Warhammer starter set,1
2026-01-08,Warhammer starter set,1
2026-01-09,Warhammer starter set,1
2026-01-10,Warhammer starter set,1
2026-01-11,Warhammer starter set,1
2026-01-12,Warhammer starter set,1
2026-01-13,Warhammer starter set,0
2026-01-14,Warhammer starter set,0
2026-01-15,Warhammer starter set,1
2026-01-16,Warhammer starter set,0
2026-01-17,Warhammer starter set,1
2026-01-18,Warhammer starter set,1
2026-01-19,Warhammer starter set,1
2026-01-20,Warhammer starter set,0
2026-01-21,Warhammer starter set,0
2026-01-22,Warhammer starter set,1
2026-01-23,Warhammer starter set,1
2026-01-24,Warhammer starter set,0
2026-01-25,Warhammer starter set,1
2026-01-26,Warhammer starter set,1
2026-01-27,Warhammer starter set,1
2026-01-28,Warhammer starter set,1
2026-02-22,Warhammer starter set,0
2021-02-23,buy Warhammer,0
2021-02-24,buy Warhammer,2
2021-02-25,buy Warhammer,0
2021-02-26,buy Warhammer,0
2021-02-27,buy Warhammer,0
2021-02-28,buy Warhammer,0
2021-03-01,buy Warhammer,0
2021-03-02,buy Warhammer,0
2021-03-03,buy Warhammer,3
2021-03-04,buy Warhammer,3
2021-03-05,buy Warhammer,0
2021-03-06,buy Warhammer,0
2021-03-07,buy Warhammer,0
2021-03-08,buy Warhammer,0
2021-03-09,buy Warhammer,0
2021-03-10,buy Warhammer,0
2021-03-11,buy Warhammer,0
2021-03-12,buy Warhammer,0
2021-03-13,buy Warhammer,0
2021-03-14,buy Warhammer,0
2021-03-15,buy Warhammer,0
2021-03-16,buy Warhammer,0
2021-03-17,buy Warhammer,0
2021-03-18,buy Warhammer,0
2021-03-19,buy Warhammer,0
2021-03-20,buy Warhammer,0
2021-03-21,buy Warhammer,3
2021-03-22,buy Warhammer,0
2021-03-23,buy Warhammer,0
2021-03-24,buy Warhammer,0
2021-03-25,buy Warhammer,2
2021-03-26,buy Warhammer,0
2021-03-27,buy Warhammer,0
2021-03-28,buy Warhammer,0
2021-03-29,buy Warhammer,0
2021-03-30,buy Warhammer,0
2021-03-31,buy Warhammer,0
2021-04-01,buy Warhammer,0
2021-04-02,buy Warhammer,0
2021-04-03,buy Warhammer,2
2021-04-04,buy Warhammer,0
2021-04-05,buy Warhammer,0
2021-04-06,buy Warhammer,0
2021-04-07,buy Warhammer,0
2021-04-08,buy Warhammer,0
2021-04-09,buy Warhammer,2
2021-04-10,buy Warhammer,0
2021-04-11,buy Warhammer,0
2021-04-12,buy Warhammer,0
2021-04-13,buy Warhammer,0
2021-04-14,buy Warhammer,0
2021-04-15,buy Warhammer,0
2021-04-16,buy Warhammer,2
2021-04-17,buy Warhammer,0
2021-04-18,buy Warhammer,0
2021-04-19,buy Warhammer,0
2021-04-20,buy Warhammer,0
2021-04-21,buy Warhammer,0
2021-04-22,buy Warhammer,0
2021-04-23,buy Warhammer,0
2021-04-24,buy Warhammer,0
2021-04-25,buy Warhammer,0
2021-04-26,buy Warhammer,0
2021-04-27,buy Warhammer,0
2021-04-28,buy Warhammer,0
2021-04-29,buy Warhammer,0
2021-04-30,buy Warhammer,2
2021-05-01,buy Warhammer,3
2021-05-02,buy Warhammer,0
2021-05-03,buy Warhammer,2
2021-05-04,buy Warhammer,0
2021-05-05,buy Warhammer,0
2021-05-06,buy Warhammer,0
2021-05-07,buy Warhammer,0
2021-05-08,buy Warhammer,0
2021-05-09,buy Warhammer,0
2021-05-10,buy Warhammer,2
2021-05-11,buy Warhammer,0
2021-05-12,buy Warhammer,0
2021-05-13,buy Warhammer,2
2021-05-14,buy Warhammer,0
2021-05-15,buy Warhammer,0
2021-05-16,buy Warhammer,0
2021-05-17,buy Warhammer,0
2021-05-18,buy Warhammer,0
2021-05-19,buy Warhammer,0
2021-05-20,buy Warhammer,0
2021-05-21,buy Warhammer,0
2021-05-22,buy Warhammer,0
2021-05-23,buy Warhammer,0
2021-05-24,buy Warhammer,0
2021-05-25,buy Warhammer,0
2021-05-26,buy Warhammer,0
2021-05-27,buy Warhammer,0
2021-05-28,buy Warhammer,0
2021-05-29,buy Warhammer,0
2021-05-30,buy Warhammer,0
2021-05-31,buy Warhammer,0
2021-06-01,buy Warhammer,0
2021-06-02,buy Warhammer,0
2021-06-03,buy Warhammer,2
2021-06-04,buy Warhammer,0
2021-06-05,buy Warhammer,0
2021-06-06,buy Warhammer,0
2021-06-07,buy Warhammer,2
2021-06-08,buy Warhammer,0
2021-06-09,buy Warhammer,3
2021-06-10,buy Warhammer,0
2021-06-11,buy Warhammer,0
2021-06-12,buy Warhammer,0
2021-06-13,buy Warhammer,0
2021-06-14,buy Warhammer,0
2021-06-15,buy Warhammer,3
2021-06-16,buy Warhammer,0
2021-06-17,buy Warhammer,0
2021-06-18,buy Warhammer,0
2021-06-19,buy Warhammer,0
2021-06-20,buy Warhammer,3
2021-06-21,buy Warhammer,0
2021-06-22,buy Warhammer,2
2021-06-23,buy Warhammer,0
2021-06-24,buy Warhammer,2
2021-06-25,buy Warhammer,0
2021-06-26,buy Warhammer,3
2021-06-27,buy Warhammer,0
2021-06-28,buy Warhammer,0
2021-06-29,buy Warhammer,2
2021-06-30,buy Warhammer,0
2021-07-01,buy Warhammer,0
2021-07-02,buy Warhammer,0
2021-07-03,buy Warhammer,0
2021-07-04,buy Warhammer,0
2021-07-05,buy Warhammer,0
2021-07-06,buy Warhammer,0
2021-07-07,buy Warhammer,3
2021-07-08,buy Warhammer,0
2021-07-09,buy Warhammer,0
2021-07-10,buy Warhammer,3
2021-07-11,buy Warhammer,3
2021-07-12,buy Warhammer,0
2021-07-13,buy Warhammer,0
2021-07-14,buy Warhammer,0
2021-07-15,buy Warhammer,0
2021-07-16,buy Warhammer,0
2021-07-17,buy Warhammer,0
2021-07-18,buy Warhammer,0
2021-07-19,buy Warhammer,0
2021-07-20,buy Warhammer,0
2021-07-21,buy Warhammer,0
2021-07-22,buy Warhammer,0
2021-07-23,buy Warhammer,0
2021-07-24,buy Warhammer,0
2021-07-25,buy Warhammer,3
2021-07-26,buy Warhammer,0
2021-07-27,buy Warhammer,0
2021-07-28,buy Warhammer,3
2021-07-29,buy Warhammer,0
2021-07-30,buy Warhammer,0
2021-07-31,buy Warhammer,0
2021-08-01,buy Warhammer,0
2021-08-02,buy Warhammer,0
2021-08-03,buy Warhammer,0
2021-08-04,buy Warhammer,0
2021-08-05,buy Warhammer,0
2021-08-06,buy Warhammer,0
2021-08-07,buy Warhammer,0
2021-08-08,buy Warhammer,0
2021-08-09,buy Warhammer,0
2021-08-10,buy Warhammer,0
2021-08-11,buy Warhammer,0
2021-08-12,buy Warhammer,0
2021-08-13,buy Warhammer,0
2021-08-14,buy Warhammer,3
2021-08-15,buy Warhammer,0
2021-08-16,buy Warhammer,3
2021-08-17,buy Warhammer,0
2021-08-18,buy Warhammer,0
2021-08-19,buy Warhammer,2
2021-08-20,buy Warhammer,2
2021-08-21,buy Warhammer,0
2021-08-22,buy Warhammer,0
2021-08-23,buy Warhammer,0
2021-08-24,buy Warhammer,0
2021-08-25,buy Warhammer,0
2021-08-26,buy Warhammer,0
2021-08-27,buy Warhammer,0
2021-08-28,buy Warhammer,0
2021-08-29,buy Warhammer,0
2021-08-30,buy Warhammer,1
2021-08-31,buy Warhammer,0
2021-09-01,buy Warhammer,0
2021-09-02,buy Warhammer,0
2021-09-03,buy Warhammer,0
2021-09-04,buy Warhammer,0
2021-09-05,buy Warhammer,0
2021-09-06,buy Warhammer,0
2021-09-07,buy Warhammer,0
2021-09-08,buy Warhammer,0
2021-09-09,buy Warhammer,0
2021-09-10,buy Warhammer,0
2021-09-11,buy Warhammer,0
2021-09-12,buy Warhammer,0
2021-09-13,buy Warhammer,0
2021-09-14,buy Warhammer,0
2021-09-15,buy Warhammer,0
2021-09-16,buy Warhammer,1
2021-09-17,buy Warhammer,0
2021-09-18,buy Warhammer,0
2021-09-19,buy Warhammer,0
2021-09-20,buy Warhammer,0
2021-09-21,buy Warhammer,0
2021-09-22,buy Warhammer,0
2021-09-23,buy Warhammer,0
2021-09-24,buy Warhammer,0
2021-09-25,buy Warhammer,0
2021-09-26,buy Warhammer,0
2021-09-27,buy Warhammer,0
2021-09-28,buy Warhammer,0
2021-09-29,buy Warhammer,0
2021-09-30,buy Warhammer,0
2021-10-01,buy Warhammer,0
2021-10-02,buy Warhammer,1
2021-10-03,buy Warhammer,0
2021-10-04,buy Warhammer,0
2021-10-05,buy Warhammer,0
2021-10-06,buy Warhammer,0
2021-10-07,buy Warhammer,0
2021-10-08,buy Warhammer,0
2021-10-09,buy Warhammer,0
2021-10-10,buy Warhammer,0
2021-10-11,buy Warhammer,0
2021-10-12,buy Warhammer,0
2021-10-13,buy Warhammer,0
2021-10-14,buy Warhammer,0
2021-10-15,buy Warhammer,0
2021-10-16,buy Warhammer,0
2021-10-17,buy Warhammer,0
2021-10-18,buy Warhammer,0
2021-10-19,buy Warhammer,0
2021-10-20,buy Warhammer,0
2021-10-21,buy Warhammer,0
2021-10-22,buy Warhammer,0
2021-10-23,buy Warhammer,0
2021-10-24,buy Warhammer,0
2021-10-25,buy Warhammer,0
2021-10-26,buy Warhammer,0
2021-10-27,buy Warhammer,0
2021-10-28,buy Warhammer,0
2021-10-29,buy Warhammer,0
2021-10-30,buy Warhammer,0
2021-10-31,buy Warhammer,0
2021-11-01,buy Warhammer,0
2021-11-02,buy Warhammer,0
2021-11-03,buy Warhammer,0
2021-11-04,buy Warhammer,0
2021-11-05,buy Warhammer,0
2021-11-06,buy Warhammer,0
2021-11-07,buy Warhammer,0
2021-11-08,buy Warhammer,0
2021-11-09,buy Warhammer,0
2021-11-10,buy Warhammer,0
2021-11-11,buy Warhammer,0
2021-11-12,buy Warhammer,1
2021-11-13,buy Warhammer,0
2021-11-14,buy Warhammer,0
2021-11-15,buy Warhammer,0
2021-11-16,buy Warhammer,0
2021-11-17,buy Warhammer,0
2021-11-18,buy Warhammer,0
2021-11-19,buy Warhammer,0
2021-11-20,buy Warhammer,0
2021-11-21,buy Warhammer,0
2021-11-22,buy Warhammer,0
2021-11-23,buy Warhammer,0
2021-11-24,buy Warhammer,0
2021-11-25,buy Warhammer,0
2021-11-26,buy Warhammer,0
2021-11-27,buy Warhammer,0
2021-11-28,buy Warhammer,0
2021-11-29,buy Warhammer,0
2021-11-30,buy Warhammer,0
2021-12-01,buy Warhammer,0
2021-12-02,buy Warhammer,0
2021-12-03,buy Warhammer,1
2021-12-04,buy Warhammer,1
2021-12-05,buy Warhammer,0
2021-12-06,buy Warhammer,0
2021-12-07,buy Warhammer,0
2021-12-08,buy Warhammer,0
2021-12-09,buy Warhammer,0
2021-12-10,buy Warhammer,0
2021-12-11,buy Warhammer,1
2021-12-12,buy Warhammer,0
2021-12-13,buy Warhammer,0
2021-12-14,buy Warhammer,0
2021-12-15,buy Warhammer,0
2021-12-16,buy Warhammer,0
2021-12-17,buy Warhammer,0
2021-12-18,buy Warhammer,0
2021-12-19,buy Warhammer,0
2021-12-20,buy Warhammer,0
2021-12-21,buy Warhammer,0
2021-12-22,buy Warhammer,0
2021-12-23,buy Warhammer,0
2021-12-24,buy Warhammer,0
2021-12-25,buy Warhammer,0
2021-12-26,buy Warhammer,1
2021-12-27,buy Warhammer,0
2021-12-28,buy Warhammer,0
2021-12-29,buy Warhammer,0
2021-12-30,buy Warhammer,0
2021-12-31,buy Warhammer,0
2022-01-01,buy Warhammer,0
2022-01-02,buy Warhammer,1
2022-01-03,buy Warhammer,0
2022-01-04,buy Warhammer,2
2022-01-05,buy Warhammer,0
2022-01-06,buy Warhammer,0
2022-01-07,buy Warhammer,0
2022-01-08,buy Warhammer,0
2022-01-09,buy Warhammer,0
2022-01-10,buy Warhammer,1
2022-01-11,buy Warhammer,1
2022-01-12,buy Warhammer,0
2022-01-13,buy Warhammer,0
2022-01-14,buy Warhammer,0
2022-01-15,buy Warhammer,1
2022-01-16,buy Warhammer,0
2022-01-17,buy Warhammer,0
2022-01-18,buy Warhammer,1
2022-01-19,buy Warhammer,0
2022-01-20,buy Warhammer,0
2022-01-21,buy Warhammer,0
2022-01-22,buy Warhammer,0
2022-01-23,buy Warhammer,0
2022-01-24,buy Warhammer,2
2022-01-25,buy Warhammer,1
2022-01-26,buy Warhammer,1
2022-01-27,buy Warhammer,1
2022-01-28,buy Warhammer,0
2022-01-29,buy Warhammer,0
2022-01-30,buy Warhammer,0
2022-01-31,buy Warhammer,1
2022-02-01,buy Warhammer,1
2022-02-02,buy Warhammer,1
2022-02-03,buy Warhammer,1
2022-02-04,buy Warhammer,0
2022-02-05,buy Warhammer,0
2022-02-06,buy Warhammer,0
2022-02-07,buy Warhammer,0
2022-02-08,buy Warhammer,0
2022-02-09,buy Warhammer,1
2022-02-10,buy Warhammer,0
2022-02-11,buy Warhammer,0
2022-02-12,buy Warhammer,1
2022-02-13,buy Warhammer,1
2022-02-14,buy Warhammer,1
2022-02-15,buy Warhammer,1
2022-02-16,buy Warhammer,1
2022-02-17,buy Warhammer,1
2022-02-18,buy Warhammer,1
2022-02-19,buy Warhammer,2
2022-02-20,buy Warhammer,1
2022-02-21,buy Warhammer,1
2022-02-22,buy Warhammer,1
2022-02-23,buy Warhammer,0
2022-02-24,buy Warhammer,1
2022-02-25,buy Warhammer,0
2022-02-26,buy Warhammer,1
2022-02-27,buy Warhammer,2
2022-02-28,buy Warhammer,0
2022-03-01,buy Warhammer,1
2022-03-02,buy Warhammer,0
2022-03-03,buy Warhammer,2
2022-03-04,buy Warhammer,1
2022-03-05,buy Warhammer,2
2022-03-06,buy Warhammer,0
2022-03-07,buy Warhammer,0
2022-03-08,buy Warhammer,0
2022-03-09,buy Warhammer,1
2022-03-10,buy Warhammer,0
2022-03-11,buy Warhammer,0
2022-03-12,buy Warhammer,1
2022-03-13,buy Warhammer,0
2022-03-14,buy Warhammer,1
2022-03-15,buy Warhammer,1
2022-03-16,buy Warhammer,0
2022-03-17,buy Warhammer,1
2022-03-18,buy Warhammer,0
2022-03-19,buy Warhammer,2
2022-03-20,buy Warhammer,2
2022-03-21,buy Warhammer,0
2022-03-22,buy Warhammer,0
2022-03-23,buy Warhammer,0
2022-03-24,buy Warhammer,1
2022-03-25,buy Warhammer,1
2022-03-26,buy Warhammer,1
2022-03-27,buy Warhammer,1
2022-03-28,buy Warhammer,0
2022-03-29,buy Warhammer,1
2022-03-30,buy Warhammer,1
2022-03-31,buy Warhammer,1
2022-04-01,buy Warhammer,1
2022-04-02,buy Warhammer,1
2022-04-03,buy Warhammer,2
2022-04-04,buy Warhammer,0
2022-04-05,buy Warhammer,0
2022-04-06,buy Warhammer,1
2022-04-07,buy Warhammer,1
2022-04-08,buy Warhammer,1
2022-04-09,buy Warhammer,0
2022-04-10,buy Warhammer,0
2022-04-11,buy Warhammer,0
2022-04-12,buy Warhammer,0
2022-04-13,buy Warhammer,1
2022-04-14,buy Warhammer,1
2022-04-15,buy Warhammer,1
2022-04-16,buy Warhammer,0
2022-04-17,buy Warhammer,0
2022-04-18,buy Warhammer,1
2022-04-19,buy Warhammer,0
2022-04-20,buy Warhammer,1
2022-04-21,buy Warhammer,1
2022-04-22,buy Warhammer,1
2022-04-23,buy Warhammer,0
2022-04-24,buy Warhammer,0
2022-04-25,buy Warhammer,1
2022-04-26,buy Warhammer,1
2022-04-27,buy Warhammer,0
2022-04-28,buy Warhammer,0
2022-04-29,buy Warhammer,0
2022-04-30,buy Warhammer,0
2022-05-01,buy Warhammer,0
2022-05-02,buy Warhammer,0
2022-05-03,buy Warhammer,0
2022-05-04,buy Warhammer,1
2022-05-05,buy Warhammer,0
2022-05-06,buy Warhammer,2
2022-05-07,buy Warhammer,0
2022-05-08,buy Warhammer,0
2022-05-09,buy Warhammer,1
2022-05-10,buy Warhammer,1
2022-05-11,buy Warhammer,1
2022-05-12,buy Warhammer,0
2022-05-13,buy Warhammer,0
2022-05-14,buy Warhammer,2
2022-05-15,buy Warhammer,1
2022-05-16,buy Warhammer,1
2022-05-17,buy Warhammer,0
2022-05-18,buy Warhammer,0
2022-05-19,buy Warhammer,0
2022-05-20,buy Warhammer,0
2022-05-21,buy Warhammer,1
2022-05-22,buy Warhammer,0
2022-05-23,buy Warhammer,0
2022-05-24,buy Warhammer,0
2022-05-25,buy Warhammer,1
2022-05-26,buy Warhammer,0
2022-05-27,buy Warhammer,0
2022-05-28,buy Warhammer,0
2022-05-29,buy Warhammer,0
2022-05-30,buy Warhammer,0
2022-05-31,buy Warhammer,0
2022-06-01,buy Warhammer,0
2022-06-02,buy Warhammer,1
2022-06-03,buy Warhammer,0
2022-06-04,buy Warhammer,1
2022-06-05,buy Warhammer,0
2022-06-06,buy Warhammer,0
2022-06-07,buy Warhammer,0
2022-06-08,buy Warhammer,0
2022-06-09,buy Warhammer,0
2022-06-10,buy Warhammer,0
2022-06-11,buy Warhammer,1
2022-06-12,buy Warhammer,1
2022-06-13,buy Warhammer,0
2022-06-14,buy Warhammer,1
2022-06-15,buy Warhammer,0
2022-06-16,buy Warhammer,1
2022-06-17,buy Warhammer,0
2022-06-18,buy Warhammer,0
2022-06-19,buy Warhammer,0
2022-06-20,buy Warhammer,1
2022-06-21,buy Warhammer,1
2022-06-22,buy Warhammer,0
2022-06-23,buy Warhammer,0
2022-06-24,buy Warhammer,0
2022-06-25,buy Warhammer,0
2022-06-26,buy Warhammer,1
2022-06-27,buy Warhammer,0
2022-06-28,buy Warhammer,0
2022-06-29,buy Warhammer,0
2022-06-30,buy Warhammer,0
2022-07-01,buy Warhammer,0
2022-07-02,buy Warhammer,1
2022-07-03,buy Warhammer,1
2022-07-04,buy Warhammer,0
2022-07-05,buy Warhammer,0
2022-07-06,buy Warhammer,0
2022-07-07,buy Warhammer,0
2022-07-08,buy Warhammer,0
2022-07-09,buy Warhammer,1
2022-07-10,buy Warhammer,0
2022-07-11,buy Warhammer,0
2022-07-12,buy Warhammer,0
2022-07-13,buy Warhammer,0
2022-07-14,buy Warhammer,0
2022-07-15,buy Warhammer,1
2022-07-16,buy Warhammer,2
2022-07-17,buy Warhammer,1
2022-07-18,buy Warhammer,0
2022-07-19,buy Warhammer,1
2022-07-20,buy Warhammer,0
2022-07-21,buy Warhammer,1
2022-07-22,buy Warhammer,0
2022-07-23,buy Warhammer,0
2022-07-24,buy Warhammer,1
2022-07-25,buy Warhammer,1
2022-07-26,buy Warhammer,1
2022-07-27,buy Warhammer,0
2022-07-28,buy Warhammer,0
2022-07-29,buy Warhammer,0
2022-07-30,buy Warhammer,1
2022-07-31,buy Warhammer,1
2022-08-01,buy Warhammer,0
2022-08-02,buy Warhammer,0
2022-08-03,buy Warhammer,0
2022-08-04,buy Warhammer,1
2022-08-05,buy Warhammer,0
2022-08-06,buy Warhammer,1
2022-08-07,buy Warhammer,1
2022-08-08,buy Warhammer,0
2022-08-09,buy Warhammer,0
2022-08-10,buy Warhammer,2
2022-08-11,buy Warhammer,0
2022-08-12,buy Warhammer,0
2022-08-13,buy Warhammer,1
2022-08-14,buy Warhammer,0
2022-08-15,buy Warhammer,0
2022-08-16,buy Warhammer,1
2022-08-17,buy Warhammer,0
2022-08-18,buy Warhammer,1
2022-08-19,buy Warhammer,0
2022-08-20,buy Warhammer,1
2022-08-21,buy Warhammer,0
2022-08-22,buy Warhammer,1
2022-08-23,buy Warhammer,1
2022-08-24,buy Warhammer,0
2022-08-25,buy Warhammer,1
2022-08-26,buy Warhammer,1
2022-08-27,buy Warhammer,1
2022-08-28,buy Warhammer,1
2022-08-29,buy Warhammer,0
2022-08-30,buy Warhammer,0
2022-08-31,buy Warhammer,0
2022-09-01,buy Warhammer,0
2022-09-02,buy Warhammer,0
2022-09-03,buy Warhammer,1
2022-09-04,buy Warhammer,0
2022-09-05,buy Warhammer,0
2022-09-06,buy Warhammer,1
2022-09-07,buy Warhammer,0
2022-09-08,buy Warhammer,1
2022-09-09,buy Warhammer,0
2022-09-10,buy Warhammer,0
2022-09-11,buy Warhammer,1
2022-09-12,buy Warhammer,1
2022-09-13,buy Warhammer,0
2022-09-14,buy Warhammer,1
2022-09-15,buy Warhammer,0
2022-09-16,buy Warhammer,0
2022-09-17,buy Warhammer,0
2022-09-18,buy Warhammer,1
2022-09-19,buy Warhammer,1
2022-09-20,buy Warhammer,1
2022-09-21,buy Warhammer,0
2022-09-22,buy Warhammer,1
2022-09-23,buy Warhammer,0
2022-09-24,buy Warhammer,1
2022-09-25,buy Warhammer,1
2022-09-26,buy Warhammer,0
2022-09-27,buy Warhammer,0
2022-09-28,buy Warhammer,0
2022-09-29,buy Warhammer,1
2022-09-30,buy Warhammer,0
2022-10-01,buy Warhammer,1
2022-10-02,buy Warhammer,1
2022-10-03,buy Warhammer,1
2022-10-04,buy Warhammer,1
2022-10-05,buy Warhammer,0
2022-10-06,buy Warhammer,0
2022-10-07,buy Warhammer,1
2022-10-08,buy Warhammer,1
2022-10-09,buy Warhammer,1
2022-10-10,buy Warhammer,0
2022-10-11,buy Warhammer,0
2022-10-12,buy Warhammer,0
2022-10-13,buy Warhammer,0
2022-10-14,buy Warhammer,0
2022-10-15,buy Warhammer,1
2022-10-16,buy Warhammer,1
2022-10-17,buy Warhammer,0
2022-10-18,buy Warhammer,0
2022-10-19,buy Warhammer,0
2022-10-20,buy Warhammer,0
2022-10-21,buy Warhammer,1
2022-10-22,buy Warhammer,0
2022-10-23,buy Warhammer,1
2022-10-24,buy Warhammer,1
2022-10-25,buy Warhammer,0
2022-10-26,buy Warhammer,0
2022-10-27,buy Warhammer,0
2022-10-28,buy Warhammer,0
2022-10-29,buy Warhammer,0
2022-10-30,buy Warhammer,0
2022-10-31,buy Warhammer,0
2022-11-01,buy Warhammer,0
2022-11-02,buy Warhammer,0
2022-11-03,buy Warhammer,0
2022-11-04,buy Warhammer,0
2022-11-05,buy Warhammer,1
2022-11-06,buy Warhammer,1
2022-11-07,buy Warhammer,0
2022-11-08,buy Warhammer,0
2022-11-09,buy Warhammer,0
2022-11-10,buy Warhammer,0
2022-11-11,buy Warhammer,0
2022-11-12,buy Warhammer,1
2022-11-13,buy Warhammer,1
2022-11-14,buy Warhammer,0
2022-11-15,buy Warhammer,0
2022-11-16,buy Warhammer,0
2022-11-17,buy Warhammer,0
2022-11-18,buy Warhammer,1
2022-11-19,buy Warhammer,1
2022-11-20,buy Warhammer,1
2022-11-21,buy Warhammer,1
2022-11-22,buy Warhammer,0
2022-11-23,buy Warhammer,0
2022-11-24,buy Warhammer,0
2022-11-25,buy Warhammer,1
2022-11-26,buy Warhammer,0
2022-11-27,buy Warhammer,1
2022-11-28,buy Warhammer,1
2022-11-29,buy Warhammer,1
2022-11-30,buy Warhammer,1
2022-12-01,buy Warhammer,0
2022-12-02,buy Warhammer,1
2022-12-03,buy Warhammer,1
2022-12-04,buy Warhammer,0
2022-12-05,buy Warhammer,0
2022-12-06,buy Warhammer,0
2022-12-07,buy Warhammer,0
2022-12-08,buy Warhammer,0
2022-12-09,buy Warhammer,1
2022-12-10,buy Warhammer,0
2022-12-11,buy Warhammer,1
2022-12-12,buy Warhammer,0
2022-12-13,buy Warhammer,0
2022-12-14,buy Warhammer,0
2022-12-15,buy Warhammer,0
2022-12-16,buy Warhammer,1
2022-12-17,buy Warhammer,1
2022-12-18,buy Warhammer,0
2022-12-19,buy Warhammer,1
2022-12-20,buy Warhammer,0
2022-12-21,buy Warhammer,1
2022-12-22,buy Warhammer,1
2022-12-23,buy Warhammer,1
2022-12-24,buy Warhammer,1
2022-12-25,buy Warhammer,1
2022-12-26,buy Warhammer,1
2022-12-27,buy Warhammer,1
2022-12-28,buy Warhammer,1
2022-12-29,buy Warhammer,0
2022-12-30,buy Warhammer,1
2022-12-31,buy Warhammer,1
2023-01-01,buy Warhammer,1
2023-01-02,buy Warhammer,1
2023-01-03,buy Warhammer,1
2023-01-04,buy Warhammer,1
2023-01-05,buy Warhammer,1
2023-01-06,buy Warhammer,0
2023-01-07,buy Warhammer,1
2023-01-08,buy Warhammer,1
2023-01-09,buy Warhammer,1
2023-01-10,buy Warhammer,1
2023-01-11,buy Warhammer,1
2023-01-12,buy Warhammer,0
2023-01-13,buy Warhammer,1
2023-01-14,buy Warhammer,0
2023-01-15,buy Warhammer,1
2023-01-16,buy Warhammer,1
2023-01-17,buy Warhammer,1
2023-01-18,buy Warhammer,0
2023-01-19,buy Warhammer,0
2023-01-20,buy Warhammer,1
2023-01-21,buy Warhammer,0
2023-01-22,buy Warhammer,1
2023-01-23,buy Warhammer,1
2023-01-24,buy Warhammer,0
2023-01-25,buy Warhammer,0
2023-01-26,buy Warhammer,0
2023-01-27,buy Warhammer,1
2023-01-28,buy Warhammer,1
2023-01-29,buy Warhammer,0
2023-01-30,buy Warhammer,0
2023-01-31,buy Warhammer,0
2023-02-01,buy Warhammer,0
2023-02-02,buy Warhammer,0
2023-02-03,buy Warhammer,0
2023-02-04,buy Warhammer,1
2023-02-05,buy Warhammer,0
2023-02-06,buy Warhammer,0
2023-02-07,buy Warhammer,0
2023-02-08,buy Warhammer,0
2023-02-09,buy Warhammer,1
2023-02-10,buy Warhammer,0
2023-02-11,buy Warhammer,1
2023-02-12,buy Warhammer,0
2023-02-13,buy Warhammer,0
2023-02-14,buy Warhammer,0
2023-02-15,buy Warhammer,0
2023-02-16,buy Warhammer,0
2023-02-17,buy Warhammer,1
2023-02-18,buy Warhammer,1
2023-02-19,buy Warhammer,0
2023-02-20,buy Warhammer,1
2023-02-21,buy Warhammer,1
2023-02-22,buy Warhammer,0
2023-02-23,buy Warhammer,0
2023-02-24,buy Warhammer,0
2023-02-25,buy Warhammer,0
2023-02-26,buy Warhammer,1
2023-02-27,buy Warhammer,0
2023-02-28,buy Warhammer,0
2023-03-01,buy Warhammer,1
2023-03-02,buy Warhammer,0
2023-03-03,buy Warhammer,1
2023-03-04,buy Warhammer,1
2023-03-05,buy Warhammer,0
2023-03-06,buy Warhammer,1
2023-03-07,buy Warhammer,0
2023-03-08,buy Warhammer,1
2023-03-09,buy Warhammer,0
2023-03-10,buy Warhammer,1
2023-03-11,buy Warhammer,1
2023-03-12,buy Warhammer,1
2023-03-13,buy Warhammer,1
2023-03-14,buy Warhammer,1
2023-03-15,buy Warhammer,0
2023-03-16,buy Warhammer,1
2023-03-17,buy Warhammer,1
2023-03-18,buy Warhammer,1
2023-03-19,buy Warhammer,1
2023-03-20,buy Warhammer,1
2023-03-21,buy Warhammer,0
2023-03-22,buy Warhammer,0
2023-03-23,buy Warhammer,1
2023-03-24,buy Warhammer,2
2023-03-25,buy Warhammer,0
2023-03-26,buy Warhammer,0
2023-03-27,buy Warhammer,1
2023-03-28,buy Warhammer,0
2023-03-29,buy Warhammer,0
2023-03-30,buy Warhammer,1
2023-03-31,buy Warhammer,1
2023-04-01,buy Warhammer,1
2023-04-02,buy Warhammer,1
2023-04-03,buy Warhammer,1
2023-04-04,buy Warhammer,1
2023-04-05,buy Warhammer,0
2023-04-06,buy Warhammer,1
2023-04-07,buy Warhammer,1
2023-04-08,buy Warhammer,1
2023-04-09,buy Warhammer,2
2023-04-10,buy Warhammer,1
2023-04-11,buy Warhammer,0
2023-04-12,buy Warhammer,1
2023-04-13,buy Warhammer,1
2023-04-14,buy Warhammer,0
2023-04-15,buy Warhammer,0
2023-04-16,buy Warhammer,1
2023-04-17,buy Warhammer,0
2023-04-18,buy Warhammer,0
2023-04-19,buy Warhammer,1
2023-04-20,buy Warhammer,0
2023-04-21,buy Warhammer,1
2023-04-22,buy Warhammer,1
2023-04-23,buy Warhammer,0
2023-04-24,buy Warhammer,1
2023-04-25,buy Warhammer,1
2023-04-26,buy Warhammer,0
2023-04-27,buy Warhammer,0
2023-04-28,buy Warhammer,1
2023-04-29,buy Warhammer,0
2023-04-30,buy Warhammer,1
2023-05-01,buy Warhammer,1
2023-05-02,buy Warhammer,0
2023-05-03,buy Warhammer,0
2023-05-04,buy Warhammer,1
2023-05-05,buy Warhammer,1
2023-05-06,buy Warhammer,0
2023-05-07,buy Warhammer,1
2023-05-08,buy Warhammer,0
2023-05-09,buy Warhammer,0
2023-05-10,buy Warhammer,0
2023-05-11,buy Warhammer,0
2023-05-12,buy Warhammer,1
2023-05-13,buy Warhammer,1
2023-05-14,buy Warhammer,0
2023-05-15,buy Warhammer,0
2023-05-16,buy Warhammer,1
2023-05-17,buy Warhammer,0
2023-05-18,buy Warhammer,1
2023-05-19,buy Warhammer,0
2023-05-20,buy Warhammer,2
2023-05-21,buy Warhammer,1
2023-05-22,buy Warhammer,1
2023-05-23,buy Warhammer,1
2023-05-24,buy Warhammer,1
2023-05-25,buy Warhammer,1
2023-05-26,buy Warhammer,1
2023-05-27,buy Warhammer,1
2023-05-28,buy Warhammer,1
2023-05-29,buy Warhammer,1
2023-05-30,buy Warhammer,1
2023-05-31,buy Warhammer,1
2023-06-01,buy Warhammer,1
2023-06-02,buy Warhammer,0
2023-06-03,buy Warhammer,0
2023-06-04,buy Warhammer,0
2023-06-05,buy Warhammer,1
2023-06-06,buy Warhammer,1
2023-06-07,buy Warhammer,1
2023-06-08,buy Warhammer,1
2023-06-09,buy Warhammer,0
2023-06-10,buy Warhammer,2
2023-06-11,buy Warhammer,1
2023-06-12,buy Warhammer,1
2023-06-13,buy Warhammer,1
2023-06-14,buy Warhammer,1
2023-06-15,buy Warhammer,1
2023-06-16,buy Warhammer,1
2023-06-17,buy Warhammer,1
2023-06-18,buy Warhammer,0
2023-06-19,buy Warhammer,0
2023-06-20,buy Warhammer,1
2023-06-21,buy Warhammer,0
2023-06-22,buy Warhammer,1
2023-06-23,buy Warhammer,0
2023-06-24,buy Warhammer,0
2023-06-25,buy Warhammer,1
2023-06-26,buy Warhammer,1
2023-06-27,buy Warhammer,0
2023-06-28,buy Warhammer,1
2023-06-29,buy Warhammer,0
2023-06-30,buy Warhammer,0
2023-07-01,buy Warhammer,2
2023-07-02,buy Warhammer,1
2023-07-03,buy Warhammer,1
2023-07-04,buy Warhammer,1
2023-07-05,buy Warhammer,1
2023-07-06,buy Warhammer,1
2023-07-07,buy Warhammer,1
2023-07-08,buy Warhammer,1
2023-07-09,buy Warhammer,1
2023-07-10,buy Warhammer,1
2023-07-11,buy Warhammer,0
2023-07-12,buy Warhammer,1
2023-07-13,buy Warhammer,1
2023-07-14,buy Warhammer,1
2023-07-15,buy Warhammer,0
2023-07-16,buy Warhammer,1
2023-07-17,buy Warhammer,0
2023-07-18,buy Warhammer,1
2023-07-19,buy Warhammer,0
2023-07-20,buy Warhammer,1
2023-07-21,buy Warhammer,0
2023-07-22,buy Warhammer,1
2023-07-23,buy Warhammer,1
2023-07-24,buy Warhammer,0
2023-07-25,buy Warhammer,1
2023-07-26,buy Warhammer,1
2023-07-27,buy Warhammer,1
2023-07-28,buy Warhammer,0
2023-07-29,buy Warhammer,1
2023-07-30,buy Warhammer,1
2023-07-31,buy Warhammer,1
2023-08-01,buy Warhammer,1
2023-08-02,buy Warhammer,1
2023-08-03,buy Warhammer,0
2023-08-04,buy Warhammer,1
2023-08-05,buy Warhammer,0
2023-08-06,buy Warhammer,1
2023-08-07,buy Warhammer,1
2023-08-08,buy Warhammer,1
2023-08-09,buy Warhammer,1
2023-08-10,buy Warhammer,0
2023-08-11,buy Warhammer,0
2023-08-12,buy Warhammer,0
2023-08-13,buy Warhammer,2
2023-08-14,buy Warhammer,1
2023-08-15,buy Warhammer,1
2023-08-16,buy Warhammer,0
2023-08-17,buy Warhammer,0
2023-08-18,buy Warhammer,0
2023-08-19,buy Warhammer,1
2023-08-20,buy Warhammer,1
2023-08-21,buy Warhammer,1
2023-08-22,buy Warhammer,1
2023-08-23,buy Warhammer,1
2023-08-24,buy Warhammer,0
2023-08-25,buy Warhammer,0
2023-08-26,buy Warhammer,0
2023-08-27,buy Warhammer,0
2023-08-28,buy Warhammer,1
2023-08-29,buy Warhammer,1
2023-08-30,buy Warhammer,0
2023-08-31,buy Warhammer,1
2023-09-01,buy Warhammer,0
2023-09-02,buy Warhammer,1
2023-09-03,buy Warhammer,0
2023-09-04,buy Warhammer,0
2023-09-05,buy Warhammer,0
2023-09-06,buy Warhammer,0
2023-09-07,buy Warhammer,0
2023-09-08,buy Warhammer,2
2023-09-09,buy Warhammer,1
2023-09-10,buy Warhammer,0
2023-09-11,buy Warhammer,0
2023-09-12,buy Warhammer,0
2023-09-13,buy Warhammer,0
2023-09-14,buy Warhammer,1
2023-09-15,buy Warhammer,1
2023-09-16,buy Warhammer,1
2023-09-17,buy Warhammer,1
2023-09-18,buy Warhammer,1
2023-09-19,buy Warhammer,1
2023-09-20,buy Warhammer,1
2023-09-21,buy Warhammer,0
2023-09-22,buy Warhammer,1
2023-09-23,buy Warhammer,1
2023-09-24,buy Warhammer,1
2023-09-25,buy Warhammer,1
2023-09-26,buy Warhammer,0
2023-09-27,buy Warhammer,0
2023-09-28,buy Warhammer,1
2023-09-29,buy Warhammer,0
2023-09-30,buy Warhammer,0
2023-10-01,buy Warhammer,0
2023-10-02,buy Warhammer,1
2023-10-03,buy Warhammer,1
2023-10-04,buy Warhammer,0
2023-10-05,buy Warhammer,1
2023-10-06,buy Warhammer,1
2023-10-07,buy Warhammer,0
2023-10-08,buy Warhammer,1
2023-10-09,buy Warhammer,1
2023-10-10,buy Warhammer,0
2023-10-11,buy Warhammer,1
2023-10-12,buy Warhammer,0
2023-10-13,buy Warhammer,0
2023-10-14,buy Warhammer,1
2023-10-15,buy Warhammer,2
2023-10-16,buy Warhammer,0
2023-10-17,buy Warhammer,1
2023-10-18,buy Warhammer,0
2023-10-19,buy Warhammer,0
2023-10-20,buy Warhammer,0
2023-10-21,buy Warhammer,1
2023-10-22,buy Warhammer,0
2023-10-23,buy Warhammer,0
2023-10-24,buy Warhammer,1
2023-10-25,buy Warhammer,1
2023-10-26,buy Warhammer,1
2023-10-27,buy Warhammer,0
2023-10-28,buy Warhammer,0
2023-10-29,buy Warhammer,0
2023-10-30,buy Warhammer,1
2023-10-31,buy Warhammer,0
2023-11-01,buy Warhammer,0
2023-11-02,buy Warhammer,0
2023-11-03,buy Warhammer,1
2023-11-04,buy Warhammer,1
2023-11-05,buy Warhammer,0
2023-11-06,buy Warhammer,1
2023-11-07,buy Warhammer,1
2023-11-08,buy Warhammer,0
2023-11-09,buy Warhammer,0
2023-11-10,buy Warhammer,1
2023-11-11,buy Warhammer,1
2023-11-12,buy Warhammer,1
2023-11-13,buy Warhammer,1
2023-11-14,buy Warhammer,0
2023-11-15,buy Warhammer,0
2023-11-16,buy Warhammer,0
2023-11-17,buy Warhammer,1
2023-11-18,buy Warhammer,0
2023-11-19,buy Warhammer,1
2023-11-20,buy Warhammer,1
2023-11-21,buy Warhammer,1
2023-11-22,buy Warhammer,1
2023-11-23,buy Warhammer,1
2023-11-24,buy Warhammer,1
2023-11-25,buy Warhammer,2
2023-11-26,buy Warhammer,2
2023-11-27,buy Warhammer,1
2023-11-28,buy Warhammer,1
2023-11-29,buy Warhammer,1
2023-11-30,buy Warhammer,0
2023-12-01,buy Warhammer,1
2023-12-02,buy Warhammer,2
2023-12-03,buy Warhammer,0
2023-12-04,buy Warhammer,1
2023-12-05,buy Warhammer,0
2023-12-06,buy Warhammer,0
2023-12-07,buy Warhammer,1
2023-12-08,buy Warhammer,1
2023-12-09,buy Warhammer,2
2023-12-10,buy Warhammer,2
2023-12-11,buy Warhammer,1
2023-12-12,buy Warhammer,1
2023-12-13,buy Warhammer,1
2023-12-14,buy Warhammer,0
2023-12-15,buy Warhammer,1
2023-12-16,buy Warhammer,0
2023-12-17,buy Warhammer,1
2023-12-18,buy Warhammer,0
2023-12-19,buy Warhammer,1
2023-12-20,buy Warhammer,1
2023-12-21,buy Warhammer,2
2023-12-22,buy Warhammer,2
2023-12-23,buy Warhammer,2
2023-12-24,buy Warhammer,2
2023-12-25,buy Warhammer,2
2023-12-26,buy Warhammer,2
2023-12-27,buy Warhammer,1
2023-12-28,buy Warhammer,1
2023-12-29,buy Warhammer,0
2023-12-30,buy Warhammer,1
2023-12-31,buy Warhammer,2
2024-01-01,buy Warhammer,2
2024-01-02,buy Warhammer,1
2024-01-03,buy Warhammer,1
2024-01-04,buy Warhammer,1
2024-01-05,buy Warhammer,1
2024-01-06,buy Warhammer,2
2024-01-07,buy Warhammer,0
2024-01-08,buy Warhammer,2
2024-01-09,buy Warhammer,2
2024-01-10,buy Warhammer,1
2024-01-11,buy Warhammer,1
2024-01-12,buy Warhammer,1
2024-01-13,buy Warhammer,2
2024-01-14,buy Warhammer,0
2024-01-15,buy Warhammer,2
2024-01-16,buy Warhammer,0
2024-01-17,buy Warhammer,1
2024-01-18,buy Warhammer,0
2024-01-19,buy Warhammer,1
2024-01-20,buy Warhammer,1
2024-01-21,buy Warhammer,1
2024-01-22,buy Warhammer,2
2024-01-23,buy Warhammer,0
2024-01-24,buy Warhammer,1
2024-01-25,buy Warhammer,0
2024-01-26,buy Warhammer,0
2024-01-27,buy Warhammer,1
2024-01-28,buy Warhammer,1
2024-01-29,buy Warhammer,0
2024-01-30,buy Warhammer,2
2024-01-31,buy Warhammer,0
2024-02-01,buy Warhammer,1
2024-02-02,buy Warhammer,1
2024-02-03,buy Warhammer,0
2024-02-04,buy Warhammer,1
2024-02-05,buy Warhammer,1
2024-02-06,buy Warhammer,1
2024-02-07,buy Warhammer,0
2024-02-08,buy Warhammer,2
2024-02-09,buy Warhammer,0
2024-02-10,buy Warhammer,2
2024-02-11,buy Warhammer,0
2024-02-12,buy Warhammer,0
2024-02-13,buy Warhammer,0
2024-02-14,buy Warhammer,0
2024-02-15,buy Warhammer,1
2024-02-16,buy Warhammer,0
2024-02-17,buy Warhammer,2
2024-02-18,buy Warhammer,2
2024-02-19,buy Warhammer,1
2024-02-20,buy Warhammer,1
2024-02-21,buy Warhammer,0
2024-02-22,buy Warhammer,0
2024-02-23,buy Warhammer,2
2024-02-24,buy Warhammer,0
2024-02-25,buy Warhammer,0
2024-02-26,buy Warhammer,1
2024-02-27,buy Warhammer,0
2024-02-28,buy Warhammer,0
2024-02-29,buy Warhammer,1
2024-03-01,buy Warhammer,1
2024-03-02,buy Warhammer,0
2024-03-03,buy Warhammer,2
2024-03-04,buy Warhammer,1
2024-03-05,buy Warhammer,0
2024-03-06,buy Warhammer,0
2024-03-07,buy Warhammer,0
2024-03-08,buy Warhammer,0
2024-03-09,buy Warhammer,1
2024-03-10,buy Warhammer,2
2024-03-11,buy Warhammer,1
2024-03-12,buy Warhammer,1
2024-03-13,buy Warhammer,1
2024-03-14,buy Warhammer,2
2024-03-15,buy Warhammer,1
2024-03-16,buy Warhammer,2
2024-03-17,buy Warhammer,0
2024-03-18,buy Warhammer,0
2024-03-19,buy Warhammer,1
2024-03-20,buy Warhammer,1
2024-03-21,buy Warhammer,0
2024-03-22,buy Warhammer,1
2024-03-23,buy Warhammer,1
2024-03-24,buy Warhammer,1
2024-03-25,buy Warhammer,0
2024-03-26,buy Warhammer,1
2024-03-27,buy Warhammer,1
2024-03-28,buy Warhammer,1
2024-03-29,buy Warhammer,1
2024-03-30,buy Warhammer,0
2024-03-31,buy Warhammer,2
2024-04-01,buy Warhammer,0
2024-04-02,buy Warhammer,1
2024-04-03,buy Warhammer,0
2024-04-04,buy Warhammer,1
2024-04-05,buy Warhammer,0
2024-04-06,buy Warhammer,2
2024-04-07,buy Warhammer,0
2024-04-08,buy Warhammer,0
2024-04-09,buy Warhammer,1
2024-04-10,buy Warhammer,0
2024-04-11,buy Warhammer,0
2024-04-12,buy Warhammer,0
2024-04-13,buy Warhammer,2
2024-04-14,buy Warhammer,0
2024-04-15,buy Warhammer,1
2024-04-16,buy Warhammer,0
2024-04-17,buy Warhammer,1
2024-04-18,buy Warhammer,1
2024-04-19,buy Warhammer,3
2024-04-20,buy Warhammer,2
2024-04-21,buy Warhammer,0
2024-04-22,buy Warhammer,1
2024-04-23,buy Warhammer,1
2024-04-24,buy Warhammer,0
2024-04-25,buy Warhammer,0
2024-04-26,buy Warhammer,0
2024-04-27,buy Warhammer,2
2024-04-28,buy Warhammer,0
2024-04-29,buy Warhammer,1
2024-04-30,buy Warhammer,2
2024-05-01,buy Warhammer,0
2024-05-02,buy Warhammer,1
2024-05-03,buy Warhammer,1
2024-05-04,buy Warhammer,1
2024-05-05,buy Warhammer,1
2024-05-06,buy Warhammer,1
2024-05-07,buy Warhammer,2
2024-05-08,buy Warhammer,1
2024-05-09,buy Warhammer,2
2024-05-10,buy Warhammer,0
2024-05-11,buy Warhammer,1
2024-05-12,buy Warhammer,2
2024-05-13,buy Warhammer,0
2024-05-14,buy Warhammer,0
2024-05-15,buy Warhammer,0
2024-05-16,buy Warhammer,1
2024-05-17,buy Warhammer,1
2024-05-18,buy Warhammer,2
2024-05-19,buy Warhammer,0
2024-05-20,buy Warhammer,0
2024-05-21,buy Warhammer,0
2024-05-22,buy Warhammer,0
2024-05-23,buy Warhammer,1
2024-05-24,buy Warhammer,1
2024-05-25,buy Warhammer,3
2024-05-26,buy Warhammer,0
2024-05-27,buy Warhammer,2
2024-05-28,buy Warhammer,0
2024-05-29,buy Warhammer,0
2024-05-30,buy Warhammer,2
2024-05-31,buy Warhammer,0
2024-06-01,buy Warhammer,2
2024-06-02,buy Warhammer,1
2024-06-03,buy Warhammer,0
2024-06-04,buy Warhammer,1
2024-06-05,buy Warhammer,1
2024-06-06,buy Warhammer,1
2024-06-07,buy Warhammer,0
2024-06-08,buy Warhammer,2
2024-06-09,buy Warhammer,2
2024-06-10,buy Warhammer,0
2024-06-11,buy Warhammer,1
2024-06-12,buy Warhammer,0
2024-06-13,buy Warhammer,1
2024-06-14,buy Warhammer,0
2024-06-15,buy Warhammer,2
2024-06-16,buy Warhammer,0
2024-06-17,buy Warhammer,2
2024-06-18,buy Warhammer,0
2024-06-19,buy Warhammer,0
2024-06-20,buy Warhammer,0
2024-06-21,buy Warhammer,0
2024-06-22,buy Warhammer,2
2024-06-23,buy Warhammer,0
2024-06-24,buy Warhammer,1
2024-06-25,buy Warhammer,1
2024-06-26,buy Warhammer,1
2024-06-27,buy Warhammer,0
2024-06-28,buy Warhammer,2
2024-06-29,buy Warhammer,2
2024-06-30,buy Warhammer,0
2024-07-01,buy Warhammer,0
2024-07-02,buy Warhammer,0
2024-07-03,buy Warhammer,1
2024-07-04,buy Warhammer,0
2024-07-05,buy Warhammer,2
2024-07-06,buy Warhammer,2
2024-07-07,buy Warhammer,2
2024-07-08,buy Warhammer,0
2024-07-09,buy Warhammer,1
2024-07-10,buy Warhammer,1
2024-07-11,buy Warhammer,1
2024-07-12,buy Warhammer,0
2024-07-13,buy Warhammer,0
2024-07-14,buy Warhammer,0
2024-07-15,buy Warhammer,0
2024-07-16,buy Warhammer,1
2024-07-17,buy Warhammer,2
2024-07-18,buy Warhammer,0
2024-07-19,buy Warhammer,0
2024-07-20,buy Warhammer,0
2024-07-21,buy Warhammer,1
2024-07-22,buy Warhammer,0
2024-07-23,buy Warhammer,0
2024-07-24,buy Warhammer,0
2024-07-25,buy Warhammer,1
2024-07-26,buy Warhammer,2
2024-07-27,buy Warhammer,1
2024-07-28,buy Warhammer,0
2024-07-29,buy Warhammer,1
2024-07-30,buy Warhammer,1
2024-07-31,buy Warhammer,0
2024-08-01,buy Warhammer,0
2024-08-02,buy Warhammer,1
2024-08-03,buy Warhammer,0
2024-08-04,buy Warhammer,1
2024-08-05,buy Warhammer,1
2024-08-06,buy Warhammer,0
2024-08-07,buy Warhammer,0
2024-08-08,buy Warhammer,0
2024-08-09,buy Warhammer,0
2024-08-10,buy Warhammer,0
2024-08-11,buy Warhammer,0
2024-08-12,buy Warhammer,0
2024-08-13,buy Warhammer,0
2024-08-14,buy Warhammer,0
2024-08-15,buy Warhammer,0
2024-08-16,buy Warhammer,0
2024-08-17,buy Warhammer,0
2024-08-18,buy Warhammer,0
2024-08-19,buy Warhammer,0
2024-08-20,buy Warhammer,0
2024-08-21,buy Warhammer,0
2024-08-22,buy Warhammer,0
2024-08-23,buy Warhammer,0
2024-08-24,buy Warhammer,0
2024-08-25,buy Warhammer,0
2024-08-26,buy Warhammer,0
2024-08-27,buy Warhammer,0
2024-08-28,buy Warhammer,0
2024-08-29,buy Warhammer,0
2024-08-30,buy Warhammer,0
2024-08-31,buy Warhammer,1
2024-09-01,buy Warhammer,0
2024-09-02,buy Warhammer,0
2024-09-03,buy Warhammer,0
2024-09-04,buy Warhammer,0
2024-09-05,buy Warhammer,1
2024-09-06,buy Warhammer,1
2024-09-07,buy Warhammer,1
2024-09-08,buy Warhammer,1
2024-09-09,buy Warhammer,1
2024-09-10,buy Warhammer,1
2024-09-11,buy Warhammer,1
2024-09-12,buy Warhammer,1
2024-09-13,buy Warhammer,1
2024-09-14,buy Warhammer,1
2024-09-15,buy Warhammer,1
2024-09-16,buy Warhammer,1
2024-09-17,buy Warhammer,1
2024-09-18,buy Warhammer,1
2024-09-19,buy Warhammer,1
2024-09-20,buy Warhammer,1
2024-09-21,buy Warhammer,1
2024-09-22,buy Warhammer,1
2024-09-23,buy Warhammer,1
2024-09-24,buy Warhammer,1
2024-09-25,buy Warhammer,1
2024-09-26,buy Warhammer,1
2024-09-27,buy Warhammer,1
2024-09-28,buy Warhammer,1
2024-09-29,buy Warhammer,1
2024-09-30,buy Warhammer,1
2024-10-01,buy Warhammer,1
2024-10-02,buy Warhammer,0
2024-10-03,buy Warhammer,1
2024-10-04,buy Warhammer,1
2024-10-05,buy Warhammer,1
2024-10-06,buy Warhammer,1
2024-10-07,buy Warhammer,1
2024-10-08,buy Warhammer,1
2024-10-09,buy Warhammer,1
2024-10-10,buy Warhammer,1
2024-10-11,buy Warhammer,1
2024-10-12,buy Warhammer,1
2024-10-13,buy Warhammer,1
2024-10-14,buy Warhammer,0
2024-10-15,buy Warhammer,0
2024-10-16,buy Warhammer,1
2024-10-17,buy Warhammer,1
2024-10-18,buy Warhammer,1
2024-10-19,buy Warhammer,1
2024-10-20,buy Warhammer,0
2024-10-21,buy Warhammer,0
2024-10-22,buy Warhammer,0
2024-10-23,buy Warhammer,1
2024-10-24,buy Warhammer,1
2024-10-25,buy Warhammer,1
2024-10-26,buy Warhammer,1
2024-10-27,buy Warhammer,1
2024-10-28,buy Warhammer,1
2024-10-29,buy Warhammer,0
2024-10-30,buy Warhammer,0
2024-10-31,buy Warhammer,0
2024-11-01,buy Warhammer,0
2024-11-02,buy Warhammer,1
2024-11-03,buy Warhammer,1
2024-11-04,buy Warhammer,0
2024-11-05,buy Warhammer,0
2024-11-06,buy Warhammer,0
2024-11-07,buy Warhammer,0
2024-11-08,buy Warhammer,0
2024-11-09,buy Warhammer,0
2024-11-10,buy Warhammer,1
2024-11-11,buy Warhammer,0
2024-11-12,buy Warhammer,0
2024-11-13,buy Warhammer,0
2024-11-14,buy Warhammer,0
2024-11-15,buy Warhammer,1
2024-11-16,buy Warhammer,1
2024-11-17,buy Warhammer,0
2024-11-18,buy Warhammer,0
2024-11-19,buy Warhammer,0
2024-11-20,buy Warhammer,0
2024-11-21,buy Warhammer,0
2024-11-22,buy Warhammer,1
2024-11-23,buy Warhammer,0
2024-11-24,buy Warhammer,1
2024-11-25,buy Warhammer,1
2024-11-26,buy Warhammer,0
2024-11-27,buy Warhammer,1
2024-11-28,buy Warhammer,0
2024-11-29,buy Warhammer,1
2024-11-30,buy Warhammer,0
2024-12-01,buy Warhammer,1
2024-12-02,buy Warhammer,1
2024-12-03,buy Warhammer,1
2024-12-04,buy Warhammer,1
2024-12-05,buy Warhammer,0
2024-12-06,buy Warhammer,0
2024-12-07,buy Warhammer,1
2024-12-08,buy Warhammer,1
2024-12-09,buy Warhammer,0
2024-12-10,buy Warhammer,1
2024-12-11,buy Warhammer,1
2024-12-12,buy Warhammer,1
2024-12-13,buy Warhammer,1
2024-12-14,buy Warhammer,1
2024-12-15,buy Warhammer,0
2024-12-16,buy Warhammer,0
2024-12-17,buy Warhammer,0
2024-12-18,buy Warhammer,1
2024-12-19,buy Warhammer,1
2024-12-20,buy Warhammer,1
2024-12-21,buy Warhammer,1
2024-12-22,buy Warhammer,1
2024-12-23,buy Warhammer,1
2024-12-24,buy Warhammer,1
2024-12-25,buy Warhammer,1
2024-12-26,buy Warhammer,1
2024-12-27,buy Warhammer,1
2024-12-28,buy Warhammer,1
2024-12-29,buy Warhammer,1
2024-12-30,buy Warhammer,1
2024-12-31,buy Warhammer,1
2025-01-01,buy Warhammer,1
2025-01-02,buy Warhammer,0
2025-01-03,buy Warhammer,1
2025-01-04,buy Warhammer,1
2025-01-05,buy Warhammer,1
2025-01-06,buy Warhammer,1
2025-01-07,buy Warhammer,1
2025-01-08,buy Warhammer,0
2025-01-09,buy Warhammer,0
2025-01-10,buy Warhammer,0
2025-01-11,buy Warhammer,1
2025-01-12,buy Warhammer,1
2025-01-13,buy Warhammer,0
2025-01-14,buy Warhammer,0
2025-01-15,buy Warhammer,0
2025-01-16,buy Warhammer,1
2025-01-17,buy Warhammer,1
2025-01-18,buy Warhammer,1
2025-01-19,buy Warhammer,1
2025-01-20,buy Warhammer,1
2025-01-21,buy Warhammer,0
2025-01-22,buy Warhammer,0
2025-01-23,buy Warhammer,0
2025-01-24,buy Warhammer,1
2025-01-25,buy Warhammer,0
2025-01-26,buy Warhammer,1
2025-01-27,buy Warhammer,0
2025-01-28,buy Warhammer,0
2025-01-29,buy Warhammer,0
2025-01-30,buy Warhammer,0
2025-01-31,buy Warhammer,0
2025-02-01,buy Warhammer,0
2025-02-02,buy Warhammer,1
2025-02-03,buy Warhammer,1
2025-02-04,buy Warhammer,2
2025-02-05,buy Warhammer,0
2025-02-06,buy Warhammer,1
2025-02-07,buy Warhammer,0
2025-02-08,buy Warhammer,1
2025-02-09,buy Warhammer,2
2025-02-10,buy Warhammer,2
2025-02-11,buy Warhammer,1
2025-02-12,buy Warhammer,1
2025-02-13,buy Warhammer,1
2025-02-14,buy Warhammer,1
2025-02-15,buy Warhammer,1
2025-02-16,buy Warhammer,1
2025-02-17,buy Warhammer,1
2025-02-18,buy Warhammer,1
2025-02-19,buy Warhammer,0
2025-02-20,buy Warhammer,2
2025-02-21,buy Warhammer,2
2025-02-22,buy Warhammer,1
2025-02-23,buy Warhammer,1
2025-02-24,buy Warhammer,3
2025-02-25,buy Warhammer,1
2025-02-26,buy Warhammer,0
2025-02-27,buy Warhammer,1
2025-02-28,buy Warhammer,1
2025-03-01,buy Warhammer,1
2025-03-02,buy Warhammer,1
2025-03-03,buy Warhammer,0
2025-03-04,buy Warhammer,0
2025-03-05,buy Warhammer,0
2025-03-06,buy Warhammer,1
2025-03-07,buy Warhammer,0
2025-03-08,buy Warhammer,2
2025-03-09,buy Warhammer,2
2025-03-10,buy Warhammer,0
2025-03-11,buy Warhammer,1
2025-03-12,buy Warhammer,1
2025-03-13,buy Warhammer,1
2025-03-14,buy Warhammer,1
2025-03-15,buy Warhammer,1
2025-03-16,buy Warhammer,2
2025-03-17,buy Warhammer,1
2025-03-18,buy Warhammer,1
2025-03-19,buy Warhammer,1
2025-03-20,buy Warhammer,0
2025-03-21,buy Warhammer,0
2025-03-22,buy Warhammer,0
2025-03-23,buy Warhammer,3
2025-03-24,buy Warhammer,1
2025-03-25,buy Warhammer,1
2025-03-26,buy Warhammer,0
2025-03-27,buy Warhammer,1
2025-03-28,buy Warhammer,1
2025-03-29,buy Warhammer,2
2025-03-30,buy Warhammer,0
2025-03-31,buy Warhammer,0
2025-04-01,buy Warhammer,1
2025-04-02,buy Warhammer,1
2025-04-03,buy Warhammer,1
2025-04-04,buy Warhammer,0
2025-04-05,buy Warhammer,0
2025-04-06,buy Warhammer,2
2025-04-07,buy Warhammer,2
2025-04-08,buy Warhammer,1
2025-04-09,buy Warhammer,1
2025-04-10,buy Warhammer,0
2025-04-11,buy Warhammer,1
2025-04-12,buy Warhammer,1
2025-04-13,buy Warhammer,1
2025-04-14,buy Warhammer,1
2025-04-15,buy Warhammer,1
2025-04-16,buy Warhammer,1
2025-04-17,buy Warhammer,1
2025-04-18,buy Warhammer,1
2025-04-19,buy Warhammer,1
2025-04-20,buy Warhammer,1
2025-04-21,buy Warhammer,1
2025-04-22,buy Warhammer,1
2025-04-23,buy Warhammer,1
2025-04-24,buy Warhammer,0
2025-04-25,buy Warhammer,0
2025-04-26,buy Warhammer,2
2025-04-27,buy Warhammer,2
2025-04-28,buy Warhammer,1
2025-04-29,buy Warhammer,0
2025-04-30,buy Warhammer,0
2025-05-01,buy Warhammer,0
2025-05-02,buy Warhammer,2
2025-05-03,buy Warhammer,0
2025-05-04,buy Warhammer,0
2025-05-05,buy Warhammer,0
2025-05-06,buy Warhammer,1
2025-05-07,buy Warhammer,0
2025-05-08,buy Warhammer,1
2025-05-09,buy Warhammer,1
2025-05-10,buy Warhammer,2
2025-05-11,buy Warhammer,1
2025-05-12,buy Warhammer,0
2025-05-13,buy Warhammer,0
2025-05-14,buy Warhammer,1
2025-05-15,buy Warhammer,1
2025-05-16,buy Warhammer,0
2025-05-17,buy Warhammer,0
2025-05-18,buy Warhammer,2
2025-05-19,buy Warhammer,1
2025-05-20,buy Warhammer,0
2025-05-21,buy Warhammer,0
2025-05-22,buy Warhammer,1
2025-05-23,buy Warhammer,2
2025-05-24,buy Warhammer,2
2025-05-25,buy Warhammer,2
2025-05-26,buy Warhammer,0
2025-05-27,buy Warhammer,1
2025-05-28,buy Warhammer,1
2025-05-29,buy Warhammer,0
2025-05-30,buy Warhammer,2
2025-05-31,buy Warhammer,1
2025-06-01,buy Warhammer,0
2025-06-02,buy Warhammer,1
2025-06-03,buy Warhammer,1
2025-06-04,buy Warhammer,1
2025-06-05,buy Warhammer,1
2025-06-06,buy Warhammer,0
2025-06-07,buy Warhammer,0
2025-06-08,buy Warhammer,2
2025-06-09,buy Warhammer,1
2025-06-10,buy Warhammer,1
2025-06-11,buy Warhammer,0
2025-06-12,buy Warhammer,1
2025-06-13,buy Warhammer,1
2025-06-14,buy Warhammer,1
2025-06-15,buy Warhammer,1
2025-06-16,buy Warhammer,1
2025-06-17,buy Warhammer,1
2025-06-18,buy Warhammer,1
2025-06-19,buy Warhammer,2
2025-06-20,buy Warhammer,0
2025-06-21,buy Warhammer,1
2025-06-22,buy Warhammer,1
2025-06-23,buy Warhammer,1
2025-06-24,buy Warhammer,1
2025-06-25,buy Warhammer,1
2025-06-26,buy Warhammer,1
2025-06-27,buy Warhammer,1
2025-06-28,buy Warhammer,1
2025-06-29,buy Warhammer,2
2025-06-30,buy Warhammer,2
2025-07-01,buy Warhammer,2
2025-07-02,buy Warhammer,2
2025-07-03,buy Warhammer,0
2025-07-04,buy Warhammer,1
2025-07-05,buy Warhammer,3
2025-07-06,buy Warhammer,2
2025-07-07,buy Warhammer,1
2025-07-08,buy Warhammer,2
2025-07-09,buy Warhammer,1
2025-07-10,buy Warhammer,1
2025-07-11,buy Warhammer,2
2025-07-12,buy Warhammer,3
2025-07-13,buy Warhammer,1
2025-07-14,buy Warhammer,1
2025-07-15,buy Warhammer,1
2025-07-16,buy Warhammer,0
2025-07-17,buy Warhammer,1
2025-07-18,buy Warhammer,1
2025-07-19,buy Warhammer,2
2025-07-20,buy Warhammer,0
2025-07-21,buy Warhammer,2
2025-07-22,buy Warhammer,0
2025-07-23,buy Warhammer,1
2025-07-24,buy Warhammer,1
2025-07-25,buy Warhammer,1
2025-07-26,buy Warhammer,2
2025-07-27,buy Warhammer,3
2025-07-28,buy Warhammer,1
2025-07-29,buy Warhammer,2
2025-07-30,buy Warhammer,2
2025-07-31,buy Warhammer,2
2025-08-01,buy Warhammer,1
2025-08-02,buy Warhammer,1
2025-08-03,buy Warhammer,1
2025-08-04,buy Warhammer,1
2025-08-05,buy Warhammer,1
2025-08-06,buy Warhammer,1
2025-08-07,buy Warhammer,1
2025-08-08,buy Warhammer,1
2025-08-09,buy Warhammer,2
2025-08-10,buy Warhammer,2
2025-08-11,buy Warhammer,1
2025-08-12,buy Warhammer,2
2025-08-13,buy Warhammer,1
2025-08-14,buy Warhammer,1
2025-08-15,buy Warhammer,1
2025-08-16,buy Warhammer,2
2025-08-17,buy Warhammer,2
2025-08-18,buy Warhammer,1
2025-08-19,buy Warhammer,1
2025-08-20,buy Warhammer,1
2025-08-21,buy Warhammer,1
2025-08-22,buy Warhammer,1
2025-08-23,buy Warhammer,1
2025-08-24,buy Warhammer,2
2025-08-25,buy Warhammer,1
2025-08-26,buy Warhammer,1
2025-08-27,buy Warhammer,1
2025-08-28,buy Warhammer,1
2025-08-29,buy Warhammer,2
2025-08-30,buy Warhammer,2
2025-08-31,buy Warhammer,2
2025-09-01,buy Warhammer,1
2025-09-02,buy Warhammer,1
2025-09-03,buy Warhammer,1
2025-09-04,buy Warhammer,1
2025-09-05,buy Warhammer,1
2025-09-06,buy Warhammer,2
2025-09-07,buy Warhammer,1
2025-09-08,buy Warhammer,1
2025-09-09,buy Warhammer,1
2025-09-10,buy Warhammer,1
2025-09-11,buy Warhammer,1
2025-09-12,buy Warhammer,1
2025-09-13,buy Warhammer,1
2025-09-14,buy Warhammer,1
2025-09-15,buy Warhammer,1
2025-09-16,buy Warhammer,1
2025-09-17,buy Warhammer,1
2025-09-18,buy Warhammer,1
2025-09-19,buy Warhammer,1
2025-09-20,buy Warhammer,1
2025-09-21,buy Warhammer,1
2025-09-22,buy Warhammer,1
2025-09-23,buy Warhammer,1
2025-09-24,buy Warhammer,1
2025-09-25,buy Warhammer,1
2025-09-26,buy Warhammer,1
2025-09-27,buy Warhammer,1
2025-09-28,buy Warhammer,1
2025-09-29,buy Warhammer,1
2025-09-30,buy Warhammer,1
2025-10-01,buy Warhammer,1
2025-10-02,buy Warhammer,1
2025-10-03,buy Warhammer,1
2025-10-04,buy Warhammer,1
2025-10-05,buy Warhammer,1
2025-10-06,buy Warhammer,1
2025-10-07,buy Warhammer,1
2025-10-08,buy Warhammer,1
2025-10-09,buy Warhammer,1
2025-10-10,buy Warhammer,1
2025-10-11,buy Warhammer,1
2025-10-12,buy Warhammer,1
2025-10-13,buy Warhammer,1
2025-10-14,buy Warhammer,1
2025-10-15,buy Warhammer,1
2025-10-16,buy Warhammer,1
2025-10-17,buy Warhammer,1
2025-10-18,buy Warhammer,1
2025-10-19,buy Warhammer,1
2025-10-20,buy Warhammer,1
2025-10-21,buy Warhammer,1
2025-10-22,buy Warhammer,1
2025-10-23,buy Warhammer,1
2025-10-24,buy Warhammer,1
2025-10-25,buy Warhammer,1
2025-10-26,buy Warhammer,1
2025-10-27,buy Warhammer,1
2025-10-28,buy Warhammer,1
2025-10-29,buy Warhammer,1
2025-10-30,buy Warhammer,0
2025-10-31,buy Warhammer,1
2025-11-01,buy Warhammer,1
2025-11-02,buy Warhammer,1
2025-11-03,buy Warhammer,1
2025-11-04,buy Warhammer,1
2025-11-05,buy Warhammer,1
2025-11-06,buy Warhammer,1
2025-11-07,buy Warhammer,1
2025-11-08,buy Warhammer,1
2025-11-09,buy Warhammer,1
2025-11-10,buy Warhammer,1
2025-11-11,buy Warhammer,1
2025-11-12,buy Warhammer,1
2025-11-13,buy Warhammer,2
2025-11-14,buy Warhammer,1
2025-11-15,buy Warhammer,1
2025-11-16,buy Warhammer,1
2025-11-17,buy Warhammer,1
2025-11-18,buy Warhammer,1
2025-11-19,buy Warhammer,1
2025-11-20,buy Warhammer,1
2025-11-21,buy Warhammer,1
2025-11-22,buy Warhammer,1
2025-11-23,buy Warhammer,2
2025-11-24,buy Warhammer,1
2025-11-25,buy Warhammer,1
2025-11-26,buy Warhammer,2
2025-11-27,buy Warhammer,2
2025-11-28,buy Warhammer,3
2025-11-29,buy Warhammer,3
2025-11-30,buy Warhammer,3
2025-12-01,buy Warhammer,3
2025-12-02,buy Warhammer,2
2025-12-03,buy Warhammer,2
2025-12-04,buy Warhammer,2
2025-12-05,buy Warhammer,3
2025-12-06,buy Warhammer,3
2025-12-07,buy Warhammer,2
2025-12-08,buy Warhammer,2
2025-12-09,buy Warhammer,2
2025-12-10,buy Warhammer,2
2025-12-11,buy Warhammer,2
2025-12-12,buy Warhammer,2
2025-12-13,buy Warhammer,2
2025-12-14,buy Warhammer,2
2025-12-15,buy Warhammer,2
2025-12-16,buy Warhammer,2
2025-12-17,buy Warhammer,2
2025-12-18,buy Warhammer,2
2025-12-19,buy Warhammer,2
2025-12-20,buy Warhammer,3
2025-12-21,buy Warhammer,2
2025-12-22,buy Warhammer,2
2025-12-23,buy Warhammer,2
2025-12-24,buy Warhammer,2
2025-12-25,buy Warhammer,2
2025-12-26,buy Warhammer,2
2025-12-27,buy Warhammer,2
2025-12-28,buy Warhammer,3
2025-12-29,buy Warhammer,2
2025-12-30,buy Warhammer,2
2025-12-31,buy Warhammer,2
2026-01-01,buy Warhammer,2
2026-01-02,buy Warhammer,2
2026-01-03,buy Warhammer,2
2026-01-04,buy Warhammer,2
2026-01-05,buy Warhammer,1
2026-01-06,buy Warhammer,1
2026-01-07,buy Warhammer,1
2026-01-08,buy Warhammer,1
2026-01-09,buy Warhammer,1
2026-01-10,buy Warhammer,2
2026-01-11,buy Warhammer,2
2026-01-12,buy Warhammer,2
2026-01-13,buy Warhammer,1
2026-01-14,buy Warhammer,2
2026-01-15,buy Warhammer,1
2026-01-16,buy Warhammer,2
2026-01-17,buy Warhammer,2
2026-01-18,buy Warhammer,3
2026-01-19,buy Warhammer,1
2026-01-20,buy Warhammer,2
2026-01-21,buy Warhammer,1
2026-01-22,buy Warhammer,2
2026-01-23,buy Warhammer,2
2026-01-24,buy Warhammer,2
2026-01-25,buy Warhammer,2
2026-01-26,buy Warhammer,2
2026-01-27,buy Warhammer,1
2026-01-28,buy Warhammer,1
2026-02-22,buy Warhammer,2
